fluo_flbb,bb700,cdom,echov1,time,date,fluo_440,fluo_470,fluo_532,echo3x
49,50,50,520,13H 0M 1S,12-07-20,50,50,50,525
49,50,50,520,13H 0M 2S,12-07-20,50,50,50,525
49,50,50,520,13H 0M 3S,12-07-20,50,50,50,525
49,50,50,520,13H 0M 4S,12-07-20,50,50,50,525
49,50,50,520,13H 0M 5S,12-07-20,50,50,50,525
49,50,50,520,13H 0M 6S,12-07-20,50,50,50,525
49,50,50,520,13H 0M 7S,12-07-20,50,50,50,524
49,50,50,520,13H 0M 8S,12-07-20,50,50,50,525
49,50,50,520,13H 0M 9S,12-07-20,50,50,50,524
49,50,50,520,13H 0M 10S,12-07-20,50,50,50,524
49,50,50,520,13H 0M 11S,12-07-20,50,50,50,524
49,50,50,520,13H 0M 12S,12-07-20,50,50,50,524
49,50,50,520,13H 0M 13S,12-07-20,50,50,50,524
49,50,50,520,13H 0M 14S,12-07-20,50,50,50,524
49,50,50,520,13H 0M 15S,12-07-20,50,50,50,524
49,50,50,520,13H 0M 16S,12-07-20,50,50,50,524
49,50,50,520,13H 0M 17S,12-07-20,50,50,50,524
49,50,50,520,13H 0M 18S,12-07-20,50,50,50,524
49,50,50,520,13H 0M 19S,12-07-20,50,50,50,524
49,50,50,520,13H 0M 20S,12-07-20,50,50,50,524
49,50,50,520,13H 0M 21S,12-07-20,50,50,50,524
49,50,50,520,13H 0M 22S,12-07-20,50,50,50,524
49,50,50,520,13H 0M 23S,12-07-20,50,50,50,524
49,50,50,520,13H 0M 24S,12-07-20,50,50,50,524
50,53,50,520,13H 0M 25S,12-07-20,50,50,50,524
46,31,50,520,13H 0M 26S,12-07-20,50,50,50,524
89,46,50,520,13H 0M 27S,12-07-20,50,50,50,524
40,-87,50,520,13H 0M 28S,12-07-20,50,50,50,524
117,800,16,520,13H 0M 29S,12-07-20,114,90,43,524
50,146,117,519,13H 0M 30S,12-07-20,159,57,-35,524
71,89,54,520,13H 0M 31S,12-07-20,33,34,59,524
39,134,50,520,13H 0M 32S,12-07-20,53,50,22,524
46,136,50,519,13H 0M 33S,12-07-20,-18,50,62,524
49,134,50,519,13H 0M 34S,12-07-20,44,50,39,524
50,126,50,519,13H 0M 35S,12-07-20,57,52,50,524
51,123,52,520,13H 0M 37S,12-07-20,53,56,51,524
50,136,58,519,13H 0M 38S,12-07-20,38,60,61,524
50,135,59,519,13H 0M 39S,12-07-20,45,52,54,524
51,135,39,520,13H 0M 40S,12-07-20,53,56,37,524
49,131,57,520,13H 0M 41S,12-07-20,40,50,73,524
49,128,78,519,13H 0M 42S,12-07-20,47,53,50,524
48,124,56,519,13H 0M 43S,12-07-20,47,58,45,524
48,133,52,519,13H 0M 44S,12-07-20,58,55,57,524
50,127,64,519,13H 0M 45S,12-07-20,43,67,70,524
50,124,7,519,13H 0M 46S,12-07-20,48,60,64,524
49,131,37,519,13H 0M 47S,12-07-20,50,54,61,524
49,136,55,519,13H 0M 48S,12-07-20,46,53,42,524
50,149,37,519,13H 0M 49S,12-07-20,55,55,56,524
48,124,45,519,13H 0M 50S,12-07-20,54,54,52,524
50,129,57,519,13H 0M 51S,12-07-20,51,52,50,524
50,127,37,519,13H 0M 52S,12-07-20,57,54,53,524
49,123,63,519,13H 0M 53S,12-07-20,46,55,53,524
49,123,80,519,13H 0M 54S,12-07-20,49,54,55,524
49,124,65,519,13H 0M 55S,12-07-20,47,54,57,524
49,137,61,519,13H 0M 56S,12-07-20,49,54,57,524
46,121,59,519,13H 0M 57S,12-07-20,50,54,56,524
49,123,47,519,13H 0M 58S,12-07-20,51,55,50,524
50,129,45,519,13H 0M 59S,12-07-20,50,55,50,524
51,327,62,519,13H 1M 0S,12-07-20,50,55,50,524
54,1796,74,519,13H 1M 1S,12-07-20,50,57,52,524
50,356,53,519,13H 1M 2S,12-07-20,49,51,55,524
49,189,47,519,13H 1M 3S,12-07-20,51,50,53,524
54,140,51,519,13H 1M 4S,12-07-20,52,56,53,524
52,128,51,519,13H 1M 5S,12-07-20,54,57,53,524
51,124,52,519,13H 1M 6S,12-07-20,54,56,53,524
53,138,51,519,13H 1M 7S,12-07-20,53,55,53,524
54,133,52,519,13H 1M 8S,12-07-20,52,53,51,524
55,125,51,519,13H 1M 9S,12-07-20,50,56,53,524
54,130,54,519,13H 1M 10S,12-07-20,56,57,52,524
55,183,50,519,13H 1M 11S,12-07-20,54,59,55,524
54,168,52,519,13H 1M 12S,12-07-20,53,57,55,524
53,296,55,519,13H 1M 13S,12-07-20,55,58,56,524
50,135,53,519,13H 1M 15S,12-07-20,55,62,54,524
51,138,52,519,13H 1M 16S,12-07-20,55,61,53,524
53,131,55,519,13H 1M 17S,12-07-20,55,62,55,524
55,135,54,519,13H 1M 18S,12-07-20,58,64,54,524
54,141,57,519,13H 1M 19S,12-07-20,57,61,53,524
54,151,55,519,13H 1M 20S,12-07-20,57,63,56,524
54,134,55,519,13H 1M 21S,12-07-20,56,64,55,524
55,145,55,519,13H 1M 22S,12-07-20,59,64,53,524
58,148,54,519,13H 1M 23S,12-07-20,60,64,53,524
59,154,55,519,13H 1M 24S,12-07-20,58,63,57,524
57,153,53,519,13H 1M 25S,12-07-20,59,66,56,524
59,154,53,519,13H 1M 26S,12-07-20,60,64,54,524
60,145,55,519,13H 1M 27S,12-07-20,59,65,56,524
58,150,56,519,13H 1M 28S,12-07-20,60,64,53,524
59,154,53,519,13H 1M 29S,12-07-20,63,67,54,524
59,147,54,519,13H 1M 30S,12-07-20,61,66,55,524
60,150,56,520,13H 1M 31S,12-07-20,64,70,55,524
65,163,54,519,13H 1M 32S,12-07-20,66,69,54,524
64,160,53,519,13H 1M 33S,12-07-20,68,69,53,524
67,161,52,519,13H 1M 34S,12-07-20,67,66,55,524
73,159,54,520,13H 1M 35S,12-07-20,67,73,56,524
76,161,55,519,13H 1M 36S,12-07-20,67,73,56,524
74,162,55,519,13H 1M 37S,12-07-20,65,75,58,524
77,159,58,519,13H 1M 38S,12-07-20,70,72,56,524
80,163,56,520,13H 1M 39S,12-07-20,71,79,58,524
77,162,56,519,13H 1M 40S,12-07-20,69,83,58,524
78,165,56,519,13H 1M 41S,12-07-20,70,81,57,524
79,160,56,520,13H 1M 42S,12-07-20,69,83,56,524
82,161,54,520,13H 1M 43S,12-07-20,76,88,58,525
76,163,57,520,13H 1M 44S,12-07-20,73,85,58,524
76,164,56,520,13H 1M 45S,12-07-20,75,86,56,524
79,161,56,520,13H 1M 46S,12-07-20,71,85,55,524
80,163,56,520,13H 1M 47S,12-07-20,76,87,55,525
76,166,55,520,13H 1M 48S,12-07-20,71,85,54,525
77,162,57,520,13H 1M 49S,12-07-20,74,85,54,525
77,166,54,520,13H 1M 50S,12-07-20,78,90,54,524
78,166,53,520,13H 1M 52S,12-07-20,74,83,57,525
77,164,52,520,13H 1M 53S,12-07-20,73,86,54,525
79,166,52,520,13H 1M 54S,12-07-20,72,83,54,525
77,161,50,520,13H 1M 55S,12-07-20,74,86,53,525
78,164,53,520,13H 1M 56S,12-07-20,73,84,53,525
79,163,50,520,13H 1M 57S,12-07-20,73,80,56,525
84,163,54,520,13H 1M 58S,12-07-20,72,81,55,525
84,162,51,520,13H 1M 59S,12-07-20,74,89,58,525
82,162,57,520,13H 2M 0S,12-07-20,75,84,57,525
81,164,53,520,13H 2M 1S,12-07-20,73,87,58,525
85,164,53,520,13H 2M 2S,12-07-20,71,82,55,525
80,162,55,520,13H 2M 3S,12-07-20,69,85,57,525
82,162,53,520,13H 2M 4S,12-07-20,75,87,61,525
85,165,56,520,13H 2M 5S,12-07-20,75,90,58,525
85,160,57,520,13H 2M 6S,12-07-20,78,92,56,525
86,163,55,520,13H 2M 7S,12-07-20,78,92,56,525
93,164,55,520,13H 2M 8S,12-07-20,80,97,56,525
86,165,56,520,13H 2M 9S,12-07-20,79,90,58,525
89,164,57,520,13H 2M 10S,12-07-20,78,96,58,525
91,164,54,520,13H 2M 11S,12-07-20,83,97,57,526
90,163,57,520,13H 2M 12S,12-07-20,82,98,58,525
88,169,55,520,13H 2M 13S,12-07-20,79,95,57,525
90,168,55,520,13H 2M 14S,12-07-20,81,95,57,526
93,165,57,521,13H 2M 15S,12-07-20,84,97,58,526
91,168,57,521,13H 2M 16S,12-07-20,84,101,57,526
91,168,57,520,13H 2M 17S,12-07-20,83,99,57,526
92,165,56,521,13H 2M 18S,12-07-20,81,99,56,526
92,168,57,521,13H 2M 19S,12-07-20,83,101,55,526
93,169,58,521,13H 2M 20S,12-07-20,83,99,57,526
94,168,58,521,13H 2M 21S,12-07-20,79,95,55,526
92,168,59,521,13H 2M 22S,12-07-20,80,100,58,526
91,165,57,521,13H 2M 23S,12-07-20,80,100,57,526
92,166,60,521,13H 2M 24S,12-07-20,80,99,57,526
93,166,62,521,13H 2M 25S,12-07-20,78,98,54,526
95,167,61,521,13H 2M 26S,12-07-20,81,97,59,526
94,167,61,521,13H 2M 27S,12-07-20,79,98,59,526
90,170,63,521,13H 2M 28S,12-07-20,76,96,56,526
87,167,63,521,13H 2M 30S,12-07-20,73,94,57,526
90,168,60,521,13H 2M 31S,12-07-20,73,89,55,526
85,166,60,521,13H 2M 32S,12-07-20,71,85,56,526
84,168,57,521,13H 2M 33S,12-07-20,70,84,51,526
83,168,55,521,13H 2M 34S,12-07-20,71,79,54,526
77,166,57,521,13H 2M 35S,12-07-20,69,79,55,527
77,165,58,521,13H 2M 36S,12-07-20,70,80,52,526
76,168,59,521,13H 2M 37S,12-07-20,67,79,55,526
73,167,57,521,13H 2M 38S,12-07-20,64,73,57,526
73,167,56,521,13H 2M 39S,12-07-20,63,71,56,526
70,165,55,521,13H 2M 40S,12-07-20,63,70,55,527
65,160,55,521,13H 2M 41S,12-07-20,58,68,53,527
65,165,55,521,13H 2M 42S,12-07-20,63,68,57,527
61,161,53,521,13H 2M 43S,12-07-20,62,65,55,527
64,154,54,522,13H 2M 44S,12-07-20,57,63,58,527
58,139,53,522,13H 2M 45S,12-07-20,55,60,56,527
56,129,53,521,13H 2M 46S,12-07-20,57,63,55,527
56,166,53,522,13H 2M 47S,12-07-20,55,63,57,527
52,130,55,522,13H 2M 48S,12-07-20,57,58,58,527
53,130,44,522,13H 2M 49S,12-07-20,56,60,57,527
52,149,49,522,13H 2M 50S,12-07-20,51,55,54,527
51,165,52,522,13H 2M 51S,12-07-20,50,53,52,527
50,272,51,522,13H 2M 52S,12-07-20,53,52,52,527
56,147,50,522,13H 2M 53S,12-07-20,55,56,60,527
54,129,46,522,13H 2M 54S,12-07-20,53,60,53,527
50,140,50,522,13H 2M 55S,12-07-20,52,59,55,527
51,135,50,522,13H 2M 56S,12-07-20,50,53,50,527
57,136,50,522,13H 2M 57S,12-07-20,50,54,52,527
54,139,50,522,13H 2M 58S,12-07-20,53,54,55,527
54,141,50,522,13H 2M 59S,12-07-20,53,56,50,527
49,359,53,522,13H 3M 0S,12-07-20,57,54,50,527
50,133,50,522,13H 3M 1S,12-07-20,49,55,53,527
58,132,50,522,13H 3M 2S,12-07-20,49,62,53,527
54,134,51,522,13H 3M 3S,12-07-20,49,56,56,527
53,139,51,522,13H 3M 4S,12-07-20,53,58,54,527
54,146,50,522,13H 3M 5S,12-07-20,52,60,53,527
52,145,50,522,13H 3M 6S,12-07-20,63,63,52,527
52,139,50,522,13H 3M 8S,12-07-20,51,53,54,527
50,151,50,522,13H 3M 9S,12-07-20,50,59,58,527
50,226,51,522,13H 3M 10S,12-07-20,51,53,52,527
51,132,52,522,13H 3M 11S,12-07-20,50,53,50,527
50,149,50,522,13H 3M 12S,12-07-20,55,56,52,527
51,251,50,522,13H 3M 13S,12-07-20,53,56,51,527
50,161,50,522,13H 3M 14S,12-07-20,52,57,50,527
46,146,50,522,13H 3M 15S,12-07-20,50,58,50,527
42,176,50,522,13H 3M 16S,12-07-20,53,58,53,527
60,153,50,522,13H 3M 17S,12-07-20,50,54,58,527
50,164,58,522,13H 3M 18S,12-07-20,53,55,55,527
54,248,50,522,13H 3M 19S,12-07-20,57,54,54,527
53,190,50,522,13H 3M 20S,12-07-20,57,59,56,527
51,244,55,522,13H 3M 21S,12-07-20,56,58,58,527
52,158,51,522,13H 3M 22S,12-07-20,57,59,56,527
53,167,55,522,13H 3M 23S,12-07-20,55,56,57,527
54,194,50,522,13H 3M 24S,12-07-20,57,54,58,527
49,215,58,522,13H 3M 25S,12-07-20,58,55,52,527
53,165,56,522,13H 3M 26S,12-07-20,53,57,52,527
50,184,51,522,13H 3M 27S,12-07-20,52,57,54,527
52,136,56,522,13H 3M 28S,12-07-20,50,57,52,527
52,131,55,522,13H 3M 29S,12-07-20,49,56,54,527
54,127,50,522,13H 3M 30S,12-07-20,54,55,50,527
52,128,51,522,13H 3M 31S,12-07-20,55,57,52,527
50,123,50,522,13H 3M 32S,12-07-20,54,57,50,527
52,130,51,522,13H 3M 33S,12-07-20,52,52,51,528
53,124,50,522,13H 3M 34S,12-07-20,55,56,50,527
55,126,51,522,13H 3M 35S,12-07-20,54,61,52,527
53,125,54,522,13H 3M 36S,12-07-20,57,60,52,528
54,132,52,522,13H 3M 37S,12-07-20,56,59,54,527
54,134,53,522,13H 3M 38S,12-07-20,57,63,54,527
55,134,54,522,13H 3M 39S,12-07-20,55,61,50,527
54,131,53,522,13H 3M 40S,12-07-20,56,59,54,527
58,137,55,522,13H 3M 41S,12-07-20,58,60,52,527
56,134,54,522,13H 3M 42S,12-07-20,58,59,53,527
54,127,51,522,13H 3M 43S,12-07-20,57,59,51,527
55,136,54,522,13H 3M 44S,12-07-20,60,57,53,527
61,146,54,522,13H 3M 46S,12-07-20,64,68,51,527
60,152,50,522,13H 3M 47S,12-07-20,62,66,50,528
63,153,52,522,13H 3M 48S,12-07-20,62,67,53,527
65,152,55,522,13H 3M 49S,12-07-20,66,70,55,527
70,160,55,522,13H 3M 50S,12-07-20,64,71,56,527
67,159,50,522,13H 3M 51S,12-07-20,65,70,55,527
64,158,53,522,13H 3M 52S,12-07-20,66,74,55,527
70,164,55,522,13H 3M 53S,12-07-20,69,78,56,528
74,166,54,522,13H 3M 54S,12-07-20,70,76,56,527
73,161,53,522,13H 3M 55S,12-07-20,68,75,55,528
74,165,55,522,13H 3M 56S,12-07-20,72,80,54,528
81,167,54,522,13H 3M 57S,12-07-20,76,81,55,527
80,165,56,522,13H 3M 58S,12-07-20,72,79,54,527
77,165,56,522,13H 3M 59S,12-07-20,69,77,55,528
79,164,60,522,13H 4M 0S,12-07-20,72,85,57,528
87,166,59,522,13H 4M 1S,12-07-20,77,89,54,528
85,180,59,522,13H 4M 2S,12-07-20,76,85,57,528
87,174,58,522,13H 4M 3S,12-07-20,76,85,52,528
88,166,57,522,13H 4M 4S,12-07-20,79,91,53,528
92,170,57,522,13H 4M 5S,12-07-20,76,90,54,528
88,172,57,522,13H 4M 6S,12-07-20,74,87,56,528
95,169,58,522,13H 4M 7S,12-07-20,79,96,57,528
106,167,58,522,13H 4M 8S,12-07-20,88,103,56,528
103,171,57,522,13H 4M 9S,12-07-20,83,98,57,528
109,173,57,522,13H 4M 10S,12-07-20,85,97,58,528
130,179,57,522,13H 4M 11S,12-07-20,98,116,58,528
131,182,55,522,13H 4M 12S,12-07-20,106,125,57,528
129,182,56,522,13H 4M 13S,12-07-20,101,117,57,528
138,181,55,522,13H 4M 14S,12-07-20,105,124,58,528
141,210,55,522,13H 4M 15S,12-07-20,117,143,59,528
143,188,56,522,13H 4M 16S,12-07-20,114,135,57,528
165,193,56,522,13H 4M 17S,12-07-20,122,150,59,528
168,191,57,522,13H 4M 18S,12-07-20,132,163,59,528
167,194,56,522,13H 4M 19S,12-07-20,118,154,60,528
182,192,57,523,13H 4M 20S,12-07-20,125,158,61,528
177,197,55,522,13H 4M 21S,12-07-20,138,179,62,528
178,190,57,522,13H 4M 22S,12-07-20,133,172,62,528
204,201,57,522,13H 4M 24S,12-07-20,180,245,68,528
269,203,56,522,13H 4M 25S,12-07-20,163,216,63,528
223,195,56,523,13H 4M 26S,12-07-20,176,240,68,528
216,194,56,523,13H 4M 27S,12-07-20,192,257,69,528
266,195,56,523,13H 4M 28S,12-07-20,198,274,70,528
344,203,56,523,13H 4M 29S,12-07-20,210,289,70,528
308,202,56,523,13H 4M 30S,12-07-20,221,310,70,528
301,201,56,523,13H 4M 31S,12-07-20,253,351,74,528
394,202,56,523,13H 4M 32S,12-07-20,291,418,80,528
439,205,58,523,13H 4M 33S,12-07-20,283,401,78,528
420,206,57,523,13H 4M 34S,12-07-20,276,391,78,528
418,203,54,523,13H 4M 35S,12-07-20,299,430,78,529
498,215,57,523,13H 4M 36S,12-07-20,308,435,79,529
474,213,57,523,13H 4M 37S,12-07-20,299,425,83,529
480,215,56,523,13H 4M 38S,12-07-20,323,460,83,528
323,460,83,528,13H 4M 38S,12-07-20,323,460,83,528
539,221,56,523,13H 4M 39S,12-07-20,354,512,85,529
565,220,57,523,13H 4M 40S,12-07-20,355,517,82,529
532,219,57,523,13H 4M 41S,12-07-20,337,480,84,529
482,217,55,523,13H 4M 42S,12-07-20,323,466,84,529
486,220,55,523,13H 4M 43S,12-07-20,329,470,86,529
508,216,56,523,13H 4M 44S,12-07-20,338,487,81,529
434,207,56,523,13H 4M 45S,12-07-20,309,423,78,529
403,203,57,523,13H 4M 46S,12-07-20,268,384,79,529
449,211,56,523,13H 4M 47S,12-07-20,299,418,81,529
454,208,54,523,13H 4M 48S,12-07-20,308,431,79,529
356,193,56,523,13H 4M 49S,12-07-20,283,393,76,529
336,189,58,523,13H 4M 50S,12-07-20,262,373,78,529
359,191,57,523,13H 4M 51S,12-07-20,242,335,73,529
347,192,55,523,13H 4M 52S,12-07-20,261,370,75,529
356,206,54,523,13H 4M 53S,12-07-20,228,314,74,529
397,233,54,523,13H 4M 54S,12-07-20,260,370,81,529
381,215,55,523,13H 4M 55S,12-07-20,251,360,81,529
363,222,57,523,13H 4M 56S,12-07-20,248,355,78,529
427,262,58,523,13H 4M 57S,12-07-20,251,357,80,529
369,249,52,524,13H 4M 58S,12-07-20,244,346,80,529
390,225,58,524,13H 4M 59S,12-07-20,270,389,80,529
326,230,61,523,13H 5M 0S,12-07-20,270,364,85,529
343,223,52,524,13H 5M 2S,12-07-20,224,300,71,529
309,215,52,524,13H 5M 3S,12-07-20,143,174,60,530
185,180,51,524,13H 5M 4S,12-07-20,142,182,67,530
155,167,54,524,13H 5M 5S,12-07-20,163,222,68,530
229,194,54,524,13H 5M 6S,12-07-20,146,195,66,530
176,169,55,524,13H 5M 7S,12-07-20,112,136,62,530
135,158,53,524,13H 5M 8S,12-07-20,119,150,63,530
133,160,55,524,13H 5M 9S,12-07-20,97,117,58,530
127,149,55,524,13H 5M 10S,12-07-20,98,125,61,530
126,149,56,524,13H 5M 11S,12-07-20,98,132,60,530
115,145,56,524,13H 5M 12S,12-07-20,91,114,60,530
111,143,56,524,13H 5M 13S,12-07-20,91,110,59,530
104,142,54,524,13H 5M 14S,12-07-20,85,105,58,530
112,144,55,524,13H 5M 15S,12-07-20,85,115,60,530
109,143,55,524,13H 5M 16S,12-07-20,81,105,56,530
103,140,56,524,13H 5M 17S,12-07-20,80,101,60,530
105,143,56,524,13H 5M 18S,12-07-20,87,108,57,530
107,138,55,524,13H 5M 19S,12-07-20,87,103,57,530
93,137,56,524,13H 5M 20S,12-07-20,81,98,60,530
96,137,55,524,13H 5M 21S,12-07-20,83,96,58,530
94,133,55,524,13H 5M 22S,12-07-20,81,100,57,530
84,129,55,524,13H 5M 23S,12-07-20,75,88,59,530
88,130,54,525,13H 5M 24S,12-07-20,76,89,58,530
93,141,54,524,13H 5M 25S,12-07-20,79,95,57,530
92,136,54,524,13H 5M 26S,12-07-20,77,91,54,530
77,128,54,524,13H 5M 27S,12-07-20,69,84,56,530
78,128,54,524,13H 5M 28S,12-07-20,65,80,55,530
81,132,56,524,13H 5M 29S,12-07-20,64,81,55,530
83,127,55,524,13H 5M 30S,12-07-20,61,83,54,530
77,132,57,525,13H 5M 31S,12-07-20,61,81,56,531
75,126,55,524,13H 5M 32S,12-07-20,63,78,54,530
73,125,55,524,13H 5M 33S,12-07-20,62,78,54,531
75,123,55,525,13H 5M 34S,12-07-20,62,77,56,531
71,126,54,525,13H 5M 35S,12-07-20,59,75,56,531
70,129,53,525,13H 5M 36S,12-07-20,60,74,56,531
75,134,55,525,13H 5M 37S,12-07-20,63,75,56,531
69,122,55,525,13H 5M 38S,12-07-20,62,78,58,531
69,126,56,525,13H 5M 40S,12-07-20,58,76,56,531
70,129,57,525,13H 5M 41S,12-07-20,58,73,56,531
68,123,56,525,13H 5M 42S,12-07-20,58,72,57,531
67,116,56,525,13H 5M 43S,12-07-20,57,71,56,531
67,118,57,525,13H 5M 44S,12-07-20,57,73,56,531
67,119,57,525,13H 5M 45S,12-07-20,54,72,57,531
68,119,56,525,13H 5M 46S,12-07-20,52,68,56,531
64,118,56,525,13H 5M 47S,12-07-20,54,66,57,531
63,119,55,525,13H 5M 48S,12-07-20,56,68,58,531
65,119,56,525,13H 5M 49S,12-07-20,56,67,56,531
64,118,56,525,13H 5M 50S,12-07-20,54,67,57,531
64,124,55,525,13H 5M 51S,12-07-20,56,68,58,531
65,114,55,525,13H 5M 52S,12-07-20,56,68,57,531
62,120,55,525,13H 5M 53S,12-07-20,57,68,58,531
61,114,55,525,13H 5M 54S,12-07-20,52,67,56,531
62,114,56,525,13H 5M 55S,12-07-20,58,69,57,531
63,116,55,525,13H 5M 56S,12-07-20,57,68,57,531
62,112,55,525,13H 5M 57S,12-07-20,57,70,60,532
62,115,55,525,13H 5M 58S,12-07-20,54,69,57,531
61,106,56,525,13H 5M 59S,12-07-20,55,67,56,531
59,110,56,525,13H 6M 0S,12-07-20,56,67,56,531
60,111,56,525,13H 6M 1S,12-07-20,53,62,54,531
59,104,56,525,13H 6M 2S,12-07-20,52,66,55,531
59,105,56,525,13H 6M 3S,12-07-20,52,64,56,532
56,109,56,525,13H 6M 4S,12-07-20,51,63,55,531
56,106,57,525,13H 6M 5S,12-07-20,50,59,55,532
55,104,57,526,13H 6M 6S,12-07-20,50,59,55,532
58,104,56,526,13H 6M 7S,12-07-20,53,63,54,532
55,105,56,526,13H 6M 8S,12-07-20,53,62,55,532
55,104,56,526,13H 6M 9S,12-07-20,52,59,51,532
52,99,55,526,13H 6M 10S,12-07-20,50,59,54,532
55,101,55,526,13H 6M 11S,12-07-20,50,59,52,532
52,103,55,526,13H 6M 12S,12-07-20,50,59,53,532
53,99,55,526,13H 6M 13S,12-07-20,48,56,50,532
51,101,55,526,13H 6M 14S,12-07-20,50,54,53,532
52,96,56,526,13H 6M 15S,12-07-20,50,55,54,532
51,99,56,526,13H 6M 16S,12-07-20,51,56,56,532
52,96,56,526,13H 6M 18S,12-07-20,54,55,54,532
56,96,55,526,13H 6M 19S,12-07-20,54,53,55,532
54,100,55,526,13H 6M 20S,12-07-20,54,55,56,532
50,96,56,526,13H 6M 21S,12-07-20,54,52,54,532
50,94,55,526,13H 6M 22S,12-07-20,44,51,56,532
49,94,56,526,13H 6M 23S,12-07-20,45,53,54,532
51,94,56,526,13H 6M 24S,12-07-20,47,53,54,532
50,96,56,526,13H 6M 25S,12-07-20,49,51,54,532
49,92,55,526,13H 6M 26S,12-07-20,47,52,51,532
50,96,55,526,13H 6M 27S,12-07-20,47,50,54,532
50,94,55,526,13H 6M 28S,12-07-20,46,50,51,532
48,91,55,526,13H 6M 29S,12-07-20,48,49,53,532
46,100,55,526,13H 6M 30S,12-07-20,50,50,53,532
46,93,55,526,13H 6M 31S,12-07-20,50,50,51,532
49,97,55,526,13H 6M 32S,12-07-20,50,49,50,532
48,102,56,526,13H 6M 33S,12-07-20,49,49,51,532
44,93,55,526,13H 6M 34S,12-07-20,48,47,54,532
45,93,56,526,13H 6M 35S,12-07-20,49,52,55,532
46,92,55,526,13H 6M 36S,12-07-20,48,48,53,532
45,91,55,526,13H 6M 37S,12-07-20,46,54,53,533
47,94,55,526,13H 6M 38S,12-07-20,47,54,56,533
47,94,56,526,13H 6M 39S,12-07-20,46,52,55,533
47,89,55,526,13H 6M 40S,12-07-20,48,52,54,533
46,91,56,526,13H 6M 41S,12-07-20,50,51,51,533
44,90,56,526,13H 6M 42S,12-07-20,47,50,53,533
46,89,56,526,13H 6M 43S,12-07-20,41,51,54,533
46,88,56,527,13H 6M 44S,12-07-20,42,51,52,533
47,88,54,526,13H 6M 45S,12-07-20,43,49,52,533
47,90,54,527,13H 6M 46S,12-07-20,46,52,54,533
47,88,55,527,13H 6M 47S,12-07-20,46,50,51,533
46,93,59,527,13H 6M 48S,12-07-20,52,51,52,533
47,90,59,526,13H 6M 49S,12-07-20,46,49,55,533
47,88,60,527,13H 6M 50S,12-07-20,46,50,55,533
45,88,60,527,13H 6M 51S,12-07-20,48,50,54,533
47,91,60,527,13H 6M 52S,12-07-20,47,51,57,533
49,91,60,527,13H 6M 53S,12-07-20,45,50,58,533
47,91,62,527,13H 6M 54S,12-07-20,48,50,56,533
47,91,61,527,13H 6M 56S,12-07-20,48,54,57,533
48,93,61,527,13H 6M 57S,12-07-20,46,52,59,533
45,94,61,527,13H 6M 58S,12-07-20,48,51,54,533
46,90,59,527,13H 6M 59S,12-07-20,42,52,58,533
46,89,59,527,13H 7M 0S,12-07-20,50,51,57,533
45,89,59,527,13H 7M 1S,12-07-20,50,48,53,533
44,90,52,527,13H 7M 2S,12-07-20,50,50,55,533
47,93,58,527,13H 7M 3S,12-07-20,50,50,54,533
47,86,59,527,13H 7M 4S,12-07-20,50,46,55,533
44,86,55,527,13H 7M 5S,12-07-20,53,47,55,533
47,89,55,527,13H 7M 6S,12-07-20,52,48,55,533
45,87,54,527,13H 7M 7S,12-07-20,49,46,52,534
45,86,54,527,13H 7M 8S,12-07-20,51,50,56,533
46,89,56,527,13H 7M 9S,12-07-20,46,49,54,533
46,93,55,527,13H 7M 10S,12-07-20,53,51,54,533
47,85,57,527,13H 7M 11S,12-07-20,48,44,55,534
45,89,55,527,13H 7M 12S,12-07-20,52,50,54,533
47,86,57,527,13H 7M 13S,12-07-20,51,50,57,534
47,85,56,527,13H 7M 14S,12-07-20,51,49,55,533
47,88,57,527,13H 7M 15S,12-07-20,49,48,54,533
48,89,56,527,13H 7M 16S,12-07-20,56,51,54,534
47,86,56,527,13H 7M 17S,12-07-20,49,49,56,533
47,88,55,527,13H 7M 18S,12-07-20,51,49,54,534
48,87,57,527,13H 7M 19S,12-07-20,52,49,54,534
47,89,56,527,13H 7M 20S,12-07-20,50,49,57,534
48,88,56,527,13H 7M 21S,12-07-20,51,47,56,534
48,88,56,527,13H 7M 22S,12-07-20,55,50,55,534
47,87,56,527,13H 7M 23S,12-07-20,47,50,56,534
48,88,55,527,13H 7M 24S,12-07-20,50,50,56,534
49,91,56,527,13H 7M 25S,12-07-20,48,50,56,534
49,90,56,527,13H 7M 26S,12-07-20,50,50,56,534
48,89,56,527,13H 7M 27S,12-07-20,52,51,57,534
47,87,56,527,13H 7M 28S,12-07-20,49,52,53,534
43,86,56,527,13H 7M 29S,12-07-20,50,51,54,534
45,94,56,527,13H 7M 30S,12-07-20,49,49,53,534
44,85,55,527,13H 7M 31S,12-07-20,52,54,57,534
46,86,55,527,13H 7M 32S,12-07-20,48,48,50,534
41,85,56,528,13H 7M 33S,12-07-20,52,54,52,534
46,89,56,527,13H 7M 35S,12-07-20,50,51,54,534
41,87,56,528,13H 7M 36S,12-07-20,48,46,49,534
44,89,55,528,13H 7M 37S,12-07-20,49,50,54,534
45,86,56,527,13H 7M 38S,12-07-20,51,51,55,534
47,91,57,528,13H 7M 39S,12-07-20,48,48,52,534
47,88,57,528,13H 7M 40S,12-07-20,46,48,51,534
47,86,56,528,13H 7M 41S,12-07-20,50,52,52,534
46,88,57,527,13H 7M 42S,12-07-20,51,50,52,534
45,93,58,528,13H 7M 43S,12-07-20,47,50,53,534
46,88,59,528,13H 7M 44S,12-07-20,46,50,54,534
43,95,59,527,13H 7M 45S,12-07-20,48,48,54,534
47,90,59,528,13H 7M 46S,12-07-20,51,52,56,534
44,88,59,528,13H 7M 47S,12-07-20,45,50,56,534
43,91,59,528,13H 7M 48S,12-07-20,46,50,57,534
45,90,61,528,13H 7M 49S,12-07-20,46,51,54,534
47,91,61,528,13H 7M 50S,12-07-20,46,56,56,534
47,88,61,528,13H 7M 51S,12-07-20,45,52,55,534
49,91,62,528,13H 7M 52S,12-07-20,45,53,58,534
49,88,61,528,13H 7M 53S,12-07-20,48,54,56,534
48,92,62,528,13H 7M 54S,12-07-20,49,53,58,534
48,93,61,528,13H 7M 55S,12-07-20,47,53,55,534
48,92,60,528,13H 7M 56S,12-07-20,46,52,57,535
45,90,60,528,13H 7M 57S,12-07-20,50,51,57,535
48,89,60,528,13H 7M 58S,12-07-20,50,53,59,535
44,87,56,528,13H 7M 59S,12-07-20,50,47,56,534
45,84,55,528,13H 8M 0S,12-07-20,51,49,57,535
44,86,55,528,13H 8M 1S,12-07-20,50,48,55,535
47,86,55,528,13H 8M 2S,12-07-20,50,48,54,535
46,86,54,528,13H 8M 3S,12-07-20,51,45,53,535
47,91,54,528,13H 8M 4S,12-07-20,49,47,58,535
45,86,57,528,13H 8M 5S,12-07-20,51,52,55,535
45,84,55,528,13H 8M 6S,12-07-20,51,47,55,535
47,85,54,528,13H 8M 7S,12-07-20,49,48,56,535
47,88,56,528,13H 8M 8S,12-07-20,51,50,52,535
46,85,56,528,13H 8M 9S,12-07-20,52,50,52,535
48,87,56,528,13H 8M 10S,12-07-20,52,48,56,535
48,86,56,528,13H 8M 11S,12-07-20,50,47,55,535
48,89,55,528,13H 8M 13S,12-07-20,50,47,55,535
49,85,56,528,13H 8M 14S,12-07-20,54,49,51,535
48,89,55,528,13H 8M 15S,12-07-20,51,48,53,535
48,85,56,528,13H 8M 16S,12-07-20,51,50,54,535
49,87,56,528,13H 8M 17S,12-07-20,54,50,54,535
49,87,56,528,13H 8M 18S,12-07-20,52,49,54,535
48,88,56,528,13H 8M 19S,12-07-20,51,50,54,535
47,86,56,528,13H 8M 20S,12-07-20,47,51,58,535
45,87,56,528,13H 8M 21S,12-07-20,47,49,56,535
48,88,56,528,13H 8M 22S,12-07-20,52,50,61,535
46,85,56,528,13H 8M 23S,12-07-20,50,51,56,535
43,84,56,528,13H 8M 24S,12-07-20,50,49,52,535
44,87,55,528,13H 8M 25S,12-07-20,49,47,51,535
42,86,55,528,13H 8M 26S,12-07-20,46,47,49,535
46,88,55,528,13H 8M 27S,12-07-20,53,54,57,535
44,86,56,528,13H 8M 28S,12-07-20,49,51,54,535
47,85,56,528,13H 8M 29S,12-07-20,50,54,56,535
43,86,56,528,13H 8M 30S,12-07-20,45,45,51,535
41,85,56,528,13H 8M 31S,12-07-20,48,49,51,535
45,84,56,528,13H 8M 32S,12-07-20,51,52,52,535
45,85,56,528,13H 8M 33S,12-07-20,49,45,50,535
45,89,56,529,13H 8M 34S,12-07-20,54,53,54,535
42,88,56,529,13H 8M 35S,12-07-20,48,49,52,535
45,87,58,528,13H 8M 36S,12-07-20,51,52,55,535
44,87,56,528,13H 8M 37S,12-07-20,44,48,51,535
44,86,57,529,13H 8M 38S,12-07-20,49,50,51,535
44,85,58,528,13H 8M 39S,12-07-20,49,52,53,535
45,85,56,528,13H 8M 40S,12-07-20,46,48,52,535
46,86,54,529,13H 8M 41S,12-07-20,49,50,51,535
49,89,55,529,13H 8M 42S,12-07-20,50,50,54,535
47,87,59,529,13H 8M 43S,12-07-20,50,50,55,535
46,87,59,529,13H 8M 44S,12-07-20,47,50,53,535
45,88,60,529,13H 8M 45S,12-07-20,48,50,54,535
45,89,58,529,13H 8M 46S,12-07-20,48,50,57,536
47,87,54,529,13H 8M 47S,12-07-20,48,50,53,535
47,87,52,529,13H 8M 48S,12-07-20,49,50,51,535
45,85,51,529,13H 8M 49S,12-07-20,50,48,49,535
42,91,57,529,13H 8M 51S,12-07-20,49,53,57,535
47,87,60,529,13H 8M 52S,12-07-20,49,50,57,535
48,88,60,529,13H 8M 53S,12-07-20,48,51,58,535
46,88,59,529,13H 8M 54S,12-07-20,46,50,58,536
46,87,59,529,13H 8M 55S,12-07-20,49,50,56,536
45,89,58,529,13H 8M 56S,12-07-20,49,53,55,535
47,93,59,529,13H 8M 57S,12-07-20,50,51,56,536
43,89,58,529,13H 8M 58S,12-07-20,50,50,56,536
48,89,59,529,13H 8M 59S,12-07-20,49,48,56,536
45,86,56,529,13H 9M 0S,12-07-20,50,50,54,536
47,88,58,529,13H 9M 1S,12-07-20,50,51,55,536
45,85,57,529,13H 9M 2S,12-07-20,51,45,53,536
48,85,55,529,13H 9M 3S,12-07-20,50,46,54,536
46,86,56,529,13H 9M 4S,12-07-20,51,47,54,536
47,86,55,529,13H 9M 5S,12-07-20,47,48,56,536
47,84,55,529,13H 9M 6S,12-07-20,50,47,55,536
47,84,56,529,13H 9M 7S,12-07-20,49,48,56,536
47,87,56,529,13H 9M 8S,12-07-20,52,50,52,536
48,91,56,529,13H 9M 9S,12-07-20,53,50,52,536
48,119,56,529,13H 9M 10S,12-07-20,54,48,60,536
48,85,57,529,13H 9M 11S,12-07-20,53,49,56,536
48,86,56,529,13H 9M 12S,12-07-20,56,47,54,536
48,84,56,529,13H 9M 13S,12-07-20,57,50,56,536
47,88,57,529,13H 9M 14S,12-07-20,58,48,57,536
46,88,57,529,13H 9M 15S,12-07-20,57,51,54,536
48,89,56,529,13H 9M 16S,12-07-20,52,48,53,536
47,87,56,529,13H 9M 17S,12-07-20,57,49,55,536
48,88,57,529,13H 9M 18S,12-07-20,49,50,56,536
49,88,56,529,13H 9M 19S,12-07-20,50,51,56,536
47,86,56,529,13H 9M 20S,12-07-20,54,50,60,536
45,91,56,529,13H 9M 21S,12-07-20,55,50,55,536
43,90,56,529,13H 9M 22S,12-07-20,55,47,50,536
46,91,55,529,13H 9M 23S,12-07-20,54,49,50,536
44,91,55,529,13H 9M 24S,12-07-20,56,49,50,536
46,89,56,529,13H 9M 25S,12-07-20,56,48,50,536
46,90,55,529,13H 9M 26S,12-07-20,54,49,50,536
46,92,55,529,13H 9M 27S,12-07-20,58,46,50,536
44,90,55,529,13H 9M 29S,12-07-20,55,48,51,536
46,90,56,529,13H 9M 30S,12-07-20,53,46,50,536
47,93,56,529,13H 9M 31S,12-07-20,57,48,52,536
46,96,56,529,13H 9M 32S,12-07-20,57,48,54,536
47,89,56,529,13H 9M 33S,12-07-20,56,48,54,536
48,91,56,529,13H 9M 34S,12-07-20,57,49,53,536
47,91,56,529,13H 9M 35S,12-07-20,43,50,55,536
49,90,57,529,13H 9M 36S,12-07-20,55,47,53,536
45,90,57,529,13H 9M 37S,12-07-20,57,48,54,536
44,92,57,529,13H 9M 38S,12-07-20,53,48,54,536
47,90,57,529,13H 9M 39S,12-07-20,54,49,51,536
46,90,56,529,13H 9M 40S,12-07-20,57,50,55,536
44,90,53,529,13H 9M 41S,12-07-20,59,46,53,536
47,89,53,530,13H 9M 42S,12-07-20,60,50,50,536
48,93,55,529,13H 9M 43S,12-07-20,45,52,53,536
48,95,57,529,13H 9M 44S,12-07-20,39,51,51,536
47,105,57,529,13H 9M 45S,12-07-20,40,50,52,536
47,91,58,530,13H 9M 46S,12-07-20,37,51,55,536
47,96,58,530,13H 9M 47S,12-07-20,36,55,55,536
49,98,58,530,13H 9M 48S,12-07-20,40,51,54,536
48,91,59,530,13H 9M 49S,12-07-20,50,50,56,536
47,93,58,530,13H 9M 50S,12-07-20,47,50,57,536
50,93,57,530,13H 9M 51S,12-07-20,44,52,55,536
48,95,57,530,13H 9M 52S,12-07-20,50,51,54,536
50,90,57,530,13H 9M 53S,12-07-20,49,51,52,536
48,92,57,530,13H 9M 54S,12-07-20,52,52,54,536
47,90,57,530,13H 9M 55S,12-07-20,49,51,56,536
45,89,57,530,13H 9M 56S,12-07-20,50,50,54,536
46,90,55,530,13H 9M 57S,12-07-20,49,50,53,537
46,90,56,530,13H 9M 58S,12-07-20,48,50,54,536
46,90,56,530,13H 9M 59S,12-07-20,50,49,54,537
45,285,56,530,13H 10M 0S,12-07-20,51,50,57,537
48,91,56,530,13H 10M 1S,12-07-20,48,48,53,536
46,92,56,530,13H 10M 2S,12-07-20,48,50,54,536
45,89,55,530,13H 10M 3S,12-07-20,46,48,52,537
49,91,56,530,13H 10M 4S,12-07-20,57,48,55,536
47,87,56,530,13H 10M 5S,12-07-20,56,50,54,536
47,88,56,530,13H 10M 6S,12-07-20,58,50,55,536
46,91,57,530,13H 10M 8S,12-07-20,53,46,53,537
46,87,56,530,13H 10M 9S,12-07-20,57,49,54,537
46,93,56,530,13H 10M 10S,12-07-20,49,50,54,537
46,89,56,530,13H 10M 11S,12-07-20,59,47,55,537
49,93,56,530,13H 10M 12S,12-07-20,57,50,54,536
47,90,56,530,13H 10M 13S,12-07-20,58,50,52,537
46,91,57,530,13H 10M 14S,12-07-20,57,50,55,537
45,88,57,530,13H 10M 15S,12-07-20,56,51,52,537
44,93,55,530,13H 10M 16S,12-07-20,58,50,53,537
49,88,55,530,13H 10M 17S,12-07-20,63,50,54,536
48,90,56,530,13H 10M 18S,12-07-20,57,49,56,537
47,88,56,530,13H 10M 19S,12-07-20,60,50,54,537
46,91,57,530,13H 10M 20S,12-07-20,58,49,54,537
44,92,57,530,13H 10M 21S,12-07-20,58,49,56,537
45,90,57,530,13H 10M 22S,12-07-20,57,48,52,537
44,88,58,530,13H 10M 23S,12-07-20,56,48,53,537
45,89,57,530,13H 10M 24S,12-07-20,56,50,55,537
47,90,53,530,13H 10M 25S,12-07-20,60,50,52,537
47,90,54,530,13H 10M 26S,12-07-20,60,50,53,537
48,95,54,530,13H 10M 27S,12-07-20,61,50,53,537
47,90,56,530,13H 10M 28S,12-07-20,62,51,52,537
45,88,59,530,13H 10M 29S,12-07-20,59,50,54,537
46,102,57,530,13H 10M 30S,12-07-20,58,48,52,537
44,93,57,530,13H 10M 31S,12-07-20,61,50,53,537
47,91,56,530,13H 10M 32S,12-07-20,61,49,55,537
46,88,55,530,13H 10M 33S,12-07-20,59,49,52,537
45,90,56,530,13H 10M 34S,12-07-20,59,49,53,537
46,90,55,530,13H 10M 35S,12-07-20,60,49,54,537
46,91,55,530,13H 10M 36S,12-07-20,59,47,53,537
46,90,56,530,13H 10M 37S,12-07-20,60,45,53,537
46,90,56,530,13H 10M 38S,12-07-20,60,49,54,537
47,85,57,530,13H 10M 39S,12-07-20,61,50,55,537
48,87,56,530,13H 10M 40S,12-07-20,59,50,55,537
46,92,56,530,13H 10M 41S,12-07-20,54,47,53,537
48,86,55,530,13H 10M 42S,12-07-20,56,45,52,537
48,88,56,530,13H 10M 43S,12-07-20,54,48,54,537
45,93,56,530,13H 10M 44S,12-07-20,52,53,53,537
47,90,56,530,13H 10M 46S,12-07-20,57,49,55,537
47,90,56,530,13H 10M 47S,12-07-20,59,48,55,537
49,90,56,530,13H 10M 48S,12-07-20,59,50,53,537
47,90,56,530,13H 10M 49S,12-07-20,57,50,54,537
48,91,57,530,13H 10M 50S,12-07-20,56,50,54,537
46,87,56,530,13H 10M 51S,12-07-20,60,46,56,537
47,88,56,530,13H 10M 52S,12-07-20,59,50,55,537
46,89,56,530,13H 10M 53S,12-07-20,58,50,54,537
45,88,56,530,13H 10M 54S,12-07-20,57,50,53,537
45,91,56,530,13H 10M 55S,12-07-20,61,50,50,537
49,92,56,530,13H 10M 56S,12-07-20,59,48,50,537
47,90,56,530,13H 10M 57S,12-07-20,59,48,50,537
48,87,56,530,13H 10M 58S,12-07-20,59,50,50,537
47,88,56,530,13H 10M 59S,12-07-20,59,48,50,537
47,92,56,530,13H 11M 0S,12-07-20,60,49,50,537
46,97,55,530,13H 11M 1S,12-07-20,61,50,51,537
50,91,56,530,13H 11M 2S,12-07-20,62,51,55,537
49,93,56,530,13H 11M 3S,12-07-20,63,53,61,537
46,94,56,530,13H 11M 4S,12-07-20,58,52,53,537
44,89,56,530,13H 11M 5S,12-07-20,55,47,50,537
44,93,56,531,13H 11M 6S,12-07-20,59,47,53,537
44,89,56,530,13H 11M 7S,12-07-20,58,50,56,537
46,89,57,531,13H 11M 8S,12-07-20,57,48,50,537
47,90,55,530,13H 11M 9S,12-07-20,59,50,53,537
48,94,54,530,13H 11M 10S,12-07-20,62,50,55,537
48,92,55,530,13H 11M 11S,12-07-20,62,51,57,537
45,91,57,530,13H 11M 12S,12-07-20,63,52,53,537
46,88,58,530,13H 11M 13S,12-07-20,58,52,52,537
46,90,58,530,13H 11M 14S,12-07-20,56,49,53,537
46,90,59,530,13H 11M 15S,12-07-20,55,50,55,537
44,89,59,530,13H 11M 16S,12-07-20,55,50,53,537
42,89,55,530,13H 11M 17S,12-07-20,52,50,56,537
44,94,54,531,13H 11M 18S,12-07-20,51,48,55,537
45,89,58,530,13H 11M 19S,12-07-20,48,50,53,537
46,97,60,530,13H 11M 20S,12-07-20,44,49,55,537
47,90,61,531,13H 11M 21S,12-07-20,44,50,55,537
44,91,61,530,13H 11M 22S,12-07-20,46,51,58,537
42,92,60,530,13H 11M 24S,12-07-20,57,46,53,537
43,91,54,531,13H 11M 25S,12-07-20,59,49,54,537
44,89,54,530,13H 11M 26S,12-07-20,62,47,52,537
44,87,53,530,13H 11M 27S,12-07-20,62,46,50,537
43,89,53,531,13H 11M 28S,12-07-20,56,47,54,538
46,89,55,531,13H 11M 29S,12-07-20,60,46,54,537
46,86,55,531,13H 11M 30S,12-07-20,60,50,52,537
45,89,55,531,13H 11M 31S,12-07-20,49,49,55,537
46,91,54,531,13H 11M 32S,12-07-20,45,47,53,537
46,90,54,530,13H 11M 33S,12-07-20,42,50,54,537
47,95,57,531,13H 11M 34S,12-07-20,49,50,52,537
46,90,57,531,13H 11M 35S,12-07-20,52,49,54,537
46,91,57,531,13H 11M 36S,12-07-20,52,52,55,537
46,92,57,531,13H 11M 37S,12-07-20,50,48,55,538
47,88,55,531,13H 11M 38S,12-07-20,53,48,52,538
47,88,57,530,13H 11M 39S,12-07-20,50,48,56,537
48,87,56,531,13H 11M 40S,12-07-20,47,50,58,538
48,88,56,531,13H 11M 41S,12-07-20,52,48,58,538
46,87,56,531,13H 11M 42S,12-07-20,50,50,54,538
46,94,56,531,13H 11M 43S,12-07-20,50,49,54,538
48,85,57,531,13H 11M 44S,12-07-20,55,47,56,537
48,89,57,531,13H 11M 45S,12-07-20,49,48,58,538
47,89,56,531,13H 11M 46S,12-07-20,59,50,58,538
45,92,56,531,13H 11M 47S,12-07-20,56,48,54,538
45,92,56,531,13H 11M 48S,12-07-20,54,50,52,537
45,92,56,531,13H 11M 49S,12-07-20,54,49,55,538
47,93,56,531,13H 11M 50S,12-07-20,57,50,54,538
47,97,55,531,13H 11M 51S,12-07-20,59,50,52,538
48,92,56,531,13H 11M 52S,12-07-20,61,51,52,538
46,87,56,531,13H 11M 53S,12-07-20,58,52,56,538
44,92,56,531,13H 11M 54S,12-07-20,57,50,55,538
44,93,56,531,13H 11M 55S,12-07-20,55,51,49,538
43,91,55,531,13H 11M 56S,12-07-20,56,48,50,537
44,93,55,531,13H 11M 57S,12-07-20,58,47,50,538
44,89,55,531,13H 11M 58S,12-07-20,59,48,47,538
42,91,55,531,13H 11M 59S,12-07-20,60,50,57,538
45,89,56,531,13H 12M 0S,12-07-20,55,47,50,538
45,90,55,531,13H 12M 1S,12-07-20,60,52,56,538
45,96,56,531,13H 12M 3S,12-07-20,53,45,47,538
45,92,56,531,13H 12M 4S,12-07-20,53,50,54,538
44,92,57,531,13H 12M 5S,12-07-20,51,47,50,538
42,90,55,531,13H 12M 6S,12-07-20,56,52,54,538
47,93,58,531,13H 12M 7S,12-07-20,49,49,51,538
45,90,56,531,13H 12M 8S,12-07-20,53,49,52,538
44,91,58,531,13H 12M 9S,12-07-20,57,49,51,538
44,91,59,531,13H 12M 10S,12-07-20,58,49,53,538
48,91,59,531,13H 12M 11S,12-07-20,56,50,53,538
42,89,58,531,13H 12M 12S,12-07-20,57,49,53,538
46,90,59,531,13H 12M 13S,12-07-20,54,49,55,538
45,91,59,531,13H 12M 14S,12-07-20,54,49,54,538
44,95,57,531,13H 12M 15S,12-07-20,57,50,57,538
44,91,54,531,13H 12M 16S,12-07-20,57,48,53,538
47,91,55,531,13H 12M 17S,12-07-20,59,48,54,538
45,90,55,531,13H 12M 18S,12-07-20,59,47,56,538
45,95,55,531,13H 12M 19S,12-07-20,59,48,54,538
44,88,55,531,13H 12M 20S,12-07-20,58,47,56,538
42,94,55,531,13H 12M 21S,12-07-20,57,49,57,538
44,93,58,531,13H 12M 22S,12-07-20,57,50,57,538
43,93,59,531,13H 12M 23S,12-07-20,57,50,58,538
45,94,55,531,13H 12M 24S,12-07-20,54,49,54,538
44,89,53,531,13H 12M 25S,12-07-20,51,46,53,538
44,88,52,531,13H 12M 26S,12-07-20,50,48,50,538
46,89,52,531,13H 12M 27S,12-07-20,50,48,49,538
44,90,52,531,13H 12M 28S,12-07-20,58,45,52,538
45,93,53,531,13H 12M 29S,12-07-20,57,45,52,538
46,88,54,531,13H 12M 30S,12-07-20,58,45,52,538
44,90,54,531,13H 12M 31S,12-07-20,58,46,52,538
46,89,54,531,13H 12M 32S,12-07-20,56,48,53,538
47,90,54,531,13H 12M 33S,12-07-20,57,45,50,538
47,91,55,531,13H 12M 34S,12-07-20,57,45,56,538
47,91,56,531,13H 12M 35S,12-07-20,56,45,56,538
46,90,56,531,13H 12M 36S,12-07-20,58,48,56,538
47,94,56,531,13H 12M 37S,12-07-20,57,46,55,538
47,87,57,531,13H 12M 38S,12-07-20,60,49,57,538
49,89,57,531,13H 12M 39S,12-07-20,58,47,54,538
48,87,57,531,13H 12M 41S,12-07-20,59,48,55,538
48,88,56,531,13H 12M 42S,12-07-20,50,47,57,538
48,87,56,531,13H 12M 43S,12-07-20,59,50,52,538
46,92,55,531,13H 12M 44S,12-07-20,61,50,52,538
48,89,56,531,13H 12M 45S,12-07-20,56,50,54,538
48,94,56,531,13H 12M 46S,12-07-20,47,50,55,538
48,86,56,531,13H 12M 47S,12-07-20,53,50,50,538
46,93,55,531,13H 12M 48S,12-07-20,50,47,51,538
50,93,56,531,13H 12M 49S,12-07-20,50,49,50,538
45,94,56,531,13H 12M 50S,12-07-20,51,50,51,538
48,89,55,531,13H 12M 51S,12-07-20,54,50,50,538
49,87,55,531,13H 12M 52S,12-07-20,56,49,53,538
50,89,56,531,13H 12M 53S,12-07-20,48,50,52,538
49,87,56,531,13H 12M 54S,12-07-20,51,51,52,538
46,90,56,531,13H 12M 55S,12-07-20,51,52,56,538
44,89,56,531,13H 12M 56S,12-07-20,50,50,54,538
43,85,56,531,13H 12M 57S,12-07-20,50,50,54,538
44,86,56,531,13H 12M 58S,12-07-20,48,53,54,538
43,85,56,531,13H 12M 59S,12-07-20,48,50,55,538
45,87,56,531,13H 13M 0S,12-07-20,45,51,55,538
46,86,56,531,13H 13M 1S,12-07-20,45,52,56,538
45,89,56,531,13H 13M 2S,12-07-20,49,54,53,538
48,90,57,531,13H 13M 3S,12-07-20,57,52,52,538
44,87,56,531,13H 13M 4S,12-07-20,47,49,52,538
45,89,58,531,13H 13M 5S,12-07-20,59,51,54,538
45,90,57,531,13H 13M 6S,12-07-20,52,48,52,538
45,91,58,531,13H 13M 7S,12-07-20,53,49,54,538
42,96,58,531,13H 13M 8S,12-07-20,56,48,54,538
46,87,58,531,13H 13M 9S,12-07-20,54,49,55,538
44,87,57,531,13H 13M 10S,12-07-20,54,50,54,538
46,92,59,531,13H 13M 11S,12-07-20,50,47,55,538
48,89,58,531,13H 13M 12S,12-07-20,44,48,58,538
45,89,59,531,13H 13M 13S,12-07-20,52,52,54,538
44,87,59,531,13H 13M 14S,12-07-20,53,50,53,538
46,88,55,531,13H 13M 15S,12-07-20,53,50,57,538
44,92,54,531,13H 13M 16S,12-07-20,53,46,54,538
46,91,52,531,13H 13M 17S,12-07-20,50,50,52,538
46,90,52,531,13H 13M 19S,12-07-20,52,46,49,538
43,88,51,531,13H 13M 20S,12-07-20,52,48,53,538
45,89,55,531,13H 13M 21S,12-07-20,56,47,57,538
43,88,54,531,13H 13M 22S,12-07-20,56,50,51,538
43,88,55,531,13H 13M 23S,12-07-20,57,48,54,538
46,87,54,531,13H 13M 24S,12-07-20,57,46,56,538
45,90,54,531,13H 13M 25S,12-07-20,49,48,55,538
44,90,55,531,13H 13M 26S,12-07-20,49,50,56,538
44,91,58,531,13H 13M 27S,12-07-20,48,51,54,538
45,90,58,531,13H 13M 28S,12-07-20,50,50,58,538
45,90,56,531,13H 13M 29S,12-07-20,45,50,53,538
45,89,57,531,13H 13M 30S,12-07-20,46,51,55,538
49,90,57,531,13H 13M 31S,12-07-20,51,50,52,538
46,88,57,532,13H 13M 32S,12-07-20,51,50,53,538
47,86,56,531,13H 13M 33S,12-07-20,50,48,54,538
47,89,56,531,13H 13M 34S,12-07-20,48,50,55,538
48,87,56,531,13H 13M 35S,12-07-20,44,47,53,538
46,93,55,531,13H 13M 36S,12-07-20,55,50,53,538
50,91,55,531,13H 13M 37S,12-07-20,62,51,51,538
49,89,56,531,13H 13M 38S,12-07-20,58,49,55,538
48,86,57,532,13H 13M 39S,12-07-20,56,48,56,538
47,87,56,531,13H 13M 40S,12-07-20,58,50,53,539
46,88,56,531,13H 13M 41S,12-07-20,58,47,56,539
47,89,57,532,13H 13M 42S,12-07-20,56,50,55,538
47,89,56,531,13H 13M 43S,12-07-20,55,50,58,538
46,89,56,531,13H 13M 44S,12-07-20,56,52,55,538
46,90,56,532,13H 13M 45S,12-07-20,54,50,55,539
47,93,56,532,13H 13M 46S,12-07-20,56,50,50,538
47,92,56,531,13H 13M 47S,12-07-20,56,50,52,538
46,89,56,531,13H 13M 48S,12-07-20,56,51,54,539
45,88,57,531,13H 13M 49S,12-07-20,54,50,56,539
45,91,56,531,13H 13M 50S,12-07-20,55,47,51,539
44,94,55,531,13H 13M 51S,12-07-20,57,48,51,539
46,90,55,531,13H 13M 52S,12-07-20,54,47,50,539
45,91,56,531,13H 13M 53S,12-07-20,57,50,55,538
45,87,56,532,13H 13M 54S,12-07-20,55,47,52,538
45,89,55,531,13H 13M 55S,12-07-20,54,46,51,538
48,90,56,531,13H 13M 57S,12-07-20,46,47,53,539
45,88,56,532,13H 13M 58S,12-07-20,50,52,53,539
46,91,56,531,13H 13M 59S,12-07-20,46,47,52,539
43,90,56,532,13H 14M 0S,12-07-20,54,50,54,539
44,92,57,532,13H 14M 1S,12-07-20,52,49,54,539
44,90,57,532,13H 14M 2S,12-07-20,54,47,53,538
45,91,58,531,13H 14M 3S,12-07-20,47,50,53,539
46,90,56,531,13H 14M 4S,12-07-20,49,50,54,538
45,91,55,532,13H 14M 5S,12-07-20,50,50,52,539
47,92,57,532,13H 14M 6S,12-07-20,48,50,55,538
47,92,56,532,13H 14M 7S,12-07-20,50,50,51,539
44,90,58,532,13H 14M 8S,12-07-20,46,48,55,539
47,91,58,532,13H 14M 9S,12-07-20,47,52,53,538
46,97,58,532,13H 14M 10S,12-07-20,50,51,54,539
46,98,59,532,13H 14M 11S,12-07-20,50,51,55,539
45,97,58,532,13H 14M 12S,12-07-20,49,51,55,539
46,96,59,532,13H 14M 13S,12-07-20,50,50,57,539
43,90,58,532,13H 14M 14S,12-07-20,50,51,57,539
43,93,58,532,13H 14M 15S,12-07-20,43,50,56,539
43,92,58,532,13H 14M 16S,12-07-20,41,51,58,539
46,93,57,532,13H 14M 17S,12-07-20,49,48,56,539
45,95,57,532,13H 14M 18S,12-07-20,49,51,57,539
45,95,57,532,13H 14M 19S,12-07-20,50,49,56,539
47,90,57,532,13H 14M 20S,12-07-20,51,52,55,539
43,91,56,532,13H 14M 21S,12-07-20,50,50,53,539
49,92,54,532,13H 14M 22S,12-07-20,50,49,54,539
46,99,56,532,13H 14M 23S,12-07-20,52,50,56,539
45,95,55,532,13H 14M 24S,12-07-20,50,50,56,539
46,95,55,532,13H 14M 25S,12-07-20,50,51,53,539
49,94,55,532,13H 14M 26S,12-07-20,50,50,52,539
49,96,55,532,13H 14M 27S,12-07-20,50,52,52,539
48,97,56,532,13H 14M 28S,12-07-20,50,52,54,539
50,96,57,532,13H 14M 29S,12-07-20,53,52,52,539
48,94,56,532,13H 14M 30S,12-07-20,54,51,53,539
48,97,55,532,13H 14M 31S,12-07-20,52,50,55,539
51,102,55,532,13H 14M 32S,12-07-20,52,54,51,539
53,99,55,532,13H 14M 33S,12-07-20,54,57,51,539
52,103,56,532,13H 14M 34S,12-07-20,56,58,53,539
52,103,55,532,13H 14M 36S,12-07-20,58,55,52,539
54,104,55,532,13H 14M 37S,12-07-20,55,58,52,539
54,102,55,532,13H 14M 38S,12-07-20,56,58,55,539
55,101,55,532,13H 14M 39S,12-07-20,59,58,53,539
55,102,55,532,13H 14M 40S,12-07-20,57,59,52,539
56,105,55,532,13H 14M 41S,12-07-20,55,58,54,539
55,105,55,532,13H 14M 42S,12-07-20,58,60,55,539
57,112,54,532,13H 14M 43S,12-07-20,58,65,54,539
61,109,53,532,13H 14M 44S,12-07-20,56,65,53,539
60,113,53,532,13H 14M 45S,12-07-20,57,65,52,539
61,110,53,532,13H 14M 46S,12-07-20,62,63,55,539
62,118,54,532,13H 14M 47S,12-07-20,62,66,53,539
61,117,54,532,13H 14M 48S,12-07-20,56,66,54,539
65,122,55,532,13H 14M 49S,12-07-20,58,62,51,539
63,123,57,532,13H 14M 50S,12-07-20,59,68,53,539
67,126,55,532,13H 14M 51S,12-07-20,62,69,54,539
65,124,56,532,13H 14M 52S,12-07-20,61,66,53,539
63,123,59,532,13H 14M 53S,12-07-20,58,68,55,539
65,127,59,532,13H 14M 54S,12-07-20,60,72,55,539
67,126,59,532,13H 14M 55S,12-07-20,61,70,59,539
67,128,58,532,13H 14M 56S,12-07-20,62,70,56,539
68,128,58,532,13H 14M 57S,12-07-20,65,74,56,539
71,130,57,532,13H 14M 58S,12-07-20,68,76,56,539
76,139,57,532,13H 14M 59S,12-07-20,68,80,57,539
73,128,55,532,13H 15M 0S,12-07-20,68,77,54,539
74,130,57,532,13H 15M 1S,12-07-20,69,74,55,539
84,135,55,532,13H 15M 2S,12-07-20,73,81,54,539
77,134,55,532,13H 15M 3S,12-07-20,72,79,55,539
79,133,55,532,13H 15M 4S,12-07-20,72,79,54,539
80,131,55,532,13H 15M 5S,12-07-20,73,82,55,539
81,139,55,532,13H 15M 6S,12-07-20,71,83,53,539
75,132,55,532,13H 15M 7S,12-07-20,70,79,54,539
80,133,55,532,13H 15M 8S,12-07-20,76,86,55,539
77,132,56,532,13H 15M 9S,12-07-20,77,89,54,539
76,133,55,532,13H 15M 10S,12-07-20,73,83,54,539
90,146,56,532,13H 15M 11S,12-07-20,72,82,55,539
93,137,56,532,13H 15M 13S,12-07-20,78,93,52,539
92,138,56,532,13H 15M 14S,12-07-20,79,95,55,539
91,131,55,532,13H 15M 15S,12-07-20,81,94,55,539
91,139,56,532,13H 15M 16S,12-07-20,83,103,56,539
106,149,56,532,13H 15M 17S,12-07-20,84,100,56,539
107,147,56,532,13H 15M 18S,12-07-20,85,107,54,539
100,144,56,532,13H 15M 19S,12-07-20,86,106,57,539
106,154,56,532,13H 15M 20S,12-07-20,93,116,58,539
116,154,55,532,13H 15M 21S,12-07-20,92,107,57,539
109,150,56,532,13H 15M 22S,12-07-20,88,104,58,539
108,156,55,532,13H 15M 23S,12-07-20,93,110,59,539
122,163,55,532,13H 15M 24S,12-07-20,100,125,61,539
117,161,56,532,13H 15M 25S,12-07-20,94,112,59,539
118,157,56,532,13H 15M 26S,12-07-20,92,112,58,539
115,161,56,532,13H 15M 27S,12-07-20,100,128,60,539
129,168,56,532,13H 15M 28S,12-07-20,107,133,63,539
118,160,56,532,13H 15M 29S,12-07-20,100,122,61,539
128,165,57,532,13H 15M 30S,12-07-20,104,135,59,539
134,165,56,532,13H 15M 31S,12-07-20,117,150,62,539
140,165,57,532,13H 15M 32S,12-07-20,115,148,61,539
134,169,57,532,13H 15M 33S,12-07-20,131,168,62,539
147,171,57,532,13H 15M 34S,12-07-20,165,218,67,539
146,168,56,532,13H 15M 35S,12-07-20,146,185,63,539
141,170,56,532,13H 15M 36S,12-07-20,132,175,66,539
212,195,57,532,13H 15M 37S,12-07-20,194,267,71,539
239,206,57,532,13H 15M 38S,12-07-20,278,381,80,539
174,201,56,532,13H 15M 39S,12-07-20,190,262,70,539
171,190,57,532,13H 15M 40S,12-07-20,147,198,65,539
218,202,56,532,13H 15M 41S,12-07-20,218,288,75,539
175,194,56,532,13H 15M 42S,12-07-20,217,283,73,539
177,193,55,532,13H 15M 43S,12-07-20,162,203,67,539
221,210,56,532,13H 15M 44S,12-07-20,193,258,73,539
225,199,56,532,13H 15M 45S,12-07-20,240,331,78,539
227,201,56,532,13H 15M 46S,12-07-20,228,312,77,539
230,199,56,532,13H 15M 47S,12-07-20,232,310,78,539
260,195,56,532,13H 15M 48S,12-07-20,270,374,78,539
302,210,56,532,13H 15M 49S,12-07-20,267,365,79,539
293,224,56,532,13H 15M 50S,12-07-20,269,375,80,539
351,236,57,532,13H 15M 52S,12-07-20,290,391,81,539
354,215,56,532,13H 15M 53S,12-07-20,265,389,81,539
376,242,56,532,13H 15M 54S,12-07-20,288,409,85,539
414,259,57,532,13H 15M 55S,12-07-20,301,420,84,539
404,245,57,532,13H 15M 56S,12-07-20,280,398,80,539
369,248,55,532,13H 15M 57S,12-07-20,291,415,85,539
383,243,56,532,13H 15M 58S,12-07-20,295,408,88,539
397,250,57,532,13H 15M 59S,12-07-20,274,375,78,539
386,229,56,532,13H 16M 0S,12-07-20,279,375,79,539
374,231,57,532,13H 16M 1S,12-07-20,291,409,87,539
381,233,56,532,13H 16M 2S,12-07-20,301,414,85,539
361,236,56,532,13H 16M 3S,12-07-20,302,417,79,539
345,233,56,532,13H 16M 4S,12-07-20,295,411,80,539
370,239,56,532,13H 16M 5S,12-07-20,283,393,85,539
384,228,56,532,13H 16M 6S,12-07-20,299,412,85,539
368,228,56,532,13H 16M 7S,12-07-20,278,376,79,539
364,230,57,532,13H 16M 8S,12-07-20,266,383,78,539
407,235,56,532,13H 16M 9S,12-07-20,286,417,87,539
380,235,56,532,13H 16M 10S,12-07-20,285,398,85,539
360,247,56,532,13H 16M 11S,12-07-20,277,376,79,539
360,240,56,532,13H 16M 12S,12-07-20,270,363,77,539
369,239,57,532,13H 16M 13S,12-07-20,278,395,84,539
336,239,57,532,13H 16M 14S,12-07-20,251,346,81,539
312,219,58,532,13H 16M 15S,12-07-20,275,381,83,539
367,232,56,532,13H 16M 16S,12-07-20,256,356,79,539
322,215,54,532,13H 16M 17S,12-07-20,259,356,76,539
336,233,58,532,13H 16M 18S,12-07-20,267,373,79,539
372,224,60,532,13H 16M 19S,12-07-20,256,362,83,539
340,231,53,532,13H 16M 20S,12-07-20,256,353,78,539
342,224,53,532,13H 16M 21S,12-07-20,252,338,76,539
346,231,53,532,13H 16M 22S,12-07-20,239,318,78,539
341,236,53,532,13H 16M 23S,12-07-20,266,358,78,539
389,232,55,532,13H 16M 24S,12-07-20,246,327,77,539
366,248,55,532,13H 16M 25S,12-07-20,247,351,83,540
351,225,62,532,13H 16M 26S,12-07-20,275,384,85,539
407,234,56,532,13H 16M 27S,12-07-20,278,392,82,539
360,259,50,532,13H 16M 28S,12-07-20,321,432,79,539
368,234,59,532,13H 16M 30S,12-07-20,268,364,76,539
374,258,59,532,13H 16M 31S,12-07-20,280,377,78,539
363,236,53,532,13H 16M 32S,12-07-20,294,406,84,539
377,241,51,532,13H 16M 33S,12-07-20,281,383,83,539
338,239,57,532,13H 16M 34S,12-07-20,266,370,84,540
376,242,61,532,13H 16M 35S,12-07-20,269,381,80,539
373,242,55,532,13H 16M 36S,12-07-20,286,396,79,539
355,230,53,532,13H 16M 37S,12-07-20,308,433,87,539
373,246,58,532,13H 16M 38S,12-07-20,264,366,80,539
345,222,58,532,13H 16M 39S,12-07-20,251,353,77,539
338,222,55,532,13H 16M 40S,12-07-20,285,388,82,540
347,229,54,532,13H 16M 41S,12-07-20,305,425,83,539
347,236,58,532,13H 16M 42S,12-07-20,270,373,84,540
342,245,57,532,13H 16M 43S,12-07-20,270,365,79,540
359,247,54,532,13H 16M 44S,12-07-20,296,414,83,539
395,237,57,532,13H 16M 45S,12-07-20,282,396,82,539
376,234,57,533,13H 16M 46S,12-07-20,265,366,79,540
350,233,56,532,13H 16M 47S,12-07-20,271,379,82,539
384,235,55,532,13H 16M 48S,12-07-20,303,432,86,539
395,244,57,532,13H 16M 49S,12-07-20,313,454,90,539
421,248,57,532,13H 16M 50S,12-07-20,270,382,79,539
455,247,55,533,13H 16M 51S,12-07-20,352,467,84,540
381,229,56,532,13H 16M 52S,12-07-20,289,393,81,539
378,249,57,532,13H 16M 53S,12-07-20,286,385,83,539
385,247,58,533,13H 16M 54S,12-07-20,303,420,81,540
375,240,57,532,13H 16M 55S,12-07-20,276,374,80,540
382,245,55,533,13H 16M 56S,12-07-20,291,415,89,539
362,236,57,532,13H 16M 57S,12-07-20,283,371,82,539
374,245,57,532,13H 16M 58S,12-07-20,306,431,86,539
384,246,55,532,13H 16M 59S,12-07-20,275,381,81,540
356,241,55,532,13H 17M 0S,12-07-20,301,408,86,540
389,244,56,532,13H 17M 1S,12-07-20,287,380,85,539
348,229,57,532,13H 17M 2S,12-07-20,271,381,83,540
338,241,56,533,13H 17M 3S,12-07-20,270,377,82,539
372,236,56,532,13H 17M 4S,12-07-20,265,359,78,539
331,236,57,532,13H 17M 5S,12-07-20,292,402,83,540
325,222,57,533,13H 17M 6S,12-07-20,274,358,82,540
350,252,57,532,13H 17M 7S,12-07-20,287,422,85,539
391,255,56,532,13H 17M 9S,12-07-20,262,371,84,540
340,242,56,532,13H 17M 10S,12-07-20,271,373,83,540
358,235,57,532,13H 17M 11S,12-07-20,289,398,83,539
380,232,56,532,13H 17M 12S,12-07-20,273,381,80,540
353,242,55,532,13H 17M 13S,12-07-20,286,402,85,540
349,239,57,533,13H 17M 14S,12-07-20,279,379,82,540
385,251,57,532,13H 17M 15S,12-07-20,284,376,79,540
368,246,56,533,13H 17M 16S,12-07-20,283,395,84,540
361,226,56,532,13H 17M 17S,12-07-20,285,390,84,539
375,252,56,532,13H 17M 18S,12-07-20,291,423,87,540
388,235,56,533,13H 17M 19S,12-07-20,288,393,82,540
390,243,56,532,13H 17M 20S,12-07-20,303,420,86,540
397,253,57,533,13H 17M 21S,12-07-20,287,385,87,540
319,233,56,532,13H 17M 22S,12-07-20,238,328,75,540
342,246,56,532,13H 17M 23S,12-07-20,252,350,78,540
380,253,56,533,13H 17M 24S,12-07-20,295,403,80,540
378,244,57,533,13H 17M 25S,12-07-20,277,367,82,540
355,233,57,532,13H 17M 26S,12-07-20,262,361,84,540
361,242,56,533,13H 17M 27S,12-07-20,274,383,83,540
346,240,56,533,13H 17M 28S,12-07-20,273,375,79,540
370,240,56,533,13H 17M 29S,12-07-20,316,430,84,540
372,249,57,533,13H 17M 30S,12-07-20,262,367,83,540
374,240,57,532,13H 17M 31S,12-07-20,250,350,80,540
389,263,58,533,13H 17M 32S,12-07-20,276,376,84,540
372,251,59,533,13H 17M 33S,12-07-20,293,395,85,540
393,235,55,533,13H 17M 34S,12-07-20,274,367,81,540
368,240,53,533,13H 17M 35S,12-07-20,267,357,82,540
382,262,57,533,13H 17M 36S,12-07-20,299,423,86,540
356,244,58,533,13H 17M 37S,12-07-20,259,355,84,540
356,260,60,533,13H 17M 38S,12-07-20,260,360,83,540
391,248,58,533,13H 17M 39S,12-07-20,272,377,81,540
363,235,51,533,13H 17M 40S,12-07-20,274,371,78,540
383,234,52,533,13H 17M 41S,12-07-20,262,355,77,540
358,241,61,533,13H 17M 42S,12-07-20,265,367,82,540
378,236,59,533,13H 17M 43S,12-07-20,265,379,81,540
283,211,59,533,13H 17M 44S,12-07-20,252,344,75,540
277,197,63,533,13H 17M 45S,12-07-20,185,243,69,540
280,201,63,533,13H 17M 47S,12-07-20,204,278,74,540
292,205,63,533,13H 17M 48S,12-07-20,206,275,73,540
274,201,62,533,13H 17M 49S,12-07-20,184,249,70,540
276,196,62,533,13H 17M 50S,12-07-20,194,262,73,540
270,196,61,533,13H 17M 51S,12-07-20,195,264,73,540
279,197,61,533,13H 17M 52S,12-07-20,187,250,71,540
258,196,61,533,13H 17M 53S,12-07-20,219,297,74,540
297,192,59,533,13H 17M 54S,12-07-20,216,293,75,540
288,193,60,533,13H 17M 55S,12-07-20,225,309,76,540
297,194,59,533,13H 17M 56S,12-07-20,223,305,74,540
304,194,59,533,13H 17M 57S,12-07-20,276,379,76,540
386,201,57,533,13H 17M 58S,12-07-20,270,372,73,540
353,206,54,533,13H 17M 59S,12-07-20,265,360,75,540
376,204,57,533,13H 18M 0S,12-07-20,317,443,87,540
391,204,58,533,13H 18M 1S,12-07-20,306,424,83,540
412,210,58,533,13H 18M 2S,12-07-20,321,447,83,540
376,202,55,533,13H 18M 3S,12-07-20,321,442,82,540
352,203,56,533,13H 18M 4S,12-07-20,300,411,83,540
365,214,57,533,13H 18M 5S,12-07-20,288,406,80,540
401,202,56,533,13H 18M 6S,12-07-20,308,430,80,540
409,208,56,533,13H 18M 7S,12-07-20,294,400,81,540
516,226,57,533,13H 18M 8S,12-07-20,339,477,88,540
474,221,57,533,13H 18M 9S,12-07-20,321,441,82,540
465,213,57,533,13H 18M 10S,12-07-20,340,469,80,540
477,219,57,533,13H 18M 11S,12-07-20,315,432,80,540
502,218,56,533,13H 18M 12S,12-07-20,335,468,83,540
492,221,57,533,13H 18M 13S,12-07-20,365,512,86,540
505,221,56,533,13H 18M 14S,12-07-20,358,509,87,540
521,225,57,533,13H 18M 15S,12-07-20,373,523,84,540
518,224,57,533,13H 18M 16S,12-07-20,370,514,85,540
516,225,57,533,13H 18M 17S,12-07-20,356,498,86,540
537,224,57,533,13H 18M 18S,12-07-20,384,540,89,540
518,226,56,532,13H 18M 19S,12-07-20,365,515,88,540
537,224,57,533,13H 18M 20S,12-07-20,375,525,88,540
521,222,57,533,13H 18M 21S,12-07-20,366,510,86,540
538,226,57,533,13H 18M 22S,12-07-20,380,534,87,540
510,222,56,533,13H 18M 23S,12-07-20,376,521,88,540
515,222,56,533,13H 18M 24S,12-07-20,368,518,89,540
514,221,57,533,13H 18M 26S,12-07-20,365,498,81,540
502,226,57,533,13H 18M 27S,12-07-20,373,518,88,540
522,222,57,533,13H 18M 28S,12-07-20,366,514,89,540
514,224,56,533,13H 18M 29S,12-07-20,380,539,88,540
522,223,56,533,13H 18M 30S,12-07-20,383,534,85,540
516,226,57,533,13H 18M 31S,12-07-20,374,524,86,540
501,224,57,533,13H 18M 32S,12-07-20,382,532,90,540
520,226,56,533,13H 18M 33S,12-07-20,367,500,86,540
513,223,57,533,13H 18M 34S,12-07-20,381,534,86,540
524,222,57,533,13H 18M 35S,12-07-20,364,507,86,540
535,223,57,533,13H 18M 36S,12-07-20,382,534,90,540
531,225,57,533,13H 18M 37S,12-07-20,374,526,92,540
549,229,57,533,13H 18M 38S,12-07-20,397,554,87,540
535,227,57,533,13H 18M 39S,12-07-20,380,539,87,540
537,228,57,533,13H 18M 40S,12-07-20,376,521,87,540
528,223,57,533,13H 18M 41S,12-07-20,386,544,90,540
505,228,56,533,13H 18M 42S,12-07-20,358,498,87,540
533,228,57,533,13H 18M 43S,12-07-20,379,529,88,540
505,223,58,533,13H 18M 44S,12-07-20,361,492,81,540
531,219,57,533,13H 18M 45S,12-07-20,368,515,89,540
519,227,58,533,13H 18M 46S,12-07-20,353,504,91,540
547,226,57,533,13H 18M 47S,12-07-20,381,533,87,540
515,222,55,533,13H 18M 48S,12-07-20,377,525,85,540
555,224,57,533,13H 18M 49S,12-07-20,376,526,91,540
525,224,59,533,13H 18M 50S,12-07-20,367,522,90,540
546,228,57,533,13H 18M 51S,12-07-20,374,532,89,540
542,230,55,533,13H 18M 52S,12-07-20,374,513,86,540
528,227,57,533,13H 18M 53S,12-07-20,389,542,88,540
529,230,60,533,13H 18M 54S,12-07-20,376,539,89,540
543,224,59,533,13H 18M 55S,12-07-20,368,517,88,540
540,230,54,533,13H 18M 56S,12-07-20,380,528,89,540
550,231,52,533,13H 18M 57S,12-07-20,387,539,86,540
550,232,58,533,13H 18M 58S,12-07-20,390,551,90,540
550,230,62,533,13H 18M 59S,12-07-20,394,563,95,540
540,229,57,533,13H 19M 0S,12-07-20,385,539,91,540
559,225,52,533,13H 19M 1S,12-07-20,379,521,86,540
527,222,55,533,13H 19M 2S,12-07-20,398,553,88,540
549,230,63,533,13H 19M 4S,12-07-20,371,512,85,540
532,233,58,533,13H 19M 5S,12-07-20,393,542,83,540
558,225,51,533,13H 19M 6S,12-07-20,383,536,93,540
552,223,53,533,13H 19M 7S,12-07-20,372,516,92,540
520,229,61,533,13H 19M 8S,12-07-20,375,523,89,540
548,227,61,533,13H 19M 9S,12-07-20,361,496,84,540
530,227,53,533,13H 19M 10S,12-07-20,382,524,87,540
513,225,52,533,13H 19M 11S,12-07-20,376,520,91,540
547,226,57,533,13H 19M 12S,12-07-20,383,537,95,540
535,226,61,533,13H 19M 13S,12-07-20,365,512,85,540
553,230,55,533,13H 19M 14S,12-07-20,383,541,87,540
527,227,53,533,13H 19M 15S,12-07-20,371,515,90,540
549,227,57,533,13H 19M 16S,12-07-20,376,531,93,540
518,226,58,533,13H 19M 17S,12-07-20,363,502,87,540
544,224,56,533,13H 19M 18S,12-07-20,380,526,85,540
523,228,55,533,13H 19M 19S,12-07-20,372,512,88,540
543,230,56,533,13H 19M 20S,12-07-20,376,527,92,540
531,224,58,533,13H 19M 21S,12-07-20,367,519,90,540
526,226,57,533,13H 19M 22S,12-07-20,374,514,84,540
552,227,56,533,13H 19M 23S,12-07-20,383,531,88,540
538,229,56,533,13H 19M 24S,12-07-20,381,534,92,540
564,234,57,533,13H 19M 25S,12-07-20,395,545,93,540
546,226,57,533,13H 19M 26S,12-07-20,389,540,85,540
558,235,56,533,13H 19M 27S,12-07-20,385,539,90,540
574,226,56,533,13H 19M 28S,12-07-20,410,571,95,540
564,221,57,533,13H 19M 29S,12-07-20,383,533,89,540
545,236,56,533,13H 19M 30S,12-07-20,400,556,88,540
558,227,57,533,13H 19M 31S,12-07-20,384,531,89,540
523,224,57,533,13H 19M 32S,12-07-20,382,531,90,540
529,229,57,533,13H 19M 33S,12-07-20,366,513,88,540
523,223,57,533,13H 19M 34S,12-07-20,364,497,84,540
514,226,57,533,13H 19M 35S,12-07-20,369,513,85,540
519,225,57,533,13H 19M 36S,12-07-20,370,510,89,540
549,228,56,533,13H 19M 37S,12-07-20,366,501,83,540
535,224,57,533,13H 19M 38S,12-07-20,382,539,88,540
518,227,56,533,13H 19M 39S,12-07-20,370,512,88,540
541,226,57,533,13H 19M 40S,12-07-20,365,506,84,540
547,233,57,533,13H 19M 41S,12-07-20,381,525,85,540
529,226,57,533,13H 19M 43S,12-07-20,357,484,85,540
496,221,57,533,13H 19M 44S,12-07-20,423,583,89,540
601,248,57,533,13H 19M 45S,12-07-20,475,656,98,540
633,253,58,533,13H 19M 46S,12-07-20,435,596,97,540
543,246,57,533,13H 19M 47S,12-07-20,321,422,83,540
446,239,56,533,13H 19M 48S,12-07-20,218,280,70,540
308,229,56,533,13H 19M 49S,12-07-20,210,269,68,540
256,215,59,533,13H 19M 50S,12-07-20,208,267,67,540
285,222,57,533,13H 19M 51S,12-07-20,175,215,64,540
220,211,58,533,13H 19M 52S,12-07-20,167,214,66,540
200,208,56,533,13H 19M 53S,12-07-20,171,212,65,540
199,202,56,533,13H 19M 54S,12-07-20,136,162,59,540
146,196,55,533,13H 19M 55S,12-07-20,125,146,59,540
180,197,57,533,13H 19M 56S,12-07-20,196,243,68,540
171,195,55,533,13H 19M 57S,12-07-20,127,148,61,540
120,180,56,533,13H 19M 58S,12-07-20,95,104,55,540
100,178,58,533,13H 19M 59S,12-07-20,92,103,59,540
99,177,54,533,13H 20M 0S,12-07-20,97,112,54,540
100,179,55,533,13H 20M 1S,12-07-20,98,113,55,540
109,179,54,533,13H 20M 2S,12-07-20,97,105,55,540
82,179,56,533,13H 20M 3S,12-07-20,77,85,56,540
75,173,58,533,13H 20M 4S,12-07-20,76,83,56,540
75,174,56,533,13H 20M 5S,12-07-20,71,81,56,540
82,170,55,533,13H 20M 6S,12-07-20,72,83,56,540
68,168,55,533,13H 20M 7S,12-07-20,69,71,55,540
67,168,53,533,13H 20M 8S,12-07-20,69,70,55,540
67,171,50,533,13H 20M 9S,12-07-20,67,72,54,540
72,172,50,533,13H 20M 10S,12-07-20,69,68,54,540
74,174,50,533,13H 20M 11S,12-07-20,67,80,54,540
76,170,50,533,13H 20M 12S,12-07-20,74,87,57,540
73,167,50,533,13H 20M 13S,12-07-20,76,76,58,540
71,171,50,533,13H 20M 14S,12-07-20,72,71,57,540
74,168,50,533,13H 20M 15S,12-07-20,72,65,56,540
75,169,50,533,13H 20M 16S,12-07-20,74,76,57,540
69,165,50,533,13H 20M 17S,12-07-20,69,75,56,540
60,157,50,533,13H 20M 18S,12-07-20,61,69,53,540
65,154,50,533,13H 20M 19S,12-07-20,67,71,53,540
56,133,50,533,13H 20M 21S,12-07-20,55,57,56,540
56,138,50,533,13H 20M 22S,12-07-20,57,59,55,540
61,139,50,533,13H 20M 23S,12-07-20,61,62,50,540
58,147,50,533,13H 20M 24S,12-07-20,60,61,55,540
62,145,50,533,13H 20M 25S,12-07-20,63,61,55,540
60,157,50,533,13H 20M 26S,12-07-20,59,61,53,540
57,146,50,533,13H 20M 27S,12-07-20,58,62,55,540
57,140,50,533,13H 20M 28S,12-07-20,54,58,54,540
52,143,50,533,13H 20M 29S,12-07-20,51,56,52,540
53,136,50,533,13H 20M 30S,12-07-20,54,55,54,540
56,136,50,533,13H 20M 31S,12-07-20,50,58,53,540
56,130,50,533,13H 20M 32S,12-07-20,50,56,54,540
55,136,50,533,13H 20M 33S,12-07-20,51,59,51,540
52,142,50,533,13H 20M 34S,12-07-20,52,55,55,540
50,132,50,533,13H 20M 35S,12-07-20,53,57,54,540
50,134,50,533,13H 20M 36S,12-07-20,54,53,53,540
51,130,50,533,13H 20M 37S,12-07-20,53,52,50,540
54,130,50,533,13H 20M 38S,12-07-20,51,57,50,540
53,132,50,533,13H 20M 39S,12-07-20,56,53,49,540
53,144,50,533,13H 20M 40S,12-07-20,54,54,50,540
54,145,50,533,13H 20M 41S,12-07-20,52,59,55,540
52,128,50,533,13H 20M 42S,12-07-20,52,59,53,540
51,133,50,533,13H 20M 43S,12-07-20,52,56,54,540
51,130,50,533,13H 20M 44S,12-07-20,50,54,54,540
50,132,50,533,13H 20M 45S,12-07-20,50,57,53,540
50,128,50,532,13H 20M 46S,12-07-20,50,56,52,539
50,139,50,532,13H 20M 47S,12-07-20,50,56,53,540
52,131,50,533,13H 20M 48S,12-07-20,50,56,55,540
50,136,50,532,13H 20M 49S,12-07-20,46,56,55,539
52,132,50,532,13H 20M 50S,12-07-20,50,57,53,539
50,133,50,532,13H 20M 51S,12-07-20,50,55,55,539
56,139,50,532,13H 20M 52S,12-07-20,52,55,50,539
55,136,50,532,13H 20M 53S,12-07-20,55,56,54,539
53,131,50,532,13H 20M 54S,12-07-20,54,62,55,539
50,130,50,532,13H 20M 55S,12-07-20,52,59,54,539
50,136,50,532,13H 20M 56S,12-07-20,50,56,50,539
54,133,50,532,13H 20M 58S,12-07-20,53,59,55,539
55,138,50,532,13H 20M 59S,12-07-20,54,60,57,539
52,131,50,532,13H 21M 0S,12-07-20,51,60,54,539
51,142,50,532,13H 21M 1S,12-07-20,50,54,53,539
50,129,50,532,13H 21M 2S,12-07-20,51,55,53,539
51,131,50,532,13H 21M 3S,12-07-20,50,56,53,539
52,129,50,532,13H 21M 4S,12-07-20,52,54,53,539
50,129,50,532,13H 21M 5S,12-07-20,50,55,52,539
52,129,50,532,13H 21M 6S,12-07-20,50,56,54,539
53,133,50,532,13H 21M 7S,12-07-20,55,56,54,539
53,144,50,532,13H 21M 8S,12-07-20,55,58,51,539
53,134,50,532,13H 21M 9S,12-07-20,57,56,52,539
50,132,50,532,13H 21M 10S,12-07-20,60,60,54,539
56,131,50,532,13H 21M 11S,12-07-20,57,58,56,539
51,131,50,532,13H 21M 12S,12-07-20,60,55,53,538
54,133,50,532,13H 21M 13S,12-07-20,60,54,56,539
53,147,50,532,13H 21M 14S,12-07-20,57,55,55,539
52,131,50,532,13H 21M 15S,12-07-20,52,54,56,539
52,137,50,532,13H 21M 16S,12-07-20,52,54,54,539
51,138,50,532,13H 21M 17S,12-07-20,56,58,51,539
53,134,50,532,13H 21M 18S,12-07-20,61,56,50,538
52,131,50,532,13H 21M 19S,12-07-20,58,57,50,538
52,128,50,531,13H 21M 20S,12-07-20,57,58,55,538
52,126,50,531,13H 21M 21S,12-07-20,56,54,55,538
51,125,50,532,13H 21M 22S,12-07-20,58,56,57,538
53,127,50,531,13H 21M 23S,12-07-20,57,58,57,538
52,130,50,531,13H 21M 24S,12-07-20,56,55,54,538
52,131,50,531,13H 21M 25S,12-07-20,56,55,52,538
51,138,50,531,13H 21M 26S,12-07-20,58,53,51,538
53,132,50,531,13H 21M 27S,12-07-20,58,57,54,538
53,132,50,531,13H 21M 28S,12-07-20,59,56,54,538
53,130,50,531,13H 21M 29S,12-07-20,58,56,55,538
52,131,50,531,13H 21M 30S,12-07-20,56,57,56,538
51,126,50,531,13H 21M 31S,12-07-20,58,57,55,538
50,129,50,531,13H 21M 32S,12-07-20,53,57,58,538
51,129,50,531,13H 21M 33S,12-07-20,57,57,56,538
52,131,50,531,13H 21M 34S,12-07-20,54,57,50,538
50,134,50,531,13H 21M 36S,12-07-20,53,56,50,538
57,133,50,531,13H 21M 37S,12-07-20,52,57,53,538
54,132,50,531,13H 21M 38S,12-07-20,53,60,57,538
54,134,50,531,13H 21M 39S,12-07-20,50,61,55,538
53,133,50,531,13H 21M 40S,12-07-20,51,56,55,538
50,131,50,531,13H 21M 41S,12-07-20,52,56,51,538
50,128,50,531,13H 21M 42S,12-07-20,52,57,52,538
52,134,50,531,13H 21M 43S,12-07-20,52,59,56,538
53,132,50,531,13H 21M 44S,12-07-20,53,56,55,537
52,133,50,531,13H 21M 45S,12-07-20,51,54,53,537
50,132,50,531,13H 21M 46S,12-07-20,55,55,53,537
53,140,50,531,13H 21M 47S,12-07-20,55,55,57,537
51,135,50,531,13H 21M 48S,12-07-20,54,55,53,537
53,135,50,531,13H 21M 49S,12-07-20,52,56,55,537
52,130,50,531,13H 21M 50S,12-07-20,51,59,55,538
51,157,50,531,13H 21M 51S,12-07-20,51,55,50,537
49,132,50,531,13H 21M 52S,12-07-20,51,51,51,537
53,133,50,530,13H 21M 53S,12-07-20,55,57,55,537
53,133,50,531,13H 21M 54S,12-07-20,57,59,57,537
50,127,50,530,13H 21M 55S,12-07-20,53,59,56,537
51,130,50,531,13H 21M 56S,12-07-20,50,53,52,537
49,126,50,530,13H 21M 57S,12-07-20,51,51,50,537
55,132,50,530,13H 21M 58S,12-07-20,57,55,57,537
55,135,50,530,13H 21M 59S,12-07-20,61,58,57,537
52,129,50,530,13H 22M 0S,12-07-20,60,58,53,537
50,132,50,530,13H 22M 1S,12-07-20,55,55,53,537
50,129,50,530,13H 22M 2S,12-07-20,56,56,53,537
50,127,50,530,13H 22M 3S,12-07-20,53,56,55,537
54,140,50,530,13H 22M 4S,12-07-20,58,59,54,537
52,134,50,530,13H 22M 5S,12-07-20,61,58,53,537
53,130,50,530,13H 22M 6S,12-07-20,56,55,53,537
51,138,50,530,13H 22M 7S,12-07-20,56,55,54,537
52,133,50,530,13H 22M 8S,12-07-20,55,57,56,537
51,128,50,530,13H 22M 9S,12-07-20,58,54,53,537
51,136,50,530,13H 22M 10S,12-07-20,54,53,54,537
53,142,50,530,13H 22M 11S,12-07-20,54,56,55,537
50,168,50,530,13H 22M 12S,12-07-20,58,59,52,537
54,139,50,530,13H 22M 14S,12-07-20,50,54,59,536
51,131,50,530,13H 22M 15S,12-07-20,49,54,53,536
51,129,50,530,13H 22M 16S,12-07-20,54,56,55,536
51,142,50,530,13H 22M 17S,12-07-20,54,57,51,536
50,144,50,530,13H 22M 18S,12-07-20,62,52,53,536
51,126,50,530,13H 22M 19S,12-07-20,59,66,59,536
55,138,50,530,13H 22M 20S,12-07-20,59,50,57,536
53,128,50,530,13H 22M 21S,12-07-20,83,103,60,536
102,262,50,530,13H 22M 22S,12-07-20,-6,132,-66,536
112,65,50,530,13H 22M 23S,12-07-20,10,241,91,536
267,181,50,530,13H 22M 24S,12-07-20,-16,-84,16,536
-32,140,50,529,13H 22M 25S,12-07-20,129,-228,-87,536
34,134,50,530,13H 22M 26S,12-07-20,97,-4,-67,536
159,70,50,530,13H 22M 27S,12-07-20,17,62,36,536
56,149,50,529,13H 22M 28S,12-07-20,50,43,29,536
0,236,50,529,13H 22M 29S,12-07-20,133,-41,82,536
21,87,50,529,13H 22M 30S,12-07-20,6,106,0,536
48,172,50,529,13H 22M 31S,12-07-20,46,56,41,536
16,316,50,529,13H 22M 32S,12-07-20,68,41,43,536
38,193,50,529,13H 22M 33S,12-07-20,48,35,1,536
62,154,50,529,13H 22M 34S,12-07-20,59,62,58,536
31,216,50,529,13H 22M 35S,12-07-20,87,83,139,536
50,70,50,529,13H 22M 36S,12-07-20,51,79,113,536
-83,1056,50,529,13H 22M 37S,12-07-20,45,173,94,536
57,681,50,529,13H 22M 38S,12-07-20,40,57,54,536
