pres,time,temp,conductivity,sbeox0v,fluo_chl,upoly0,second,day_name,month,day,year,fluo_flbb,bb700,cdom,echov1,fluo_440,fluo_470,fluo_532,date
1.595,11H 30M 33S,NA,NA,NA,NA,NA,41433,Fri,Jun,11,2021,50,141,51,521,19,42,46,11 Jun 2021
1.635,11H 30M 34S,NA,NA,NA,NA,NA,41434,Fri,Jun,11,2021,52,135,58,521,51,43,54,11 Jun 2021
1.698,11H 30M 35S,NA,NA,NA,NA,NA,41435,Fri,Jun,11,2021,51,136,61,521,111,59,-22,11 Jun 2021
1.685,11H 30M 36S,NA,NA,NA,NA,NA,41436,Fri,Jun,11,2021,51,134,61,521,61,56,45,11 Jun 2021
1.505,11H 30M 37S,NA,NA,NA,NA,NA,41437,Fri,Jun,11,2021,50,135,53,521,40,67,63,11 Jun 2021
1.722,11H 30M 39S,NA,NA,NA,NA,NA,41439,Fri,Jun,11,2021,52,134,53,521,-10,81,98,11 Jun 2021
1.618,11H 30M 40S,NA,NA,NA,NA,NA,41440,Fri,Jun,11,2021,50,135,54,521,13,26,91,11 Jun 2021
1.618,11H 30M 40S,NA,NA,NA,NA,NA,41440,Fri,Jun,11,2021,50,135,54,521,50,135,54,11 Jun 2021
1.647,11H 30M 42S,NA,NA,NA,NA,NA,41442,Fri,Jun,11,2021,50,146,53,521,41,39,42,11 Jun 2021
1.712,11H 30M 43S,NA,NA,NA,NA,NA,41443,Fri,Jun,11,2021,50,135,52,521,45,60,63,11 Jun 2021
1.759,11H 30M 44S,NA,NA,NA,NA,NA,41444,Fri,Jun,11,2021,50,136,52,521,45,104,52,11 Jun 2021
1.714,11H 30M 45S,NA,NA,NA,NA,NA,41445,Fri,Jun,11,2021,48,137,45,521,83,72,56,11 Jun 2021
1.942,11H 30M 46S,NA,NA,NA,NA,NA,41446,Fri,Jun,11,2021,50,132,57,521,56,70,38,11 Jun 2021
2.107,11H 30M 47S,NA,NA,NA,NA,NA,41447,Fri,Jun,11,2021,50,139,49,521,49,46,49,11 Jun 2021
2.326,11H 30M 48S,NA,NA,NA,NA,NA,41448,Fri,Jun,11,2021,49,131,51,520,41,59,49,11 Jun 2021
2.371,11H 30M 49S,NA,NA,NA,NA,NA,41449,Fri,Jun,11,2021,49,132,53,521,50,56,51,11 Jun 2021
2.813,11H 30M 50S,NA,NA,NA,NA,NA,41450,Fri,Jun,11,2021,49,134,55,521,56,54,48,11 Jun 2021
3.875,11H 30M 52S,NA,NA,NA,NA,NA,41452,Fri,Jun,11,2021,48,140,54,521,50,46,55,11 Jun 2021
4.372,11H 30M 53S,NA,NA,NA,NA,NA,41453,Fri,Jun,11,2021,50,127,53,521,53,51,56,11 Jun 2021
5.646,11H 30M 55S,NA,NA,NA,NA,NA,41455,Fri,Jun,11,2021,45,132,54,521,49,50,55,11 Jun 2021
6.303,11H 30M 56S,NA,NA,NA,NA,NA,41456,Fri,Jun,11,2021,48,147,54,521,50,54,54,11 Jun 2021
6.897,11H 30M 57S,NA,NA,NA,NA,NA,41457,Fri,Jun,11,2021,51,136,53,521,51,52,49,11 Jun 2021
7.48,11H 30M 58S,NA,NA,NA,NA,NA,41458,Fri,Jun,11,2021,50,132,54,520,50,53,51,11 Jun 2021
8.126,11H 30M 59S,NA,NA,NA,NA,NA,41459,Fri,Jun,11,2021,50,134,52,521,54,54,50,11 Jun 2021
9.307,11H 31M 1S,NA,NA,NA,NA,NA,41461,Fri,Jun,11,2021,50,133,54,521,51,55,55,11 Jun 2021
9.945,11H 31M 2S,NA,NA,NA,NA,NA,41462,Fri,Jun,11,2021,48,129,52,521,50,52,54,11 Jun 2021
10.67,11H 31M 3S,NA,NA,NA,NA,NA,41463,Fri,Jun,11,2021,50,141,53,521,50,50,51,11 Jun 2021
11.383,11H 31M 4S,NA,NA,NA,NA,NA,41464,Fri,Jun,11,2021,50,132,56,521,52,50,50,11 Jun 2021
11.882,11H 31M 5S,NA,NA,NA,NA,NA,41465,Fri,Jun,11,2021,51,135,54,521,53,55,54,11 Jun 2021
12.336,11H 31M 6S,NA,NA,NA,NA,NA,41466,Fri,Jun,11,2021,50,137,53,521,55,54,52,11 Jun 2021
12.871,11H 31M 7S,NA,NA,NA,NA,NA,41467,Fri,Jun,11,2021,50,141,56,520,51,58,55,11 Jun 2021
13.318,11H 31M 8S,NA,NA,NA,NA,NA,41468,Fri,Jun,11,2021,50,136,55,521,50,52,53,11 Jun 2021
14.562,11H 31M 11S,NA,NA,NA,NA,NA,41471,Fri,Jun,11,2021,50,137,56,521,53,51,51,11 Jun 2021
15.084,11H 31M 12S,NA,NA,NA,NA,NA,41472,Fri,Jun,11,2021,50,146,56,521,52,52,51,11 Jun 2021
15.542,11H 31M 13S,NA,NA,NA,NA,NA,41473,Fri,Jun,11,2021,52,140,54,521,50,57,54,11 Jun 2021
15.876,11H 31M 14S,NA,NA,NA,NA,NA,41474,Fri,Jun,11,2021,53,139,53,521,53,57,54,11 Jun 2021
16.233,11H 31M 15S,NA,NA,NA,NA,NA,41475,Fri,Jun,11,2021,50,138,54,521,51,57,56,11 Jun 2021
16.798,11H 31M 16S,NA,NA,NA,NA,NA,41476,Fri,Jun,11,2021,50,137,55,521,50,53,56,11 Jun 2021
17.322,11H 31M 17S,NA,NA,NA,NA,NA,41477,Fri,Jun,11,2021,51,140,54,521,52,50,50,11 Jun 2021
17.996,11H 31M 19S,NA,NA,NA,NA,NA,41479,Fri,Jun,11,2021,48,147,55,521,53,60,50,11 Jun 2021
18.551,11H 31M 20S,NA,NA,NA,NA,NA,41480,Fri,Jun,11,2021,54,138,54,521,56,54,56,11 Jun 2021
18.991,11H 31M 21S,NA,NA,NA,NA,NA,41481,Fri,Jun,11,2021,50,143,53,521,52,56,53,11 Jun 2021
19.354,11H 31M 22S,NA,NA,NA,NA,NA,41482,Fri,Jun,11,2021,50,140,51,521,53,55,57,11 Jun 2021
19.914,11H 31M 23S,NA,NA,NA,NA,NA,41483,Fri,Jun,11,2021,53,134,52,521,50,51,54,11 Jun 2021
20.65,11H 31M 24S,NA,NA,NA,NA,NA,41484,Fri,Jun,11,2021,51,141,55,521,50,52,55,11 Jun 2021
21.336,11H 31M 25S,NA,NA,NA,NA,NA,41485,Fri,Jun,11,2021,50,168,54,521,52,55,54,11 Jun 2021
23.9,11H 31M 28S,NA,NA,NA,NA,NA,41488,Fri,Jun,11,2021,54,147,54,521,58,57,54,11 Jun 2021
24.623,11H 31M 29S,NA,NA,NA,NA,NA,41489,Fri,Jun,11,2021,53,149,53,521,57,56,50,11 Jun 2021
25.322,11H 31M 30S,NA,NA,NA,NA,NA,41490,Fri,Jun,11,2021,55,158,55,521,54,59,53,11 Jun 2021
26.126,11H 31M 31S,NA,NA,NA,NA,NA,41491,Fri,Jun,11,2021,55,151,54,521,56,60,55,11 Jun 2021
27.083,11H 31M 32S,NA,NA,NA,NA,NA,41492,Fri,Jun,11,2021,55,146,54,521,56,60,57,11 Jun 2021
28.04,11H 31M 33S,NA,NA,NA,NA,NA,41493,Fri,Jun,11,2021,57,151,53,521,55,61,55,11 Jun 2021
28.86,11H 31M 34S,NA,NA,NA,NA,NA,41494,Fri,Jun,11,2021,56,149,54,521,57,61,55,11 Jun 2021
29.888,11H 31M 35S,NA,NA,NA,NA,NA,41495,Fri,Jun,11,2021,58,153,55,521,54,61,52,11 Jun 2021
32.115,11H 31M 37S,NA,NA,NA,NA,NA,41497,Fri,Jun,11,2021,60,154,55,521,63,65,55,11 Jun 2021
32.641,11H 31M 38S,NA,NA,NA,NA,NA,41498,Fri,Jun,11,2021,62,160,56,521,64,66,53,11 Jun 2021
32.844,11H 31M 39S,NA,NA,NA,NA,NA,41499,Fri,Jun,11,2021,60,153,54,521,60,64,49,11 Jun 2021
33.111,11H 31M 40S,NA,NA,NA,NA,NA,41500,Fri,Jun,11,2021,60,160,57,521,61,60,53,11 Jun 2021
33.426,11H 31M 41S,NA,NA,NA,NA,NA,41501,Fri,Jun,11,2021,63,155,55,521,63,62,50,11 Jun 2021
33.849,11H 31M 42S,NA,NA,NA,NA,NA,41502,Fri,Jun,11,2021,65,223,55,521,58,64,52,11 Jun 2021
34.453,11H 31M 44S,NA,NA,NA,NA,NA,41504,Fri,Jun,11,2021,78,158,55,521,60,69,53,11 Jun 2021
35.5,11H 31M 46S,NA,NA,NA,NA,NA,41506,Fri,Jun,11,2021,82,154,56,521,71,85,63,11 Jun 2021
35.829,11H 31M 47S,NA,NA,NA,NA,NA,41507,Fri,Jun,11,2021,85,155,56,521,74,88,60,11 Jun 2021
36.297,11H 31M 48S,NA,NA,NA,NA,NA,41508,Fri,Jun,11,2021,84,155,55,521,78,88,59,11 Jun 2021
36.899,11H 31M 49S,NA,NA,NA,NA,NA,41509,Fri,Jun,11,2021,91,155,58,521,80,87,56,11 Jun 2021
37.378,11H 31M 50S,NA,NA,NA,NA,NA,41510,Fri,Jun,11,2021,99,153,57,521,84,93,53,11 Jun 2021
37.795,11H 31M 51S,NA,NA,NA,NA,NA,41511,Fri,Jun,11,2021,103,150,57,521,86,99,53,11 Jun 2021
38.34,11H 31M 52S,NA,NA,NA,NA,NA,41512,Fri,Jun,11,2021,108,156,56,521,91,107,54,11 Jun 2021
38.874,11H 31M 53S,NA,NA,NA,NA,NA,41513,Fri,Jun,11,2021,126,159,56,521,96,108,58,11 Jun 2021
39.785,11H 31M 55S,NA,NA,NA,NA,NA,41515,Fri,Jun,11,2021,126,160,58,521,106,123,62,11 Jun 2021
40.323,11H 31M 56S,NA,NA,NA,NA,NA,41516,Fri,Jun,11,2021,129,156,56,522,108,127,59,11 Jun 2021
40.861,11H 31M 57S,NA,NA,NA,NA,NA,41517,Fri,Jun,11,2021,136,157,56,521,107,128,60,11 Jun 2021
42.267,11H 32M 0S,NA,NA,NA,NA,NA,41520,Fri,Jun,11,2021,180,166,56,521,120,143,60,11 Jun 2021
42.836,11H 32M 1S,NA,NA,NA,NA,NA,41521,Fri,Jun,11,2021,217,172,56,522,125,155,62,11 Jun 2021
43.39,11H 32M 2S,NA,NA,NA,NA,NA,41522,Fri,Jun,11,2021,261,185,57,521,145,185,62,11 Jun 2021
44.188,11H 32M 4S,NA,NA,NA,NA,NA,41524,Fri,Jun,11,2021,267,187,56,522,177,225,68,11 Jun 2021
44.803,11H 32M 5S,NA,NA,NA,NA,NA,41525,Fri,Jun,11,2021,288,184,57,522,204,257,72,11 Jun 2021
45.344,11H 32M 6S,NA,NA,NA,NA,NA,41526,Fri,Jun,11,2021,304,185,58,522,227,291,74,11 Jun 2021
45.753,11H 32M 7S,NA,NA,NA,NA,NA,41527,Fri,Jun,11,2021,307,188,57,522,228,294,74,11 Jun 2021
46.235,11H 32M 8S,NA,NA,NA,NA,NA,41528,Fri,Jun,11,2021,311,185,56,522,234,300,74,11 Jun 2021
46.783,11H 32M 9S,NA,NA,NA,NA,NA,41529,Fri,Jun,11,2021,327,180,55,522,236,307,73,11 Jun 2021
47.324,11H 32M 10S,NA,NA,NA,NA,NA,41530,Fri,Jun,11,2021,358,176,56,522,243,321,76,11 Jun 2021
47.742,11H 32M 11S,NA,NA,NA,NA,NA,41531,Fri,Jun,11,2021,375,174,56,522,254,337,77,11 Jun 2021
48.807,11H 32M 13S,NA,NA,NA,NA,NA,41533,Fri,Jun,11,2021,390,175,56,522,273,365,77,11 Jun 2021
49.691,11H 32M 15S,NA,NA,NA,NA,NA,41535,Fri,Jun,11,2021,393,173,56,522,277,374,81,11 Jun 2021
50.191,11H 32M 16S,NA,NA,NA,NA,NA,41536,Fri,Jun,11,2021,400,172,56,522,280,377,75,11 Jun 2021
50.812,11H 32M 17S,NA,NA,NA,NA,NA,41537,Fri,Jun,11,2021,643,228,57,522,292,390,79,11 Jun 2021
51.274,11H 32M 18S,NA,NA,NA,NA,NA,41538,Fri,Jun,11,2021,1044,337,57,522,378,529,96,11 Jun 2021
51.63,11H 32M 19S,NA,NA,NA,NA,NA,41539,Fri,Jun,11,2021,962,312,58,522,477,665,105,11 Jun 2021
52.129,11H 32M 20S,NA,NA,NA,NA,NA,41540,Fri,Jun,11,2021,553,240,56,522,576,805,117,11 Jun 2021
53.237,11H 32M 22S,NA,NA,NA,NA,NA,41542,Fri,Jun,11,2021,351,201,56,522,431,598,96,11 Jun 2021
53.592,11H 32M 23S,NA,NA,NA,NA,NA,41543,Fri,Jun,11,2021,359,200,56,522,323,450,83,11 Jun 2021
54.101,11H 32M 24S,NA,NA,NA,NA,NA,41544,Fri,Jun,11,2021,318,192,55,522,300,414,84,11 Jun 2021
54.672,11H 32M 25S,NA,NA,NA,NA,NA,41545,Fri,Jun,11,2021,242,171,55,522,214,282,75,11 Jun 2021
55.161,11H 32M 26S,NA,NA,NA,NA,NA,41546,Fri,Jun,11,2021,175,151,55,522,160,231,69,11 Jun 2021
55.611,11H 32M 27S,NA,NA,NA,NA,NA,41547,Fri,Jun,11,2021,149,138,55,522,150,195,65,11 Jun 2021
56.045,11H 32M 28S,NA,NA,NA,NA,NA,41548,Fri,Jun,11,2021,143,131,55,522,124,156,62,11 Jun 2021
57.75,11H 32M 31S,NA,NA,NA,NA,NA,41551,Fri,Jun,11,2021,107,123,55,522,98,124,59,11 Jun 2021
58.131,11H 32M 32S,NA,NA,NA,NA,NA,41552,Fri,Jun,11,2021,111,130,55,522,99,126,57,11 Jun 2021
58.649,11H 32M 33S,NA,NA,NA,NA,NA,41553,Fri,Jun,11,2021,104,123,55,523,99,128,59,11 Jun 2021
59.327,11H 32M 34S,NA,NA,NA,NA,NA,41554,Fri,Jun,11,2021,98,126,55,522,89,109,58,11 Jun 2021
59.936,11H 32M 35S,NA,NA,NA,NA,NA,41555,Fri,Jun,11,2021,99,NA,NA,NA,90,109,57,11 Jun 2021
60.505,11H 32M 36S,NA,NA,NA,NA,NA,41556,Fri,Jun,11,2021,97,119,56,523,85,104,56,11 Jun 2021
61.236,11H 32M 37S,NA,NA,NA,NA,NA,41557,Fri,Jun,11,2021,98,121,56,522,89,107,58,11 Jun 2021
61.921,11H 32M 38S,NA,NA,NA,NA,NA,41558,Fri,Jun,11,2021,107,121,56,523,82,99,56,11 Jun 2021
63.162,11H 32M 40S,NA,NA,NA,NA,NA,41560,Fri,Jun,11,2021,98,118,56,523,83,96,53,11 Jun 2021
63.904,11H 32M 41S,NA,NA,NA,NA,NA,41561,Fri,Jun,11,2021,87,117,56,523,80,92,55,11 Jun 2021
64.65,11H 32M 42S,NA,NA,NA,NA,NA,41562,Fri,Jun,11,2021,75,108,55,523,71,90,55,11 Jun 2021
65.325,11H 32M 43S,NA,NA,NA,NA,NA,41563,Fri,Jun,11,2021,76,110,55,523,70,83,58,11 Jun 2021
65.977,11H 32M 44S,NA,NA,NA,NA,NA,41564,Fri,Jun,11,2021,72,104,55,523,73,81,56,11 Jun 2021
66.616,11H 32M 45S,NA,NA,NA,NA,NA,41565,Fri,Jun,11,2021,70,102,55,523,63,78,57,11 Jun 2021
68.084,11H 32M 47S,NA,NA,NA,NA,NA,41567,Fri,Jun,11,2021,69,98,56,523,61,73,56,11 Jun 2021
69.346,11H 32M 49S,NA,NA,NA,NA,NA,41569,Fri,Jun,11,2021,70,101,56,523,62,74,55,11 Jun 2021
70.116,11H 32M 50S,NA,NA,NA,NA,NA,41570,Fri,Jun,11,2021,67,104,56,523,64,74,57,11 Jun 2021
70.841,11H 32M 51S,NA,NA,NA,NA,NA,41571,Fri,Jun,11,2021,65,105,56,523,67,75,51,11 Jun 2021
71.436,11H 32M 52S,NA,NA,NA,NA,NA,41572,Fri,Jun,11,2021,65,103,56,523,70,74,50,11 Jun 2021
72.095,11H 32M 53S,NA,NA,NA,NA,NA,41573,Fri,Jun,11,2021,61,106,56,523,66,71,51,11 Jun 2021
72.847,11H 32M 54S,NA,NA,NA,NA,NA,41574,Fri,Jun,11,2021,62,103,56,523,65,70,52,11 Jun 2021
73.507,11H 32M 55S,NA,NA,NA,NA,NA,41575,Fri,Jun,11,2021,63,103,55,523,64,67,52,11 Jun 2021
74.136,11H 32M 56S,NA,NA,NA,NA,NA,41576,Fri,Jun,11,2021,60,99,55,523,62,65,54,11 Jun 2021
75.537,11H 32M 58S,NA,NA,NA,NA,NA,41578,Fri,Jun,11,2021,63,99,55,523,54,66,56,11 Jun 2021
76.207,11H 32M 59S,NA,NA,NA,NA,NA,41579,Fri,Jun,11,2021,61,99,55,523,54,64,54,11 Jun 2021
77.523,11H 33M 1S,NA,NA,NA,NA,NA,41581,Fri,Jun,11,2021,57,96,55,523,50,61,52,11 Jun 2021
78.905,11H 33M 3S,NA,NA,NA,NA,NA,41583,Fri,Jun,11,2021,55,99,55,524,49,59,53,11 Jun 2021
79.522,11H 33M 4S,NA,NA,NA,NA,NA,41584,Fri,Jun,11,2021,54,98,56,523,52,55,54,11 Jun 2021
80.246,11H 33M 5S,NA,NA,NA,NA,NA,41585,Fri,Jun,11,2021,54,99,56,524,50,59,52,11 Jun 2021
81.594,11H 33M 7S,NA,NA,NA,NA,NA,41587,Fri,Jun,11,2021,52,97,55,524,48,58,54,11 Jun 2021
82.22,11H 33M 8S,NA,NA,NA,NA,NA,41588,Fri,Jun,11,2021,53,97,55,524,49,58,53,11 Jun 2021
82.94,11H 33M 9S,NA,NA,NA,NA,NA,41589,Fri,Jun,11,2021,53,93,56,524,50,55,50,11 Jun 2021
83.634,11H 33M 10S,NA,NA,NA,NA,NA,41590,Fri,Jun,11,2021,50,93,55,523,50,56,53,11 Jun 2021
84.334,11H 33M 11S,NA,NA,NA,NA,NA,41591,Fri,Jun,11,2021,52,95,56,524,51,57,56,11 Jun 2021
86.276,11H 33M 14S,NA,NA,NA,NA,NA,41594,Fri,Jun,11,2021,49,93,56,524,49,56,53,11 Jun 2021
86.276,11H 33M 14S,NA,NA,NA,NA,NA,41594,Fri,Jun,11,2021,49,93,56,524,50,52,54,11 Jun 2021
86.276,11H 33M 14S,NA,NA,NA,NA,NA,41594,Fri,Jun,11,2021,49,93,56,524,48,52,50,11 Jun 2021
86.276,11H 33M 14S,NA,NA,NA,NA,NA,41594,Fri,Jun,11,2021,50,91,55,524,49,56,53,11 Jun 2021
86.276,11H 33M 14S,NA,NA,NA,NA,NA,41594,Fri,Jun,11,2021,50,91,55,524,50,52,54,11 Jun 2021
86.276,11H 33M 14S,NA,NA,NA,NA,NA,41594,Fri,Jun,11,2021,50,91,55,524,48,52,50,11 Jun 2021
86.276,11H 33M 14S,NA,NA,NA,NA,NA,41594,Fri,Jun,11,2021,53,96,56,524,49,56,53,11 Jun 2021
86.276,11H 33M 14S,NA,NA,NA,NA,NA,41594,Fri,Jun,11,2021,53,96,56,524,50,52,54,11 Jun 2021
86.276,11H 33M 14S,NA,NA,NA,NA,NA,41594,Fri,Jun,11,2021,53,96,56,524,48,52,50,11 Jun 2021
87.674,11H 33M 16S,NA,NA,NA,NA,NA,41596,Fri,Jun,11,2021,50,94,55,524,50,52,51,11 Jun 2021
95.824,11H 33M 30S,NA,NA,NA,NA,NA,41610,Fri,Jun,11,2021,52,97,55,524,56,56,53,11 Jun 2021
95.824,11H 33M 30S,NA,NA,NA,NA,NA,41610,Fri,Jun,11,2021,52,97,55,524,51,55,53,11 Jun 2021
95.824,11H 33M 30S,NA,NA,NA,NA,NA,41610,Fri,Jun,11,2021,52,97,55,524,49,56,54,11 Jun 2021
95.824,11H 33M 30S,NA,NA,NA,NA,NA,41610,Fri,Jun,11,2021,52,97,55,524,50,56,54,11 Jun 2021
95.824,11H 33M 30S,NA,NA,NA,NA,NA,41610,Fri,Jun,11,2021,52,97,55,524,51,56,54,11 Jun 2021
95.824,11H 33M 30S,NA,NA,NA,NA,NA,41610,Fri,Jun,11,2021,52,97,55,524,50,54,53,11 Jun 2021
95.824,11H 33M 30S,NA,NA,NA,NA,NA,41610,Fri,Jun,11,2021,52,97,55,524,52,56,55,11 Jun 2021
95.824,11H 33M 30S,NA,NA,NA,NA,NA,41610,Fri,Jun,11,2021,52,97,55,524,50,51,55,11 Jun 2021
95.824,11H 33M 30S,NA,NA,NA,NA,NA,41610,Fri,Jun,11,2021,52,97,55,524,50,52,52,11 Jun 2021
95.824,11H 33M 30S,NA,NA,NA,NA,NA,41610,Fri,Jun,11,2021,52,97,55,524,53,55,54,11 Jun 2021
95.824,11H 33M 30S,NA,NA,NA,NA,NA,41610,Fri,Jun,11,2021,52,97,55,524,51,54,54,11 Jun 2021
95.824,11H 33M 30S,NA,NA,NA,NA,NA,41610,Fri,Jun,11,2021,52,97,55,524,51,52,56,11 Jun 2021
95.824,11H 33M 30S,NA,NA,NA,NA,NA,41610,Fri,Jun,11,2021,52,97,55,524,46,50,54,11 Jun 2021
95.824,11H 33M 30S,NA,NA,NA,NA,NA,41610,Fri,Jun,11,2021,50,96,56,524,56,56,53,11 Jun 2021
95.824,11H 33M 30S,NA,NA,NA,NA,NA,41610,Fri,Jun,11,2021,50,96,56,524,51,55,53,11 Jun 2021
95.824,11H 33M 30S,NA,NA,NA,NA,NA,41610,Fri,Jun,11,2021,50,96,56,524,49,56,54,11 Jun 2021
95.824,11H 33M 30S,NA,NA,NA,NA,NA,41610,Fri,Jun,11,2021,50,96,56,524,50,56,54,11 Jun 2021
95.824,11H 33M 30S,NA,NA,NA,NA,NA,41610,Fri,Jun,11,2021,50,96,56,524,51,56,54,11 Jun 2021
95.824,11H 33M 30S,NA,NA,NA,NA,NA,41610,Fri,Jun,11,2021,50,96,56,524,50,54,53,11 Jun 2021
95.824,11H 33M 30S,NA,NA,NA,NA,NA,41610,Fri,Jun,11,2021,50,96,56,524,52,56,55,11 Jun 2021
95.824,11H 33M 30S,NA,NA,NA,NA,NA,41610,Fri,Jun,11,2021,50,96,56,524,50,51,55,11 Jun 2021
95.824,11H 33M 30S,NA,NA,NA,NA,NA,41610,Fri,Jun,11,2021,50,96,56,524,50,52,52,11 Jun 2021
95.824,11H 33M 30S,NA,NA,NA,NA,NA,41610,Fri,Jun,11,2021,50,96,56,524,53,55,54,11 Jun 2021
95.824,11H 33M 30S,NA,NA,NA,NA,NA,41610,Fri,Jun,11,2021,50,96,56,524,51,54,54,11 Jun 2021
95.824,11H 33M 30S,NA,NA,NA,NA,NA,41610,Fri,Jun,11,2021,50,96,56,524,51,52,56,11 Jun 2021
95.824,11H 33M 30S,NA,NA,NA,NA,NA,41610,Fri,Jun,11,2021,50,96,56,524,46,50,54,11 Jun 2021
95.824,11H 33M 30S,NA,NA,NA,NA,NA,41610,Fri,Jun,11,2021,52,92,56,524,56,56,53,11 Jun 2021
95.824,11H 33M 30S,NA,NA,NA,NA,NA,41610,Fri,Jun,11,2021,52,92,56,524,51,55,53,11 Jun 2021
95.824,11H 33M 30S,NA,NA,NA,NA,NA,41610,Fri,Jun,11,2021,52,92,56,524,49,56,54,11 Jun 2021
95.824,11H 33M 30S,NA,NA,NA,NA,NA,41610,Fri,Jun,11,2021,52,92,56,524,50,56,54,11 Jun 2021
95.824,11H 33M 30S,NA,NA,NA,NA,NA,41610,Fri,Jun,11,2021,52,92,56,524,51,56,54,11 Jun 2021
95.824,11H 33M 30S,NA,NA,NA,NA,NA,41610,Fri,Jun,11,2021,52,92,56,524,50,54,53,11 Jun 2021
95.824,11H 33M 30S,NA,NA,NA,NA,NA,41610,Fri,Jun,11,2021,52,92,56,524,52,56,55,11 Jun 2021
95.824,11H 33M 30S,NA,NA,NA,NA,NA,41610,Fri,Jun,11,2021,52,92,56,524,50,51,55,11 Jun 2021
95.824,11H 33M 30S,NA,NA,NA,NA,NA,41610,Fri,Jun,11,2021,52,92,56,524,50,52,52,11 Jun 2021
95.824,11H 33M 30S,NA,NA,NA,NA,NA,41610,Fri,Jun,11,2021,52,92,56,524,53,55,54,11 Jun 2021
95.824,11H 33M 30S,NA,NA,NA,NA,NA,41610,Fri,Jun,11,2021,52,92,56,524,51,54,54,11 Jun 2021
95.824,11H 33M 30S,NA,NA,NA,NA,NA,41610,Fri,Jun,11,2021,52,92,56,524,51,52,56,11 Jun 2021
95.824,11H 33M 30S,NA,NA,NA,NA,NA,41610,Fri,Jun,11,2021,52,92,56,524,46,50,54,11 Jun 2021
95.824,11H 33M 30S,NA,NA,NA,NA,NA,41610,Fri,Jun,11,2021,52,95,56,524,56,56,53,11 Jun 2021
95.824,11H 33M 30S,NA,NA,NA,NA,NA,41610,Fri,Jun,11,2021,52,95,56,524,51,55,53,11 Jun 2021
95.824,11H 33M 30S,NA,NA,NA,NA,NA,41610,Fri,Jun,11,2021,52,95,56,524,49,56,54,11 Jun 2021
95.824,11H 33M 30S,NA,NA,NA,NA,NA,41610,Fri,Jun,11,2021,52,95,56,524,50,56,54,11 Jun 2021
95.824,11H 33M 30S,NA,NA,NA,NA,NA,41610,Fri,Jun,11,2021,52,95,56,524,51,56,54,11 Jun 2021
95.824,11H 33M 30S,NA,NA,NA,NA,NA,41610,Fri,Jun,11,2021,52,95,56,524,50,54,53,11 Jun 2021
95.824,11H 33M 30S,NA,NA,NA,NA,NA,41610,Fri,Jun,11,2021,52,95,56,524,52,56,55,11 Jun 2021
95.824,11H 33M 30S,NA,NA,NA,NA,NA,41610,Fri,Jun,11,2021,52,95,56,524,50,51,55,11 Jun 2021
95.824,11H 33M 30S,NA,NA,NA,NA,NA,41610,Fri,Jun,11,2021,52,95,56,524,50,52,52,11 Jun 2021
95.824,11H 33M 30S,NA,NA,NA,NA,NA,41610,Fri,Jun,11,2021,52,95,56,524,53,55,54,11 Jun 2021
95.824,11H 33M 30S,NA,NA,NA,NA,NA,41610,Fri,Jun,11,2021,52,95,56,524,51,54,54,11 Jun 2021
95.824,11H 33M 30S,NA,NA,NA,NA,NA,41610,Fri,Jun,11,2021,52,95,56,524,51,52,56,11 Jun 2021
95.824,11H 33M 30S,NA,NA,NA,NA,NA,41610,Fri,Jun,11,2021,52,95,56,524,46,50,54,11 Jun 2021
95.824,11H 33M 30S,NA,NA,NA,NA,NA,41610,Fri,Jun,11,2021,51,95,56,524,56,56,53,11 Jun 2021
95.824,11H 33M 30S,NA,NA,NA,NA,NA,41610,Fri,Jun,11,2021,51,95,56,524,51,55,53,11 Jun 2021
95.824,11H 33M 30S,NA,NA,NA,NA,NA,41610,Fri,Jun,11,2021,51,95,56,524,49,56,54,11 Jun 2021
95.824,11H 33M 30S,NA,NA,NA,NA,NA,41610,Fri,Jun,11,2021,51,95,56,524,50,56,54,11 Jun 2021
95.824,11H 33M 30S,NA,NA,NA,NA,NA,41610,Fri,Jun,11,2021,51,95,56,524,51,56,54,11 Jun 2021
95.824,11H 33M 30S,NA,NA,NA,NA,NA,41610,Fri,Jun,11,2021,51,95,56,524,50,54,53,11 Jun 2021
95.824,11H 33M 30S,NA,NA,NA,NA,NA,41610,Fri,Jun,11,2021,51,95,56,524,52,56,55,11 Jun 2021
95.824,11H 33M 30S,NA,NA,NA,NA,NA,41610,Fri,Jun,11,2021,51,95,56,524,50,51,55,11 Jun 2021
95.824,11H 33M 30S,NA,NA,NA,NA,NA,41610,Fri,Jun,11,2021,51,95,56,524,50,52,52,11 Jun 2021
95.824,11H 33M 30S,NA,NA,NA,NA,NA,41610,Fri,Jun,11,2021,51,95,56,524,53,55,54,11 Jun 2021
95.824,11H 33M 30S,NA,NA,NA,NA,NA,41610,Fri,Jun,11,2021,51,95,56,524,51,54,54,11 Jun 2021
95.824,11H 33M 30S,NA,NA,NA,NA,NA,41610,Fri,Jun,11,2021,51,95,56,524,51,52,56,11 Jun 2021
95.824,11H 33M 30S,NA,NA,NA,NA,NA,41610,Fri,Jun,11,2021,51,95,56,524,46,50,54,11 Jun 2021
95.824,11H 33M 30S,NA,NA,NA,NA,NA,41610,Fri,Jun,11,2021,50,92,55,524,56,56,53,11 Jun 2021
95.824,11H 33M 30S,NA,NA,NA,NA,NA,41610,Fri,Jun,11,2021,50,92,55,524,51,55,53,11 Jun 2021
95.824,11H 33M 30S,NA,NA,NA,NA,NA,41610,Fri,Jun,11,2021,50,92,55,524,49,56,54,11 Jun 2021
95.824,11H 33M 30S,NA,NA,NA,NA,NA,41610,Fri,Jun,11,2021,50,92,55,524,50,56,54,11 Jun 2021
95.824,11H 33M 30S,NA,NA,NA,NA,NA,41610,Fri,Jun,11,2021,50,92,55,524,51,56,54,11 Jun 2021
95.824,11H 33M 30S,NA,NA,NA,NA,NA,41610,Fri,Jun,11,2021,50,92,55,524,50,54,53,11 Jun 2021
95.824,11H 33M 30S,NA,NA,NA,NA,NA,41610,Fri,Jun,11,2021,50,92,55,524,52,56,55,11 Jun 2021
95.824,11H 33M 30S,NA,NA,NA,NA,NA,41610,Fri,Jun,11,2021,50,92,55,524,50,51,55,11 Jun 2021
95.824,11H 33M 30S,NA,NA,NA,NA,NA,41610,Fri,Jun,11,2021,50,92,55,524,50,52,52,11 Jun 2021
95.824,11H 33M 30S,NA,NA,NA,NA,NA,41610,Fri,Jun,11,2021,50,92,55,524,53,55,54,11 Jun 2021
95.824,11H 33M 30S,NA,NA,NA,NA,NA,41610,Fri,Jun,11,2021,50,92,55,524,51,54,54,11 Jun 2021
95.824,11H 33M 30S,NA,NA,NA,NA,NA,41610,Fri,Jun,11,2021,50,92,55,524,51,52,56,11 Jun 2021
95.824,11H 33M 30S,NA,NA,NA,NA,NA,41610,Fri,Jun,11,2021,50,92,55,524,46,50,54,11 Jun 2021
95.824,11H 33M 30S,NA,NA,NA,NA,NA,41610,Fri,Jun,11,2021,50,93,55,524,56,56,53,11 Jun 2021
95.824,11H 33M 30S,NA,NA,NA,NA,NA,41610,Fri,Jun,11,2021,50,93,55,524,51,55,53,11 Jun 2021
95.824,11H 33M 30S,NA,NA,NA,NA,NA,41610,Fri,Jun,11,2021,50,93,55,524,49,56,54,11 Jun 2021
95.824,11H 33M 30S,NA,NA,NA,NA,NA,41610,Fri,Jun,11,2021,50,93,55,524,50,56,54,11 Jun 2021
95.824,11H 33M 30S,NA,NA,NA,NA,NA,41610,Fri,Jun,11,2021,50,93,55,524,51,56,54,11 Jun 2021
95.824,11H 33M 30S,NA,NA,NA,NA,NA,41610,Fri,Jun,11,2021,50,93,55,524,50,54,53,11 Jun 2021
95.824,11H 33M 30S,NA,NA,NA,NA,NA,41610,Fri,Jun,11,2021,50,93,55,524,52,56,55,11 Jun 2021
95.824,11H 33M 30S,NA,NA,NA,NA,NA,41610,Fri,Jun,11,2021,50,93,55,524,50,51,55,11 Jun 2021
95.824,11H 33M 30S,NA,NA,NA,NA,NA,41610,Fri,Jun,11,2021,50,93,55,524,50,52,52,11 Jun 2021
95.824,11H 33M 30S,NA,NA,NA,NA,NA,41610,Fri,Jun,11,2021,50,93,55,524,53,55,54,11 Jun 2021
95.824,11H 33M 30S,NA,NA,NA,NA,NA,41610,Fri,Jun,11,2021,50,93,55,524,51,54,54,11 Jun 2021
95.824,11H 33M 30S,NA,NA,NA,NA,NA,41610,Fri,Jun,11,2021,50,93,55,524,51,52,56,11 Jun 2021
95.824,11H 33M 30S,NA,NA,NA,NA,NA,41610,Fri,Jun,11,2021,50,93,55,524,46,50,54,11 Jun 2021
95.824,11H 33M 30S,NA,NA,NA,NA,NA,41610,Fri,Jun,11,2021,49,95,55,524,56,56,53,11 Jun 2021
95.824,11H 33M 30S,NA,NA,NA,NA,NA,41610,Fri,Jun,11,2021,49,95,55,524,51,55,53,11 Jun 2021
95.824,11H 33M 30S,NA,NA,NA,NA,NA,41610,Fri,Jun,11,2021,49,95,55,524,49,56,54,11 Jun 2021
95.824,11H 33M 30S,NA,NA,NA,NA,NA,41610,Fri,Jun,11,2021,49,95,55,524,50,56,54,11 Jun 2021
95.824,11H 33M 30S,NA,NA,NA,NA,NA,41610,Fri,Jun,11,2021,49,95,55,524,51,56,54,11 Jun 2021
95.824,11H 33M 30S,NA,NA,NA,NA,NA,41610,Fri,Jun,11,2021,49,95,55,524,50,54,53,11 Jun 2021
95.824,11H 33M 30S,NA,NA,NA,NA,NA,41610,Fri,Jun,11,2021,49,95,55,524,52,56,55,11 Jun 2021
95.824,11H 33M 30S,NA,NA,NA,NA,NA,41610,Fri,Jun,11,2021,49,95,55,524,50,51,55,11 Jun 2021
95.824,11H 33M 30S,NA,NA,NA,NA,NA,41610,Fri,Jun,11,2021,49,95,55,524,50,52,52,11 Jun 2021
95.824,11H 33M 30S,NA,NA,NA,NA,NA,41610,Fri,Jun,11,2021,49,95,55,524,53,55,54,11 Jun 2021
95.824,11H 33M 30S,NA,NA,NA,NA,NA,41610,Fri,Jun,11,2021,49,95,55,524,51,54,54,11 Jun 2021
95.824,11H 33M 30S,NA,NA,NA,NA,NA,41610,Fri,Jun,11,2021,49,95,55,524,51,52,56,11 Jun 2021
95.824,11H 33M 30S,NA,NA,NA,NA,NA,41610,Fri,Jun,11,2021,49,95,55,524,46,50,54,11 Jun 2021
95.824,11H 33M 30S,NA,NA,NA,NA,NA,41610,Fri,Jun,11,2021,48,93,56,524,56,56,53,11 Jun 2021
95.824,11H 33M 30S,NA,NA,NA,NA,NA,41610,Fri,Jun,11,2021,48,93,56,524,51,55,53,11 Jun 2021
95.824,11H 33M 30S,NA,NA,NA,NA,NA,41610,Fri,Jun,11,2021,48,93,56,524,49,56,54,11 Jun 2021
95.824,11H 33M 30S,NA,NA,NA,NA,NA,41610,Fri,Jun,11,2021,48,93,56,524,50,56,54,11 Jun 2021
95.824,11H 33M 30S,NA,NA,NA,NA,NA,41610,Fri,Jun,11,2021,48,93,56,524,51,56,54,11 Jun 2021
95.824,11H 33M 30S,NA,NA,NA,NA,NA,41610,Fri,Jun,11,2021,48,93,56,524,50,54,53,11 Jun 2021
95.824,11H 33M 30S,NA,NA,NA,NA,NA,41610,Fri,Jun,11,2021,48,93,56,524,52,56,55,11 Jun 2021
95.824,11H 33M 30S,NA,NA,NA,NA,NA,41610,Fri,Jun,11,2021,48,93,56,524,50,51,55,11 Jun 2021
95.824,11H 33M 30S,NA,NA,NA,NA,NA,41610,Fri,Jun,11,2021,48,93,56,524,50,52,52,11 Jun 2021
95.824,11H 33M 30S,NA,NA,NA,NA,NA,41610,Fri,Jun,11,2021,48,93,56,524,53,55,54,11 Jun 2021
95.824,11H 33M 30S,NA,NA,NA,NA,NA,41610,Fri,Jun,11,2021,48,93,56,524,51,54,54,11 Jun 2021
95.824,11H 33M 30S,NA,NA,NA,NA,NA,41610,Fri,Jun,11,2021,48,93,56,524,51,52,56,11 Jun 2021
95.824,11H 33M 30S,NA,NA,NA,NA,NA,41610,Fri,Jun,11,2021,48,93,56,524,46,50,54,11 Jun 2021
95.824,11H 33M 30S,NA,NA,NA,NA,NA,41610,Fri,Jun,11,2021,52,96,56,524,56,56,53,11 Jun 2021
95.824,11H 33M 30S,NA,NA,NA,NA,NA,41610,Fri,Jun,11,2021,52,96,56,524,51,55,53,11 Jun 2021
95.824,11H 33M 30S,NA,NA,NA,NA,NA,41610,Fri,Jun,11,2021,52,96,56,524,49,56,54,11 Jun 2021
95.824,11H 33M 30S,NA,NA,NA,NA,NA,41610,Fri,Jun,11,2021,52,96,56,524,50,56,54,11 Jun 2021
95.824,11H 33M 30S,NA,NA,NA,NA,NA,41610,Fri,Jun,11,2021,52,96,56,524,51,56,54,11 Jun 2021
95.824,11H 33M 30S,NA,NA,NA,NA,NA,41610,Fri,Jun,11,2021,52,96,56,524,50,54,53,11 Jun 2021
95.824,11H 33M 30S,NA,NA,NA,NA,NA,41610,Fri,Jun,11,2021,52,96,56,524,52,56,55,11 Jun 2021
95.824,11H 33M 30S,NA,NA,NA,NA,NA,41610,Fri,Jun,11,2021,52,96,56,524,50,51,55,11 Jun 2021
95.824,11H 33M 30S,NA,NA,NA,NA,NA,41610,Fri,Jun,11,2021,52,96,56,524,50,52,52,11 Jun 2021
95.824,11H 33M 30S,NA,NA,NA,NA,NA,41610,Fri,Jun,11,2021,52,96,56,524,53,55,54,11 Jun 2021
95.824,11H 33M 30S,NA,NA,NA,NA,NA,41610,Fri,Jun,11,2021,52,96,56,524,51,54,54,11 Jun 2021
95.824,11H 33M 30S,NA,NA,NA,NA,NA,41610,Fri,Jun,11,2021,52,96,56,524,51,52,56,11 Jun 2021
95.824,11H 33M 30S,NA,NA,NA,NA,NA,41610,Fri,Jun,11,2021,52,96,56,524,46,50,54,11 Jun 2021
95.824,11H 33M 30S,NA,NA,NA,NA,NA,41610,Fri,Jun,11,2021,50,94,56,524,56,56,53,11 Jun 2021
95.824,11H 33M 30S,NA,NA,NA,NA,NA,41610,Fri,Jun,11,2021,50,94,56,524,51,55,53,11 Jun 2021
95.824,11H 33M 30S,NA,NA,NA,NA,NA,41610,Fri,Jun,11,2021,50,94,56,524,49,56,54,11 Jun 2021
95.824,11H 33M 30S,NA,NA,NA,NA,NA,41610,Fri,Jun,11,2021,50,94,56,524,50,56,54,11 Jun 2021
95.824,11H 33M 30S,NA,NA,NA,NA,NA,41610,Fri,Jun,11,2021,50,94,56,524,51,56,54,11 Jun 2021
95.824,11H 33M 30S,NA,NA,NA,NA,NA,41610,Fri,Jun,11,2021,50,94,56,524,50,54,53,11 Jun 2021
95.824,11H 33M 30S,NA,NA,NA,NA,NA,41610,Fri,Jun,11,2021,50,94,56,524,52,56,55,11 Jun 2021
95.824,11H 33M 30S,NA,NA,NA,NA,NA,41610,Fri,Jun,11,2021,50,94,56,524,50,51,55,11 Jun 2021
95.824,11H 33M 30S,NA,NA,NA,NA,NA,41610,Fri,Jun,11,2021,50,94,56,524,50,52,52,11 Jun 2021
95.824,11H 33M 30S,NA,NA,NA,NA,NA,41610,Fri,Jun,11,2021,50,94,56,524,53,55,54,11 Jun 2021
95.824,11H 33M 30S,NA,NA,NA,NA,NA,41610,Fri,Jun,11,2021,50,94,56,524,51,54,54,11 Jun 2021
95.824,11H 33M 30S,NA,NA,NA,NA,NA,41610,Fri,Jun,11,2021,50,94,56,524,51,52,56,11 Jun 2021
95.824,11H 33M 30S,NA,NA,NA,NA,NA,41610,Fri,Jun,11,2021,50,94,56,524,46,50,54,11 Jun 2021
95.824,11H 33M 30S,NA,NA,NA,NA,NA,41610,Fri,Jun,11,2021,49,93,56,524,56,56,53,11 Jun 2021
95.824,11H 33M 30S,NA,NA,NA,NA,NA,41610,Fri,Jun,11,2021,49,93,56,524,51,55,53,11 Jun 2021
95.824,11H 33M 30S,NA,NA,NA,NA,NA,41610,Fri,Jun,11,2021,49,93,56,524,49,56,54,11 Jun 2021
95.824,11H 33M 30S,NA,NA,NA,NA,NA,41610,Fri,Jun,11,2021,49,93,56,524,50,56,54,11 Jun 2021
95.824,11H 33M 30S,NA,NA,NA,NA,NA,41610,Fri,Jun,11,2021,49,93,56,524,51,56,54,11 Jun 2021
95.824,11H 33M 30S,NA,NA,NA,NA,NA,41610,Fri,Jun,11,2021,49,93,56,524,50,54,53,11 Jun 2021
95.824,11H 33M 30S,NA,NA,NA,NA,NA,41610,Fri,Jun,11,2021,49,93,56,524,52,56,55,11 Jun 2021
95.824,11H 33M 30S,NA,NA,NA,NA,NA,41610,Fri,Jun,11,2021,49,93,56,524,50,51,55,11 Jun 2021
95.824,11H 33M 30S,NA,NA,NA,NA,NA,41610,Fri,Jun,11,2021,49,93,56,524,50,52,52,11 Jun 2021
95.824,11H 33M 30S,NA,NA,NA,NA,NA,41610,Fri,Jun,11,2021,49,93,56,524,53,55,54,11 Jun 2021
95.824,11H 33M 30S,NA,NA,NA,NA,NA,41610,Fri,Jun,11,2021,49,93,56,524,51,54,54,11 Jun 2021
95.824,11H 33M 30S,NA,NA,NA,NA,NA,41610,Fri,Jun,11,2021,49,93,56,524,51,52,56,11 Jun 2021
95.824,11H 33M 30S,NA,NA,NA,NA,NA,41610,Fri,Jun,11,2021,49,93,56,524,46,50,54,11 Jun 2021
95.824,11H 33M 30S,NA,NA,NA,NA,NA,41610,Fri,Jun,11,2021,49,93,56,524,56,56,53,11 Jun 2021
95.824,11H 33M 30S,NA,NA,NA,NA,NA,41610,Fri,Jun,11,2021,49,93,56,524,51,55,53,11 Jun 2021
95.824,11H 33M 30S,NA,NA,NA,NA,NA,41610,Fri,Jun,11,2021,49,93,56,524,49,56,54,11 Jun 2021
95.824,11H 33M 30S,NA,NA,NA,NA,NA,41610,Fri,Jun,11,2021,49,93,56,524,50,56,54,11 Jun 2021
95.824,11H 33M 30S,NA,NA,NA,NA,NA,41610,Fri,Jun,11,2021,49,93,56,524,51,56,54,11 Jun 2021
95.824,11H 33M 30S,NA,NA,NA,NA,NA,41610,Fri,Jun,11,2021,49,93,56,524,50,54,53,11 Jun 2021
95.824,11H 33M 30S,NA,NA,NA,NA,NA,41610,Fri,Jun,11,2021,49,93,56,524,52,56,55,11 Jun 2021
95.824,11H 33M 30S,NA,NA,NA,NA,NA,41610,Fri,Jun,11,2021,49,93,56,524,50,51,55,11 Jun 2021
95.824,11H 33M 30S,NA,NA,NA,NA,NA,41610,Fri,Jun,11,2021,49,93,56,524,50,52,52,11 Jun 2021
95.824,11H 33M 30S,NA,NA,NA,NA,NA,41610,Fri,Jun,11,2021,49,93,56,524,53,55,54,11 Jun 2021
95.824,11H 33M 30S,NA,NA,NA,NA,NA,41610,Fri,Jun,11,2021,49,93,56,524,51,54,54,11 Jun 2021
95.824,11H 33M 30S,NA,NA,NA,NA,NA,41610,Fri,Jun,11,2021,49,93,56,524,51,52,56,11 Jun 2021
95.824,11H 33M 30S,NA,NA,NA,NA,NA,41610,Fri,Jun,11,2021,49,93,56,524,46,50,54,11 Jun 2021
96.468,11H 33M 31S,NA,NA,NA,NA,NA,41611,Fri,Jun,11,2021,49,91,56,524,49,50,51,11 Jun 2021
105.829,11H 33M 48S,NA,NA,NA,NA,NA,41628,Fri,Jun,11,2021,50,93,56,524,52,52,52,11 Jun 2021
105.829,11H 33M 48S,NA,NA,NA,NA,NA,41628,Fri,Jun,11,2021,50,93,56,524,51,54,57,11 Jun 2021
105.829,11H 33M 48S,NA,NA,NA,NA,NA,41628,Fri,Jun,11,2021,50,93,56,524,51,52,54,11 Jun 2021
105.829,11H 33M 48S,NA,NA,NA,NA,NA,41628,Fri,Jun,11,2021,50,93,56,524,50,51,52,11 Jun 2021
105.829,11H 33M 48S,NA,NA,NA,NA,NA,41628,Fri,Jun,11,2021,50,93,56,524,53,52,52,11 Jun 2021
105.829,11H 33M 48S,NA,NA,NA,NA,NA,41628,Fri,Jun,11,2021,50,93,56,524,50,50,54,11 Jun 2021
105.829,11H 33M 48S,NA,NA,NA,NA,NA,41628,Fri,Jun,11,2021,50,93,56,524,51,50,50,11 Jun 2021
105.829,11H 33M 48S,NA,NA,NA,NA,NA,41628,Fri,Jun,11,2021,50,93,56,524,51,52,54,11 Jun 2021
105.829,11H 33M 48S,NA,NA,NA,NA,NA,41628,Fri,Jun,11,2021,50,93,56,524,52,51,54,11 Jun 2021
105.829,11H 33M 48S,NA,NA,NA,NA,NA,41628,Fri,Jun,11,2021,50,93,56,524,49,50,53,11 Jun 2021
105.829,11H 33M 48S,NA,NA,NA,NA,NA,41628,Fri,Jun,11,2021,50,93,56,524,50,50,54,11 Jun 2021
105.829,11H 33M 48S,NA,NA,NA,NA,NA,41628,Fri,Jun,11,2021,50,93,56,524,52,50,55,11 Jun 2021
105.829,11H 33M 48S,NA,NA,NA,NA,NA,41628,Fri,Jun,11,2021,50,93,56,524,50,51,52,11 Jun 2021
105.829,11H 33M 48S,NA,NA,NA,NA,NA,41628,Fri,Jun,11,2021,50,93,56,524,50,50,51,11 Jun 2021
105.829,11H 33M 48S,NA,NA,NA,NA,NA,41628,Fri,Jun,11,2021,50,93,56,524,50,50,51,11 Jun 2021
105.829,11H 33M 48S,NA,NA,NA,NA,NA,41628,Fri,Jun,11,2021,50,94,55,524,52,52,52,11 Jun 2021
105.829,11H 33M 48S,NA,NA,NA,NA,NA,41628,Fri,Jun,11,2021,50,94,55,524,51,54,57,11 Jun 2021
105.829,11H 33M 48S,NA,NA,NA,NA,NA,41628,Fri,Jun,11,2021,50,94,55,524,51,52,54,11 Jun 2021
105.829,11H 33M 48S,NA,NA,NA,NA,NA,41628,Fri,Jun,11,2021,50,94,55,524,50,51,52,11 Jun 2021
105.829,11H 33M 48S,NA,NA,NA,NA,NA,41628,Fri,Jun,11,2021,50,94,55,524,53,52,52,11 Jun 2021
105.829,11H 33M 48S,NA,NA,NA,NA,NA,41628,Fri,Jun,11,2021,50,94,55,524,50,50,54,11 Jun 2021
105.829,11H 33M 48S,NA,NA,NA,NA,NA,41628,Fri,Jun,11,2021,50,94,55,524,51,50,50,11 Jun 2021
105.829,11H 33M 48S,NA,NA,NA,NA,NA,41628,Fri,Jun,11,2021,50,94,55,524,51,52,54,11 Jun 2021
105.829,11H 33M 48S,NA,NA,NA,NA,NA,41628,Fri,Jun,11,2021,50,94,55,524,52,51,54,11 Jun 2021
105.829,11H 33M 48S,NA,NA,NA,NA,NA,41628,Fri,Jun,11,2021,50,94,55,524,49,50,53,11 Jun 2021
105.829,11H 33M 48S,NA,NA,NA,NA,NA,41628,Fri,Jun,11,2021,50,94,55,524,50,50,54,11 Jun 2021
105.829,11H 33M 48S,NA,NA,NA,NA,NA,41628,Fri,Jun,11,2021,50,94,55,524,52,50,55,11 Jun 2021
105.829,11H 33M 48S,NA,NA,NA,NA,NA,41628,Fri,Jun,11,2021,50,94,55,524,50,51,52,11 Jun 2021
105.829,11H 33M 48S,NA,NA,NA,NA,NA,41628,Fri,Jun,11,2021,50,94,55,524,50,50,51,11 Jun 2021
105.829,11H 33M 48S,NA,NA,NA,NA,NA,41628,Fri,Jun,11,2021,50,94,55,524,50,50,51,11 Jun 2021
105.829,11H 33M 48S,NA,NA,NA,NA,NA,41628,Fri,Jun,11,2021,46,92,56,524,52,52,52,11 Jun 2021
105.829,11H 33M 48S,NA,NA,NA,NA,NA,41628,Fri,Jun,11,2021,46,92,56,524,51,54,57,11 Jun 2021
105.829,11H 33M 48S,NA,NA,NA,NA,NA,41628,Fri,Jun,11,2021,46,92,56,524,51,52,54,11 Jun 2021
105.829,11H 33M 48S,NA,NA,NA,NA,NA,41628,Fri,Jun,11,2021,46,92,56,524,50,51,52,11 Jun 2021
105.829,11H 33M 48S,NA,NA,NA,NA,NA,41628,Fri,Jun,11,2021,46,92,56,524,53,52,52,11 Jun 2021
105.829,11H 33M 48S,NA,NA,NA,NA,NA,41628,Fri,Jun,11,2021,46,92,56,524,50,50,54,11 Jun 2021
105.829,11H 33M 48S,NA,NA,NA,NA,NA,41628,Fri,Jun,11,2021,46,92,56,524,51,50,50,11 Jun 2021
105.829,11H 33M 48S,NA,NA,NA,NA,NA,41628,Fri,Jun,11,2021,46,92,56,524,51,52,54,11 Jun 2021
105.829,11H 33M 48S,NA,NA,NA,NA,NA,41628,Fri,Jun,11,2021,46,92,56,524,52,51,54,11 Jun 2021
105.829,11H 33M 48S,NA,NA,NA,NA,NA,41628,Fri,Jun,11,2021,46,92,56,524,49,50,53,11 Jun 2021
105.829,11H 33M 48S,NA,NA,NA,NA,NA,41628,Fri,Jun,11,2021,46,92,56,524,50,50,54,11 Jun 2021
105.829,11H 33M 48S,NA,NA,NA,NA,NA,41628,Fri,Jun,11,2021,46,92,56,524,52,50,55,11 Jun 2021
105.829,11H 33M 48S,NA,NA,NA,NA,NA,41628,Fri,Jun,11,2021,46,92,56,524,50,51,52,11 Jun 2021
105.829,11H 33M 48S,NA,NA,NA,NA,NA,41628,Fri,Jun,11,2021,46,92,56,524,50,50,51,11 Jun 2021
105.829,11H 33M 48S,NA,NA,NA,NA,NA,41628,Fri,Jun,11,2021,46,92,56,524,50,50,51,11 Jun 2021
105.829,11H 33M 48S,NA,NA,NA,NA,NA,41628,Fri,Jun,11,2021,48,93,56,525,52,52,52,11 Jun 2021
105.829,11H 33M 48S,NA,NA,NA,NA,NA,41628,Fri,Jun,11,2021,48,93,56,525,51,54,57,11 Jun 2021
105.829,11H 33M 48S,NA,NA,NA,NA,NA,41628,Fri,Jun,11,2021,48,93,56,525,51,52,54,11 Jun 2021
105.829,11H 33M 48S,NA,NA,NA,NA,NA,41628,Fri,Jun,11,2021,48,93,56,525,50,51,52,11 Jun 2021
105.829,11H 33M 48S,NA,NA,NA,NA,NA,41628,Fri,Jun,11,2021,48,93,56,525,53,52,52,11 Jun 2021
105.829,11H 33M 48S,NA,NA,NA,NA,NA,41628,Fri,Jun,11,2021,48,93,56,525,50,50,54,11 Jun 2021
105.829,11H 33M 48S,NA,NA,NA,NA,NA,41628,Fri,Jun,11,2021,48,93,56,525,51,50,50,11 Jun 2021
105.829,11H 33M 48S,NA,NA,NA,NA,NA,41628,Fri,Jun,11,2021,48,93,56,525,51,52,54,11 Jun 2021
105.829,11H 33M 48S,NA,NA,NA,NA,NA,41628,Fri,Jun,11,2021,48,93,56,525,52,51,54,11 Jun 2021
105.829,11H 33M 48S,NA,NA,NA,NA,NA,41628,Fri,Jun,11,2021,48,93,56,525,49,50,53,11 Jun 2021
105.829,11H 33M 48S,NA,NA,NA,NA,NA,41628,Fri,Jun,11,2021,48,93,56,525,50,50,54,11 Jun 2021
105.829,11H 33M 48S,NA,NA,NA,NA,NA,41628,Fri,Jun,11,2021,48,93,56,525,52,50,55,11 Jun 2021
105.829,11H 33M 48S,NA,NA,NA,NA,NA,41628,Fri,Jun,11,2021,48,93,56,525,50,51,52,11 Jun 2021
105.829,11H 33M 48S,NA,NA,NA,NA,NA,41628,Fri,Jun,11,2021,48,93,56,525,50,50,51,11 Jun 2021
105.829,11H 33M 48S,NA,NA,NA,NA,NA,41628,Fri,Jun,11,2021,48,93,56,525,50,50,51,11 Jun 2021
105.829,11H 33M 48S,NA,NA,NA,NA,NA,41628,Fri,Jun,11,2021,49,95,55,525,52,52,52,11 Jun 2021
105.829,11H 33M 48S,NA,NA,NA,NA,NA,41628,Fri,Jun,11,2021,49,95,55,525,51,54,57,11 Jun 2021
105.829,11H 33M 48S,NA,NA,NA,NA,NA,41628,Fri,Jun,11,2021,49,95,55,525,51,52,54,11 Jun 2021
105.829,11H 33M 48S,NA,NA,NA,NA,NA,41628,Fri,Jun,11,2021,49,95,55,525,50,51,52,11 Jun 2021
105.829,11H 33M 48S,NA,NA,NA,NA,NA,41628,Fri,Jun,11,2021,49,95,55,525,53,52,52,11 Jun 2021
105.829,11H 33M 48S,NA,NA,NA,NA,NA,41628,Fri,Jun,11,2021,49,95,55,525,50,50,54,11 Jun 2021
105.829,11H 33M 48S,NA,NA,NA,NA,NA,41628,Fri,Jun,11,2021,49,95,55,525,51,50,50,11 Jun 2021
105.829,11H 33M 48S,NA,NA,NA,NA,NA,41628,Fri,Jun,11,2021,49,95,55,525,51,52,54,11 Jun 2021
105.829,11H 33M 48S,NA,NA,NA,NA,NA,41628,Fri,Jun,11,2021,49,95,55,525,52,51,54,11 Jun 2021
105.829,11H 33M 48S,NA,NA,NA,NA,NA,41628,Fri,Jun,11,2021,49,95,55,525,49,50,53,11 Jun 2021
105.829,11H 33M 48S,NA,NA,NA,NA,NA,41628,Fri,Jun,11,2021,49,95,55,525,50,50,54,11 Jun 2021
105.829,11H 33M 48S,NA,NA,NA,NA,NA,41628,Fri,Jun,11,2021,49,95,55,525,52,50,55,11 Jun 2021
105.829,11H 33M 48S,NA,NA,NA,NA,NA,41628,Fri,Jun,11,2021,49,95,55,525,50,51,52,11 Jun 2021
105.829,11H 33M 48S,NA,NA,NA,NA,NA,41628,Fri,Jun,11,2021,49,95,55,525,50,50,51,11 Jun 2021
105.829,11H 33M 48S,NA,NA,NA,NA,NA,41628,Fri,Jun,11,2021,49,95,55,525,50,50,51,11 Jun 2021
105.829,11H 33M 48S,NA,NA,NA,NA,NA,41628,Fri,Jun,11,2021,46,92,56,525,52,52,52,11 Jun 2021
105.829,11H 33M 48S,NA,NA,NA,NA,NA,41628,Fri,Jun,11,2021,46,92,56,525,51,54,57,11 Jun 2021
105.829,11H 33M 48S,NA,NA,NA,NA,NA,41628,Fri,Jun,11,2021,46,92,56,525,51,52,54,11 Jun 2021
105.829,11H 33M 48S,NA,NA,NA,NA,NA,41628,Fri,Jun,11,2021,46,92,56,525,50,51,52,11 Jun 2021
105.829,11H 33M 48S,NA,NA,NA,NA,NA,41628,Fri,Jun,11,2021,46,92,56,525,53,52,52,11 Jun 2021
105.829,11H 33M 48S,NA,NA,NA,NA,NA,41628,Fri,Jun,11,2021,46,92,56,525,50,50,54,11 Jun 2021
105.829,11H 33M 48S,NA,NA,NA,NA,NA,41628,Fri,Jun,11,2021,46,92,56,525,51,50,50,11 Jun 2021
105.829,11H 33M 48S,NA,NA,NA,NA,NA,41628,Fri,Jun,11,2021,46,92,56,525,51,52,54,11 Jun 2021
105.829,11H 33M 48S,NA,NA,NA,NA,NA,41628,Fri,Jun,11,2021,46,92,56,525,52,51,54,11 Jun 2021
105.829,11H 33M 48S,NA,NA,NA,NA,NA,41628,Fri,Jun,11,2021,46,92,56,525,49,50,53,11 Jun 2021
105.829,11H 33M 48S,NA,NA,NA,NA,NA,41628,Fri,Jun,11,2021,46,92,56,525,50,50,54,11 Jun 2021
105.829,11H 33M 48S,NA,NA,NA,NA,NA,41628,Fri,Jun,11,2021,46,92,56,525,52,50,55,11 Jun 2021
105.829,11H 33M 48S,NA,NA,NA,NA,NA,41628,Fri,Jun,11,2021,46,92,56,525,50,51,52,11 Jun 2021
105.829,11H 33M 48S,NA,NA,NA,NA,NA,41628,Fri,Jun,11,2021,46,92,56,525,50,50,51,11 Jun 2021
105.829,11H 33M 48S,NA,NA,NA,NA,NA,41628,Fri,Jun,11,2021,46,92,56,525,50,50,51,11 Jun 2021
105.829,11H 33M 48S,NA,NA,NA,NA,NA,41628,Fri,Jun,11,2021,45,92,56,524,52,52,52,11 Jun 2021
105.829,11H 33M 48S,NA,NA,NA,NA,NA,41628,Fri,Jun,11,2021,45,92,56,524,51,54,57,11 Jun 2021
105.829,11H 33M 48S,NA,NA,NA,NA,NA,41628,Fri,Jun,11,2021,45,92,56,524,51,52,54,11 Jun 2021
105.829,11H 33M 48S,NA,NA,NA,NA,NA,41628,Fri,Jun,11,2021,45,92,56,524,50,51,52,11 Jun 2021
105.829,11H 33M 48S,NA,NA,NA,NA,NA,41628,Fri,Jun,11,2021,45,92,56,524,53,52,52,11 Jun 2021
105.829,11H 33M 48S,NA,NA,NA,NA,NA,41628,Fri,Jun,11,2021,45,92,56,524,50,50,54,11 Jun 2021
105.829,11H 33M 48S,NA,NA,NA,NA,NA,41628,Fri,Jun,11,2021,45,92,56,524,51,50,50,11 Jun 2021
105.829,11H 33M 48S,NA,NA,NA,NA,NA,41628,Fri,Jun,11,2021,45,92,56,524,51,52,54,11 Jun 2021
105.829,11H 33M 48S,NA,NA,NA,NA,NA,41628,Fri,Jun,11,2021,45,92,56,524,52,51,54,11 Jun 2021
105.829,11H 33M 48S,NA,NA,NA,NA,NA,41628,Fri,Jun,11,2021,45,92,56,524,49,50,53,11 Jun 2021
105.829,11H 33M 48S,NA,NA,NA,NA,NA,41628,Fri,Jun,11,2021,45,92,56,524,50,50,54,11 Jun 2021
105.829,11H 33M 48S,NA,NA,NA,NA,NA,41628,Fri,Jun,11,2021,45,92,56,524,52,50,55,11 Jun 2021
105.829,11H 33M 48S,NA,NA,NA,NA,NA,41628,Fri,Jun,11,2021,45,92,56,524,50,51,52,11 Jun 2021
105.829,11H 33M 48S,NA,NA,NA,NA,NA,41628,Fri,Jun,11,2021,45,92,56,524,50,50,51,11 Jun 2021
105.829,11H 33M 48S,NA,NA,NA,NA,NA,41628,Fri,Jun,11,2021,45,92,56,524,50,50,51,11 Jun 2021
105.829,11H 33M 48S,NA,NA,NA,NA,NA,41628,Fri,Jun,11,2021,47,94,56,525,52,52,52,11 Jun 2021
105.829,11H 33M 48S,NA,NA,NA,NA,NA,41628,Fri,Jun,11,2021,47,94,56,525,51,54,57,11 Jun 2021
105.829,11H 33M 48S,NA,NA,NA,NA,NA,41628,Fri,Jun,11,2021,47,94,56,525,51,52,54,11 Jun 2021
105.829,11H 33M 48S,NA,NA,NA,NA,NA,41628,Fri,Jun,11,2021,47,94,56,525,50,51,52,11 Jun 2021
105.829,11H 33M 48S,NA,NA,NA,NA,NA,41628,Fri,Jun,11,2021,47,94,56,525,53,52,52,11 Jun 2021
105.829,11H 33M 48S,NA,NA,NA,NA,NA,41628,Fri,Jun,11,2021,47,94,56,525,50,50,54,11 Jun 2021
105.829,11H 33M 48S,NA,NA,NA,NA,NA,41628,Fri,Jun,11,2021,47,94,56,525,51,50,50,11 Jun 2021
105.829,11H 33M 48S,NA,NA,NA,NA,NA,41628,Fri,Jun,11,2021,47,94,56,525,51,52,54,11 Jun 2021
105.829,11H 33M 48S,NA,NA,NA,NA,NA,41628,Fri,Jun,11,2021,47,94,56,525,52,51,54,11 Jun 2021
105.829,11H 33M 48S,NA,NA,NA,NA,NA,41628,Fri,Jun,11,2021,47,94,56,525,49,50,53,11 Jun 2021
105.829,11H 33M 48S,NA,NA,NA,NA,NA,41628,Fri,Jun,11,2021,47,94,56,525,50,50,54,11 Jun 2021
105.829,11H 33M 48S,NA,NA,NA,NA,NA,41628,Fri,Jun,11,2021,47,94,56,525,52,50,55,11 Jun 2021
105.829,11H 33M 48S,NA,NA,NA,NA,NA,41628,Fri,Jun,11,2021,47,94,56,525,50,51,52,11 Jun 2021
105.829,11H 33M 48S,NA,NA,NA,NA,NA,41628,Fri,Jun,11,2021,47,94,56,525,50,50,51,11 Jun 2021
105.829,11H 33M 48S,NA,NA,NA,NA,NA,41628,Fri,Jun,11,2021,47,94,56,525,50,50,51,11 Jun 2021
105.829,11H 33M 48S,NA,NA,NA,NA,NA,41628,Fri,Jun,11,2021,49,95,56,525,52,52,52,11 Jun 2021
105.829,11H 33M 48S,NA,NA,NA,NA,NA,41628,Fri,Jun,11,2021,49,95,56,525,51,54,57,11 Jun 2021
105.829,11H 33M 48S,NA,NA,NA,NA,NA,41628,Fri,Jun,11,2021,49,95,56,525,51,52,54,11 Jun 2021
105.829,11H 33M 48S,NA,NA,NA,NA,NA,41628,Fri,Jun,11,2021,49,95,56,525,50,51,52,11 Jun 2021
105.829,11H 33M 48S,NA,NA,NA,NA,NA,41628,Fri,Jun,11,2021,49,95,56,525,53,52,52,11 Jun 2021
105.829,11H 33M 48S,NA,NA,NA,NA,NA,41628,Fri,Jun,11,2021,49,95,56,525,50,50,54,11 Jun 2021
105.829,11H 33M 48S,NA,NA,NA,NA,NA,41628,Fri,Jun,11,2021,49,95,56,525,51,50,50,11 Jun 2021
105.829,11H 33M 48S,NA,NA,NA,NA,NA,41628,Fri,Jun,11,2021,49,95,56,525,51,52,54,11 Jun 2021
105.829,11H 33M 48S,NA,NA,NA,NA,NA,41628,Fri,Jun,11,2021,49,95,56,525,52,51,54,11 Jun 2021
105.829,11H 33M 48S,NA,NA,NA,NA,NA,41628,Fri,Jun,11,2021,49,95,56,525,49,50,53,11 Jun 2021
105.829,11H 33M 48S,NA,NA,NA,NA,NA,41628,Fri,Jun,11,2021,49,95,56,525,50,50,54,11 Jun 2021
105.829,11H 33M 48S,NA,NA,NA,NA,NA,41628,Fri,Jun,11,2021,49,95,56,525,52,50,55,11 Jun 2021
105.829,11H 33M 48S,NA,NA,NA,NA,NA,41628,Fri,Jun,11,2021,49,95,56,525,50,51,52,11 Jun 2021
105.829,11H 33M 48S,NA,NA,NA,NA,NA,41628,Fri,Jun,11,2021,49,95,56,525,50,50,51,11 Jun 2021
105.829,11H 33M 48S,NA,NA,NA,NA,NA,41628,Fri,Jun,11,2021,49,95,56,525,50,50,51,11 Jun 2021
105.829,11H 33M 48S,NA,NA,NA,NA,NA,41628,Fri,Jun,11,2021,47,90,56,525,52,52,52,11 Jun 2021
105.829,11H 33M 48S,NA,NA,NA,NA,NA,41628,Fri,Jun,11,2021,47,90,56,525,51,54,57,11 Jun 2021
105.829,11H 33M 48S,NA,NA,NA,NA,NA,41628,Fri,Jun,11,2021,47,90,56,525,51,52,54,11 Jun 2021
105.829,11H 33M 48S,NA,NA,NA,NA,NA,41628,Fri,Jun,11,2021,47,90,56,525,50,51,52,11 Jun 2021
105.829,11H 33M 48S,NA,NA,NA,NA,NA,41628,Fri,Jun,11,2021,47,90,56,525,53,52,52,11 Jun 2021
105.829,11H 33M 48S,NA,NA,NA,NA,NA,41628,Fri,Jun,11,2021,47,90,56,525,50,50,54,11 Jun 2021
105.829,11H 33M 48S,NA,NA,NA,NA,NA,41628,Fri,Jun,11,2021,47,90,56,525,51,50,50,11 Jun 2021
105.829,11H 33M 48S,NA,NA,NA,NA,NA,41628,Fri,Jun,11,2021,47,90,56,525,51,52,54,11 Jun 2021
105.829,11H 33M 48S,NA,NA,NA,NA,NA,41628,Fri,Jun,11,2021,47,90,56,525,52,51,54,11 Jun 2021
105.829,11H 33M 48S,NA,NA,NA,NA,NA,41628,Fri,Jun,11,2021,47,90,56,525,49,50,53,11 Jun 2021
105.829,11H 33M 48S,NA,NA,NA,NA,NA,41628,Fri,Jun,11,2021,47,90,56,525,50,50,54,11 Jun 2021
105.829,11H 33M 48S,NA,NA,NA,NA,NA,41628,Fri,Jun,11,2021,47,90,56,525,52,50,55,11 Jun 2021
105.829,11H 33M 48S,NA,NA,NA,NA,NA,41628,Fri,Jun,11,2021,47,90,56,525,50,51,52,11 Jun 2021
105.829,11H 33M 48S,NA,NA,NA,NA,NA,41628,Fri,Jun,11,2021,47,90,56,525,50,50,51,11 Jun 2021
105.829,11H 33M 48S,NA,NA,NA,NA,NA,41628,Fri,Jun,11,2021,47,90,56,525,50,50,51,11 Jun 2021
105.829,11H 33M 48S,NA,NA,NA,NA,NA,41628,Fri,Jun,11,2021,46,92,56,525,52,52,52,11 Jun 2021
105.829,11H 33M 48S,NA,NA,NA,NA,NA,41628,Fri,Jun,11,2021,46,92,56,525,51,54,57,11 Jun 2021
105.829,11H 33M 48S,NA,NA,NA,NA,NA,41628,Fri,Jun,11,2021,46,92,56,525,51,52,54,11 Jun 2021
105.829,11H 33M 48S,NA,NA,NA,NA,NA,41628,Fri,Jun,11,2021,46,92,56,525,50,51,52,11 Jun 2021
105.829,11H 33M 48S,NA,NA,NA,NA,NA,41628,Fri,Jun,11,2021,46,92,56,525,53,52,52,11 Jun 2021
105.829,11H 33M 48S,NA,NA,NA,NA,NA,41628,Fri,Jun,11,2021,46,92,56,525,50,50,54,11 Jun 2021
105.829,11H 33M 48S,NA,NA,NA,NA,NA,41628,Fri,Jun,11,2021,46,92,56,525,51,50,50,11 Jun 2021
105.829,11H 33M 48S,NA,NA,NA,NA,NA,41628,Fri,Jun,11,2021,46,92,56,525,51,52,54,11 Jun 2021
105.829,11H 33M 48S,NA,NA,NA,NA,NA,41628,Fri,Jun,11,2021,46,92,56,525,52,51,54,11 Jun 2021
105.829,11H 33M 48S,NA,NA,NA,NA,NA,41628,Fri,Jun,11,2021,46,92,56,525,49,50,53,11 Jun 2021
105.829,11H 33M 48S,NA,NA,NA,NA,NA,41628,Fri,Jun,11,2021,46,92,56,525,50,50,54,11 Jun 2021
105.829,11H 33M 48S,NA,NA,NA,NA,NA,41628,Fri,Jun,11,2021,46,92,56,525,52,50,55,11 Jun 2021
105.829,11H 33M 48S,NA,NA,NA,NA,NA,41628,Fri,Jun,11,2021,46,92,56,525,50,51,52,11 Jun 2021
105.829,11H 33M 48S,NA,NA,NA,NA,NA,41628,Fri,Jun,11,2021,46,92,56,525,50,50,51,11 Jun 2021
105.829,11H 33M 48S,NA,NA,NA,NA,NA,41628,Fri,Jun,11,2021,46,92,56,525,50,50,51,11 Jun 2021
105.829,11H 33M 48S,NA,NA,NA,NA,NA,41628,Fri,Jun,11,2021,49,100,56,525,52,52,52,11 Jun 2021
105.829,11H 33M 48S,NA,NA,NA,NA,NA,41628,Fri,Jun,11,2021,49,100,56,525,51,54,57,11 Jun 2021
105.829,11H 33M 48S,NA,NA,NA,NA,NA,41628,Fri,Jun,11,2021,49,100,56,525,51,52,54,11 Jun 2021
105.829,11H 33M 48S,NA,NA,NA,NA,NA,41628,Fri,Jun,11,2021,49,100,56,525,50,51,52,11 Jun 2021
105.829,11H 33M 48S,NA,NA,NA,NA,NA,41628,Fri,Jun,11,2021,49,100,56,525,53,52,52,11 Jun 2021
105.829,11H 33M 48S,NA,NA,NA,NA,NA,41628,Fri,Jun,11,2021,49,100,56,525,50,50,54,11 Jun 2021
105.829,11H 33M 48S,NA,NA,NA,NA,NA,41628,Fri,Jun,11,2021,49,100,56,525,51,50,50,11 Jun 2021
105.829,11H 33M 48S,NA,NA,NA,NA,NA,41628,Fri,Jun,11,2021,49,100,56,525,51,52,54,11 Jun 2021
105.829,11H 33M 48S,NA,NA,NA,NA,NA,41628,Fri,Jun,11,2021,49,100,56,525,52,51,54,11 Jun 2021
105.829,11H 33M 48S,NA,NA,NA,NA,NA,41628,Fri,Jun,11,2021,49,100,56,525,49,50,53,11 Jun 2021
105.829,11H 33M 48S,NA,NA,NA,NA,NA,41628,Fri,Jun,11,2021,49,100,56,525,50,50,54,11 Jun 2021
105.829,11H 33M 48S,NA,NA,NA,NA,NA,41628,Fri,Jun,11,2021,49,100,56,525,52,50,55,11 Jun 2021
105.829,11H 33M 48S,NA,NA,NA,NA,NA,41628,Fri,Jun,11,2021,49,100,56,525,50,51,52,11 Jun 2021
105.829,11H 33M 48S,NA,NA,NA,NA,NA,41628,Fri,Jun,11,2021,49,100,56,525,50,50,51,11 Jun 2021
105.829,11H 33M 48S,NA,NA,NA,NA,NA,41628,Fri,Jun,11,2021,49,100,56,525,50,50,51,11 Jun 2021
105.829,11H 33M 48S,NA,NA,NA,NA,NA,41628,Fri,Jun,11,2021,46,90,56,525,52,52,52,11 Jun 2021
105.829,11H 33M 48S,NA,NA,NA,NA,NA,41628,Fri,Jun,11,2021,46,90,56,525,51,54,57,11 Jun 2021
105.829,11H 33M 48S,NA,NA,NA,NA,NA,41628,Fri,Jun,11,2021,46,90,56,525,51,52,54,11 Jun 2021
105.829,11H 33M 48S,NA,NA,NA,NA,NA,41628,Fri,Jun,11,2021,46,90,56,525,50,51,52,11 Jun 2021
105.829,11H 33M 48S,NA,NA,NA,NA,NA,41628,Fri,Jun,11,2021,46,90,56,525,53,52,52,11 Jun 2021
105.829,11H 33M 48S,NA,NA,NA,NA,NA,41628,Fri,Jun,11,2021,46,90,56,525,50,50,54,11 Jun 2021
105.829,11H 33M 48S,NA,NA,NA,NA,NA,41628,Fri,Jun,11,2021,46,90,56,525,51,50,50,11 Jun 2021
105.829,11H 33M 48S,NA,NA,NA,NA,NA,41628,Fri,Jun,11,2021,46,90,56,525,51,52,54,11 Jun 2021
105.829,11H 33M 48S,NA,NA,NA,NA,NA,41628,Fri,Jun,11,2021,46,90,56,525,52,51,54,11 Jun 2021
105.829,11H 33M 48S,NA,NA,NA,NA,NA,41628,Fri,Jun,11,2021,46,90,56,525,49,50,53,11 Jun 2021
105.829,11H 33M 48S,NA,NA,NA,NA,NA,41628,Fri,Jun,11,2021,46,90,56,525,50,50,54,11 Jun 2021
105.829,11H 33M 48S,NA,NA,NA,NA,NA,41628,Fri,Jun,11,2021,46,90,56,525,52,50,55,11 Jun 2021
105.829,11H 33M 48S,NA,NA,NA,NA,NA,41628,Fri,Jun,11,2021,46,90,56,525,50,51,52,11 Jun 2021
105.829,11H 33M 48S,NA,NA,NA,NA,NA,41628,Fri,Jun,11,2021,46,90,56,525,50,50,51,11 Jun 2021
105.829,11H 33M 48S,NA,NA,NA,NA,NA,41628,Fri,Jun,11,2021,46,90,56,525,50,50,51,11 Jun 2021
105.829,11H 33M 48S,NA,NA,NA,NA,NA,41628,Fri,Jun,11,2021,44,92,55,525,52,52,52,11 Jun 2021
105.829,11H 33M 48S,NA,NA,NA,NA,NA,41628,Fri,Jun,11,2021,44,92,55,525,51,54,57,11 Jun 2021
105.829,11H 33M 48S,NA,NA,NA,NA,NA,41628,Fri,Jun,11,2021,44,92,55,525,51,52,54,11 Jun 2021
105.829,11H 33M 48S,NA,NA,NA,NA,NA,41628,Fri,Jun,11,2021,44,92,55,525,50,51,52,11 Jun 2021
105.829,11H 33M 48S,NA,NA,NA,NA,NA,41628,Fri,Jun,11,2021,44,92,55,525,53,52,52,11 Jun 2021
105.829,11H 33M 48S,NA,NA,NA,NA,NA,41628,Fri,Jun,11,2021,44,92,55,525,50,50,54,11 Jun 2021
105.829,11H 33M 48S,NA,NA,NA,NA,NA,41628,Fri,Jun,11,2021,44,92,55,525,51,50,50,11 Jun 2021
105.829,11H 33M 48S,NA,NA,NA,NA,NA,41628,Fri,Jun,11,2021,44,92,55,525,51,52,54,11 Jun 2021
105.829,11H 33M 48S,NA,NA,NA,NA,NA,41628,Fri,Jun,11,2021,44,92,55,525,52,51,54,11 Jun 2021
105.829,11H 33M 48S,NA,NA,NA,NA,NA,41628,Fri,Jun,11,2021,44,92,55,525,49,50,53,11 Jun 2021
105.829,11H 33M 48S,NA,NA,NA,NA,NA,41628,Fri,Jun,11,2021,44,92,55,525,50,50,54,11 Jun 2021
105.829,11H 33M 48S,NA,NA,NA,NA,NA,41628,Fri,Jun,11,2021,44,92,55,525,52,50,55,11 Jun 2021
105.829,11H 33M 48S,NA,NA,NA,NA,NA,41628,Fri,Jun,11,2021,44,92,55,525,50,51,52,11 Jun 2021
105.829,11H 33M 48S,NA,NA,NA,NA,NA,41628,Fri,Jun,11,2021,44,92,55,525,50,50,51,11 Jun 2021
105.829,11H 33M 48S,NA,NA,NA,NA,NA,41628,Fri,Jun,11,2021,44,92,55,525,50,50,51,11 Jun 2021
105.829,11H 33M 48S,NA,NA,NA,NA,NA,41628,Fri,Jun,11,2021,47,92,56,525,52,52,52,11 Jun 2021
105.829,11H 33M 48S,NA,NA,NA,NA,NA,41628,Fri,Jun,11,2021,47,92,56,525,51,54,57,11 Jun 2021
105.829,11H 33M 48S,NA,NA,NA,NA,NA,41628,Fri,Jun,11,2021,47,92,56,525,51,52,54,11 Jun 2021
105.829,11H 33M 48S,NA,NA,NA,NA,NA,41628,Fri,Jun,11,2021,47,92,56,525,50,51,52,11 Jun 2021
105.829,11H 33M 48S,NA,NA,NA,NA,NA,41628,Fri,Jun,11,2021,47,92,56,525,53,52,52,11 Jun 2021
105.829,11H 33M 48S,NA,NA,NA,NA,NA,41628,Fri,Jun,11,2021,47,92,56,525,50,50,54,11 Jun 2021
105.829,11H 33M 48S,NA,NA,NA,NA,NA,41628,Fri,Jun,11,2021,47,92,56,525,51,50,50,11 Jun 2021
105.829,11H 33M 48S,NA,NA,NA,NA,NA,41628,Fri,Jun,11,2021,47,92,56,525,51,52,54,11 Jun 2021
105.829,11H 33M 48S,NA,NA,NA,NA,NA,41628,Fri,Jun,11,2021,47,92,56,525,52,51,54,11 Jun 2021
105.829,11H 33M 48S,NA,NA,NA,NA,NA,41628,Fri,Jun,11,2021,47,92,56,525,49,50,53,11 Jun 2021
105.829,11H 33M 48S,NA,NA,NA,NA,NA,41628,Fri,Jun,11,2021,47,92,56,525,50,50,54,11 Jun 2021
105.829,11H 33M 48S,NA,NA,NA,NA,NA,41628,Fri,Jun,11,2021,47,92,56,525,52,50,55,11 Jun 2021
105.829,11H 33M 48S,NA,NA,NA,NA,NA,41628,Fri,Jun,11,2021,47,92,56,525,50,51,52,11 Jun 2021
105.829,11H 33M 48S,NA,NA,NA,NA,NA,41628,Fri,Jun,11,2021,47,92,56,525,50,50,51,11 Jun 2021
105.829,11H 33M 48S,NA,NA,NA,NA,NA,41628,Fri,Jun,11,2021,47,92,56,525,50,50,51,11 Jun 2021
107.095,11H 33M 50S,NA,NA,NA,NA,NA,41630,Fri,Jun,11,2021,47,88,56,525,49,47,51,11 Jun 2021
108.118,11H 33M 52S,NA,NA,NA,NA,NA,41632,Fri,Jun,11,2021,47,NA,NA,NA,50,50,54,11 Jun 2021
108.804,11H 33M 53S,NA,NA,NA,NA,NA,41633,Fri,Jun,11,2021,46,92,55,525,50,49,52,11 Jun 2021
109.35,11H 33M 54S,NA,NA,NA,NA,NA,41634,Fri,Jun,11,2021,45,98,56,525,48,46,51,11 Jun 2021
109.796,11H 33M 55S,NA,NA,NA,NA,NA,41635,Fri,Jun,11,2021,44,92,56,525,50,50,53,11 Jun 2021
110.423,11H 33M 56S,NA,NA,NA,NA,NA,41636,Fri,Jun,11,2021,47,92,56,525,48,46,52,11 Jun 2021
111.11,11H 33M 57S,NA,NA,NA,NA,NA,41637,Fri,Jun,11,2021,45,93,55,525,49,49,51,11 Jun 2021
111.628,11H 33M 58S,NA,NA,NA,NA,NA,41638,Fri,Jun,11,2021,47,91,55,525,47,47,51,11 Jun 2021
112.07,11H 33M 59S,NA,NA,NA,NA,NA,41639,Fri,Jun,11,2021,46,92,55,525,50,50,52,11 Jun 2021
113.35,11H 34M 1S,NA,NA,NA,NA,NA,41641,Fri,Jun,11,2021,47,92,55,525,49,50,54,11 Jun 2021
113.924,11H 34M 2S,NA,NA,NA,NA,NA,41642,Fri,Jun,11,2021,48,89,55,525,48,49,54,11 Jun 2021
114.37,11H 34M 3S,NA,NA,NA,NA,NA,41643,Fri,Jun,11,2021,48,93,56,525,47,49,52,11 Jun 2021
114.907,11H 34M 4S,NA,NA,NA,NA,NA,41644,Fri,Jun,11,2021,45,93,56,52,50,50,54,11 Jun 2021
115.569,11H 34M 5S,NA,NA,NA,NA,NA,41645,Fri,Jun,11,2021,47,97,55,525,45,52,58,11 Jun 2021
116.625,11H 34M 7S,NA,NA,NA,NA,NA,41647,Fri,Jun,11,2021,48,92,56,525,50,51,56,11 Jun 2021
117.13,11H 34M 8S,NA,NA,NA,NA,NA,41648,Fri,Jun,11,2021,49,95,56,525,54,50,51,11 Jun 2021
118.463,11H 34M 10S,NA,NA,NA,NA,NA,41650,Fri,Jun,11,2021,47,91,56,525,48,52,59,11 Jun 2021
118.938,11H 34M 11S,NA,NA,NA,NA,NA,41651,Fri,Jun,11,2021,47,97,56,525,50,50,55,11 Jun 2021
119.347,11H 34M 12S,NA,NA,NA,NA,NA,41652,Fri,Jun,11,2021,46,96,56,525,52,50,55,11 Jun 2021
120.004,11H 34M 13S,NA,NA,NA,NA,NA,41653,Fri,Jun,11,2021,50,95,56,525,50,49,48,11 Jun 2021
120.718,11H 34M 14S,NA,NA,NA,NA,NA,41654,Fri,Jun,11,2021,49,92,56,525,54,50,48,11 Jun 2021
121.167,11H 34M 15S,NA,NA,NA,NA,NA,41655,Fri,Jun,11,2021,50,91,55,526,50,54,53,11 Jun 2021
121.569,11H 34M 16S,NA,NA,NA,NA,NA,41656,Fri,Jun,11,2021,46,92,56,525,50,51,56,11 Jun 2021
122.221,11H 34M 17S,NA,NA,NA,NA,NA,41657,Fri,Jun,11,2021,45,91,56,526,470,532,532,11 Jun 2021
123.394,11H 34M 19S,NA,NA,NA,NA,NA,41659,Fri,Jun,11,2021,47,90,56,525,50,50,57,11 Jun 2021
123.905,11H 34M 20S,NA,NA,NA,NA,NA,41660,Fri,Jun,11,2021,47,90,56,526,50,49,53,11 Jun 2021
124.51,11H 34M 21S,NA,NA,NA,NA,NA,41661,Fri,Jun,11,2021,45,89,57,526,48,50,53,11 Jun 2021
125.605,11H 34M 23S,NA,NA,NA,NA,NA,41663,Fri,Jun,11,2021,48,90,55,526,50,50,55,11 Jun 2021
126.187,11H 34M 24S,NA,NA,NA,NA,NA,41664,Fri,Jun,11,2021,47,96,56,526,49,50,53,11 Jun 2021
126.727,11H 34M 25S,NA,NA,NA,NA,NA,41665,Fri,Jun,11,2021,49,90,57,526,51,49,52,11 Jun 2021
127.293,11H 34M 26S,NA,NA,NA,NA,NA,41666,Fri,Jun,11,2021,47,94,56,526,50,48,50,11 Jun 2021
128.422,11H 34M 28S,NA,NA,NA,NA,NA,41668,Fri,Jun,11,2021,49,97,55,526,53,50,55,11 Jun 2021
128.964,11H 34M 29S,NA,NA,NA,NA,NA,41669,Fri,Jun,11,2021,46,92,56,526,48,48,54,11 Jun 2021
129.538,11H 34M 30S,NA,NA,NA,NA,NA,41670,Fri,Jun,11,2021,NA,NA,NA,NA,46,46,54,11 Jun 2021
130.063,11H 34M 31S,NA,NA,NA,NA,NA,41671,Fri,Jun,11,2021,45,86,56,526,50,47,54,11 Jun 2021
130.603,11H 34M 32S,NA,NA,NA,NA,NA,41672,Fri,Jun,11,2021,47,87,56,526,44,47,55,11 Jun 2021
131.167,11H 34M 33S,NA,NA,NA,NA,NA,41673,Fri,Jun,11,2021,48,95,56,526,48,48,58,11 Jun 2021
131.726,11H 34M 34S,NA,NA,NA,NA,NA,41674,Fri,Jun,11,2021,49,88,55,526,50,48,54,11 Jun 2021
132.288,11H 34M 35S,NA,NA,NA,NA,NA,41675,Fri,Jun,11,2021,48,87,56,526,40,46,57,11 Jun 2021
133.356,11H 34M 37S,NA,NA,NA,NA,NA,41677,Fri,Jun,11,2021,48,88,55,526,50,49,56,11 Jun 2021
134.484,11H 34M 39S,NA,NA,NA,NA,NA,41679,Fri,Jun,11,2021,49,88,55,526,46,49,57,11 Jun 2021
134.999,11H 34M 40S,NA,NA,NA,NA,NA,41680,Fri,Jun,11,2021,50,89,55,526,52,49,58,11 Jun 2021
135.625,11H 34M 41S,NA,NA,NA,NA,NA,41681,Fri,Jun,11,2021,48,100,56,526,49,47,58,11 Jun 2021
136.209,11H 34M 42S,NA,NA,NA,NA,NA,41682,Fri,Jun,11,2021,49,91,NA,NA,50,50,55,11 Jun 2021
136.686,11H 34M 43S,NA,NA,NA,NA,NA,41683,Fri,Jun,11,2021,48,96,55,526,52,52,55,11 Jun 2021
137.223,11H 34M 44S,NA,NA,NA,NA,NA,41684,Fri,Jun,11,2021,46,88,56,526,45,50,56,11 Jun 2021
137.856,11H 34M 45S,NA,NA,NA,NA,NA,41685,Fri,Jun,11,2021,47,90,56,526,50,51,54,11 Jun 2021
138.948,11H 34M 47S,NA,NA,NA,NA,NA,41687,Fri,Jun,11,2021,45,90,56,526,51,50,50,11 Jun 2021
139.493,11H 34M 48S,NA,NA,NA,NA,NA,41688,Fri,Jun,11,2021,49,94,56,526,53,48,50,11 Jun 2021
140.135,11H 34M 49S,NA,NA,NA,NA,NA,41689,Fri,Jun,11,2021,50,92,55,526,50,51,54,11 Jun 2021
140.666,11H 34M 50S,NA,NA,NA,NA,NA,41690,Fri,Jun,11,2021,51,96,56,526,51,54,57,11 Jun 2021
141.159,11H 34M 51S,NA,NA,NA,NA,NA,41691,Fri,Jun,11,2021,50,92,56,526,50,56,56,11 Jun 2021
141.783,11H 34M 52S,NA,NA,NA,NA,NA,41692,Fri,Jun,11,2021,48,90,55,526,51,56,59,11 Jun 2021
142.39,11H 34M 53S,NA,NA,NA,NA,NA,41693,Fri,Jun,11,2021,44,89,56,526,47,50,53,11 Jun 2021
143.464,11H 34M 55S,NA,NA,NA,NA,NA,41695,Fri,Jun,11,2021,46,44,50,533,46,44,50,11 Jun 2021
144.101,11H 34M 56S,NA,NA,NA,NA,NA,41696,Fri,Jun,11,2021,42,87,55,526,46,47,52,11 Jun 2021
144.574,11H 34M 57S,NA,NA,NA,NA,NA,41697,Fri,Jun,11,2021,42,90,56,526,49,46,50,11 Jun 2021
145.087,11H 34M 58S,NA,NA,NA,NA,NA,41698,Fri,Jun,11,2021,43,85,55,527,46,48,52,11 Jun 2021
145.689,11H 34M 59S,NA,NA,NA,NA,NA,41699,Fri,Jun,11,2021,43,92,55,526,49,49,52,11 Jun 2021
146.304,11H 35M 0S,NA,NA,NA,NA,NA,41700,Fri,Jun,11,2021,43,86,55,527,48,48,52,11 Jun 2021
146.88,11H 35M 1S,NA,NA,NA,NA,NA,41701,Fri,Jun,11,2021,46,88,55,527,50,49,51,11 Jun 2021
147.438,11H 35M 2S,NA,NA,NA,NA,NA,41702,Fri,Jun,11,2021,42,89,55,527,50,50,52,11 Jun 2021
147.96,11H 35M 3S,NA,NA,NA,NA,NA,41703,Fri,Jun,11,2021,46,88,55,527,47,47,51,11 Jun 2021
149.043,11H 35M 5S,NA,NA,NA,NA,NA,41705,Fri,Jun,11,2021,43,90,56,527,47,49,53,11 Jun 2021
149.64,11H 35M 6S,NA,NA,NA,NA,NA,41706,Fri,Jun,11,2021,46,91,55,527,47,50,54,11 Jun 2021
150.159,11H 35M 7S,NA,NA,NA,NA,NA,41707,Fri,Jun,11,2021,44,90,56,527,48,50,57,11 Jun 2021
150.734,11H 35M 8S,NA,NA,NA,NA,NA,41708,Fri,Jun,11,2021,700,460,527,NA,46,50,55,11 Jun 2021
151.295,11H 35M 9S,NA,NA,NA,NA,NA,41709,Fri,Jun,11,2021,49,95,56,527,49,49,57,11 Jun 2021
152.334,11H 35M 11S,NA,NA,NA,NA,NA,41711,Fri,Jun,11,2021,46,94,56,527,49,49,56,11 Jun 2021
152.94,11H 35M 12S,NA,NA,NA,NA,NA,41712,Fri,Jun,11,2021,44,93,56,527,48,50,57,11 Jun 2021
154.035,11H 35M 14S,NA,NA,NA,NA,NA,41714,Fri,Jun,11,2021,45,90,56,527,47,50,55,11 Jun 2021
154.565,11H 35M 15S,NA,NA,NA,NA,NA,41715,Fri,Jun,11,2021,45,95,56,527,49,47,56,11 Jun 2021
155.121,11H 35M 16S,NA,NA,NA,NA,NA,41716,Fri,Jun,11,2021,44,93,57,527,49,47,54,11 Jun 2021
155.716,11H 35M 17S,NA,NA,NA,NA,NA,41717,Fri,Jun,11,2021,42,93,56,527,50,50,55,11 Jun 2021
156.292,11H 35M 18S,NA,NA,NA,NA,NA,41718,Fri,Jun,11,2021,45,95,56,527,49,50,57,11 Jun 2021
156.761,11H 35M 19S,NA,NA,NA,NA,NA,41719,Fri,Jun,11,2021,44,95,56,527,50,50,57,11 Jun 2021
157.297,11H 35M 20S,NA,NA,NA,NA,NA,41720,Fri,Jun,11,2021,45,NA,NA,NA,52,43,49,11 Jun 2021
157.911,11H 35M 21S,NA,NA,NA,NA,NA,41721,Fri,Jun,11,2021,45,91,57,527,50,48,47,11 Jun 2021
159.024,11H 35M 23S,NA,NA,NA,NA,NA,41723,Fri,Jun,11,2021,46,90,57,527,50,48,50,11 Jun 2021
159.611,11H 35M 24S,NA,NA,NA,NA,NA,41724,Fri,Jun,11,2021,46,90,56,527,48,47,51,11 Jun 2021
160.222,11H 35M 25S,NA,NA,NA,NA,NA,41725,Fri,Jun,11,2021,49,92,56,527,50,47,50,11 Jun 2021
161.267,11H 35M 27S,NA,NA,NA,NA,NA,41727,Fri,Jun,11,2021,47,93,57,527,49,47,51,11 Jun 2021
161.897,11H 35M 28S,NA,NA,NA,NA,NA,41728,Fri,Jun,11,2021,48,91,56,527,49,45,52,11 Jun 2021
162.483,11H 35M 29S,NA,NA,NA,NA,NA,41729,Fri,Jun,11,2021,45,89,56,527,49,47,55,11 Jun 2021
163.042,11H 35M 30S,NA,NA,NA,NA,NA,41730,Fri,Jun,11,2021,47,95,56,527,50,50,53,11 Jun 2021
164.155,11H 35M 32S,NA,NA,NA,NA,NA,41732,Fri,Jun,11,2021,48,91,56,527,47,48,54,11 Jun 2021
165.248,11H 35M 34S,NA,NA,NA,NA,NA,41734,Fri,Jun,11,2021,48,102,56,527,49,48,54,11 Jun 2021
165.837,11H 35M 35S,NA,NA,NA,NA,NA,41735,Fri,Jun,11,2021,48,95,55,527,50,48,53,11 Jun 2021
166.416,11H 35M 36S,NA,NA,NA,NA,NA,41736,Fri,Jun,11,2021,45,93,56,527,47,45,55,11 Jun 2021
166.945,11H 35M 37S,NA,NA,NA,NA,NA,41737,Fri,Jun,11,2021,47,92,55,527,49,47,54,11 Jun 2021
167.507,11H 35M 38S,NA,NA,NA,NA,NA,41738,Fri,Jun,11,2021,50,94,56,527,49,48,55,11 Jun 2021
168.152,11H 35M 39S,NA,NA,NA,NA,NA,41739,Fri,Jun,11,2021,45,100,57,527,55,51,51,11 Jun 2021
169.16,11H 35M 41S,NA,NA,NA,NA,NA,41741,Fri,Jun,11,2021,48,91,55,527,47,48,55,11 Jun 2021
170.368,11H 35M 43S,NA,NA,NA,NA,NA,41743,Fri,Jun,11,2021,49,100,56,527,49,50,55,11 Jun 2021
170.892,11H 35M 44S,NA,NA,NA,NA,NA,41744,Fri,Jun,11,2021,47,96,56,527,50,50,53,11 Jun 2021
171.428,11H 35M 45S,NA,NA,NA,NA,NA,41745,Fri,Jun,11,2021,48,100,56,527,49,50,53,11 Jun 2021
172.022,11H 35M 46S,NA,NA,NA,NA,NA,41746,Fri,Jun,11,2021,45,98,56,527,50,50,51,11 Jun 2021
172.679,11H 35M 47S,NA,NA,NA,NA,NA,41747,Fri,Jun,11,2021,44,95,56,527,50,52,53,11 Jun 2021
173.224,11H 35M 48S,NA,NA,NA,NA,NA,41748,Fri,Jun,11,2021,46,97,57,527,48,50,51,11 Jun 2021
174.243,11H 35M 50S,NA,NA,NA,NA,NA,41750,Fri,Jun,11,2021,43,99,56,527,47,47,52,11 Jun 2021
174.908,11H 35M 51S,NA,NA,NA,NA,NA,41751,Fri,Jun,11,2021,45,98,56,528,47,48,51,11 Jun 2021
175.498,11H 35M 52S,NA,NA,NA,NA,NA,41752,Fri,Jun,11,2021,45,96,56,528,49,50,53,11 Jun 2021
176.015,11H 35M 53S,NA,NA,NA,NA,NA,41753,Fri,Jun,11,2021,46,95,57,527,46,50,50,11 Jun 2021
176.516,11H 35M 54S,NA,NA,NA,NA,NA,41754,Fri,Jun,11,2021,43,102,56,528,47,47,51,11 Jun 2021
177.096,11H 35M 55S,NA,NA,NA,NA,NA,41755,Fri,Jun,11,2021,45,96,56,527,48,47,52,11 Jun 2021
177.685,11H 35M 56S,NA,NA,NA,NA,NA,41756,Fri,Jun,11,2021,45,94,56,527,49,49,53,11 Jun 2021
179.294,11H 35M 59S,NA,NA,NA,NA,NA,41759,Fri,Jun,11,2021,700,460,528,NA,47,47,53,11 Jun 2021
179.85,11H 36M 0S,NA,NA,NA,NA,NA,41760,Fri,Jun,11,2021,43,94,55,528,51,50,53,11 Jun 2021
180.453,11H 36M 1S,NA,NA,NA,NA,NA,41761,Fri,Jun,11,2021,45,98,56,528,49,48,50,11 Jun 2021
180.929,11H 36M 2S,NA,NA,NA,NA,NA,41762,Fri,Jun,11,2021,45,97,56,528,47,46,50,11 Jun 2021
181.451,11H 36M 3S,NA,NA,NA,NA,NA,41763,Fri,Jun,11,2021,46,98,57,528,48,49,54,11 Jun 2021
182.062,11H 36M 4S,NA,NA,NA,NA,NA,41764,Fri,Jun,11,2021,44,97,56,528,47,50,52,11 Jun 2021
182.704,11H 36M 5S,NA,NA,NA,NA,NA,41765,Fri,Jun,11,2021,45,96,56,528,48,50,53,11 Jun 2021
183.239,11H 36M 6S,NA,NA,NA,NA,NA,41766,Fri,Jun,11,2021,46,98,55,528,48,49,54,11 Jun 2021
184.255,11H 36M 8S,NA,NA,NA,NA,NA,41768,Fri,Jun,11,2021,44,101,56,528,49,48,53,11 Jun 2021
184.914,11H 36M 9S,NA,NA,NA,NA,NA,41769,Fri,Jun,11,2021,45,97,56,528,50,51,53,11 Jun 2021
185.431,11H 36M 10S,NA,NA,NA,NA,NA,41770,Fri,Jun,11,2021,46,106,56,528,46,48,54,11 Jun 2021
186.529,11H 36M 12S,NA,NA,NA,NA,NA,41772,Fri,Jun,11,2021,46,99,56,528,42,49,56,11 Jun 2021
187.1,11H 36M 13S,NA,NA,NA,NA,NA,41773,Fri,Jun,11,2021,43,100,56,528,47,52,53,11 Jun 2021
188.197,11H 36M 15S,NA,NA,NA,NA,NA,41775,Fri,Jun,11,2021,47,105,56,528,40,50,57,11 Jun 2021
189.272,11H 36M 17S,NA,NA,NA,NA,NA,41777,Fri,Jun,11,2021,45,98,55,528,45,49,53,11 Jun 2021
189.806,11H 36M 18S,NA,NA,NA,NA,NA,41778,Fri,Jun,11,2021,47,103,56,528,40,48,54,11 Jun 2021
190.37,11H 36M 19S,NA,NA,NA,NA,NA,41779,Fri,Jun,11,2021,46,95,56,528,43,50,52,11 Jun 2021
190.926,11H 36M 20S,NA,NA,NA,NA,NA,41780,Fri,Jun,11,2021,47,107,56,528,44,51,54,11 Jun 2021
191.434,11H 36M 21S,NA,NA,NA,NA,NA,41781,Fri,Jun,11,2021,47,99,56,528,39,49,57,11 Jun 2021
191.994,11H 36M 22S,NA,NA,NA,NA,NA,41782,Fri,Jun,11,2021,48,102,56,528,40,48,54,11 Jun 2021
192.496,11H 36M 23S,NA,NA,NA,NA,NA,41783,Fri,Jun,11,2021,48,107,56,528,46,49,55,11 Jun 2021
194.098,11H 36M 26S,NA,NA,NA,NA,NA,41786,Fri,Jun,11,2021,49,104,55,528,47,50,56,11 Jun 2021
194.624,11H 36M 27S,NA,NA,NA,NA,NA,41787,Fri,Jun,11,2021,47,101,56,528,48,50,55,11 Jun 2021
195.126,11H 36M 28S,NA,NA,NA,NA,NA,41788,Fri,Jun,11,2021,46,103,56,528,45,50,56,11 Jun 2021
195.716,11H 36M 29S,NA,NA,NA,NA,NA,41789,Fri,Jun,11,2021,44,97,56,528,47,51,50,11 Jun 2021
196.775,11H 36M 31S,NA,NA,NA,NA,NA,41791,Fri,Jun,11,2021,43,105,56,528,54,48,49,11 Jun 2021
197.313,11H 36M 32S,NA,NA,NA,NA,NA,41792,Fri,Jun,11,2021,43,104,56,528,48,47,49,11 Jun 2021
197.947,11H 36M 33S,NA,NA,NA,NA,NA,41793,Fri,Jun,11,2021,43,100,56,528,44,49,50,11 Jun 2021
199.039,11H 36M 35S,NA,NA,NA,NA,NA,41795,Fri,Jun,11,2021,44,106,57,528,37,46,50,11 Jun 2021
199.59,11H 36M 36S,NA,NA,NA,NA,NA,41796,Fri,Jun,11,2021,45,102,55,528,37,49,50,11 Jun 2021
200.127,11H 36M 37S,NA,NA,NA,NA,NA,41797,Fri,Jun,11,2021,44,NA,NA,NA,37,45,50,11 Jun 2021
200.627,11H 36M 38S,NA,NA,NA,NA,NA,41798,Fri,Jun,11,2021,45,102,56,528,46,50,55,11 Jun 2021
201.273,11H 36M 39S,NA,NA,NA,NA,NA,41799,Fri,Jun,11,2021,45,103,56,528,50,49,53,11 Jun 2021
201.879,11H 36M 40S,NA,NA,NA,NA,NA,41800,Fri,Jun,11,2021,48,105,56,528,46,49,52,11 Jun 2021
202.331,11H 36M 41S,NA,NA,NA,NA,NA,41801,Fri,Jun,11,2021,46,102,56,528,48,47,52,11 Jun 2021
202.894,11H 36M 42S,NA,NA,NA,NA,NA,41802,Fri,Jun,11,2021,44,102,56,528,48,50,55,11 Jun 2021
204.023,11H 36M 44S,NA,NA,NA,NA,NA,41804,Fri,Jun,11,2021,46,99,56,528,47,51,54,11 Jun 2021
204.575,11H 36M 45S,NA,NA,NA,NA,NA,41805,Fri,Jun,11,2021,45,101,56,528,49,50,56,11 Jun 2021
205.708,11H 36M 47S,NA,NA,NA,NA,NA,41807,Fri,Jun,11,2021,45,100,56,528,48,47,55,11 Jun 2021
206.266,11H 36M 48S,NA,NA,NA,NA,NA,41808,Fri,Jun,11,2021,44,100,56,528,48,49,55,11 Jun 2021
206.805,11H 36M 49S,NA,NA,NA,NA,NA,41809,Fri,Jun,11,2021,44,9,NA,NA,50,50,54,11 Jun 2021
207.328,11H 36M 50S,NA,NA,NA,NA,NA,41810,Fri,Jun,11,2021,44,100,57,528,50,50,54,11 Jun 2021
207.886,11H 36M 51S,NA,NA,NA,NA,NA,41811,Fri,Jun,11,2021,48,110,55,528,50,51,51,11 Jun 2021
209.089,11H 36M 53S,NA,NA,NA,NA,NA,41813,Fri,Jun,11,2021,47,96,56,528,50,49,54,11 Jun 2021
209.595,11H 36M 54S,NA,NA,NA,NA,NA,41814,Fri,Jun,11,2021,46,97,56,528,50,46,55,11 Jun 2021
210.037,11H 36M 55S,NA,NA,NA,NA,NA,41815,Fri,Jun,11,2021,45,96,56,528,46,44,52,11 Jun 2021
210.644,11H 36M 56S,NA,NA,NA,NA,NA,41816,Fri,Jun,11,2021,47,99,56,528,44,47,56,11 Jun 2021
211.377,11H 36M 57S,NA,NA,NA,NA,NA,41817,Fri,Jun,11,2021,46,96,56,528,46,48,55,11 Jun 2021
211.872,11H 36M 58S,NA,NA,NA,NA,NA,41818,Fri,Jun,11,2021,47,98,56,529,47,46,58,11 Jun 2021
212.291,11H 36M 59S,NA,NA,NA,NA,NA,41819,Fri,Jun,11,2021,46,105,56,528,51,47,55,11 Jun 2021
214.591,11H 37M 3S,NA,NA,NA,NA,NA,41823,Fri,Jun,11,2021,45,97,55,529,47,48,56,11 Jun 2021
215.179,11H 37M 4S,NA,NA,NA,NA,NA,41824,Fri,Jun,11,2021,47,93,55,529,50,49,55,11 Jun 2021
215.662,11H 37M 5S,NA,NA,NA,NA,NA,41825,Fri,Jun,11,2021,48,93,56,529,46,50,56,11 Jun 2021
216.245,11H 37M 6S,NA,NA,NA,NA,NA,41826,Fri,Jun,11,2021,48,99,56,529,48,47,60,11 Jun 2021
216.845,11H 37M 7S,NA,NA,NA,NA,NA,41827,Fri,Jun,11,2021,47,93,56,529,48,48,57,11 Jun 2021
217.33,11H 37M 8S,NA,NA,NA,NA,NA,41828,Fri,Jun,11,2021,49,96,56,529,50,49,56,11 Jun 2021
217.837,11H 37M 9S,NA,NA,NA,NA,NA,41829,Fri,Jun,11,2021,49,93,56,529,50,51,55,11 Jun 2021
218.456,11H 37M 10S,NA,NA,NA,NA,NA,41830,Fri,Jun,11,2021,47,94,56,529,39,50,56,11 Jun 2021
219.603,11H 37M 12S,NA,NA,NA,NA,NA,41832,Fri,Jun,11,2021,46,97,56,529,39,50,55,11 Jun 2021
220.059,11H 37M 13S,NA,NA,NA,NA,NA,41833,Fri,Jun,11,2021,45,94,56,529,44,50,52,11 Jun 2021
220.627,11H 37M 14S,NA,NA,NA,NA,NA,41834,Fri,Jun,11,2021,43,99,56,529,43,46,50,11 Jun 2021
221.316,11H 37M 15S,NA,NA,NA,NA,NA,41835,Fri,Jun,11,2021,44,100,57,529,43,45,50,11 Jun 2021
221.836,11H 37M 16S,NA,NA,NA,NA,NA,41836,Fri,Jun,11,2021,44,93,56,529,48,50,52,11 Jun 2021
222.273,11H 37M 17S,NA,NA,NA,NA,NA,41837,Fri,Jun,11,2021,42,91,55,529,45,45,51,11 Jun 2021
223.593,11H 37M 19S,NA,NA,NA,NA,NA,41839,Fri,Jun,11,2021,43,92,56,529,41,50,52,11 Jun 2021
224.524,11H 37M 21S,NA,NA,NA,NA,NA,41841,Fri,Jun,11,2021,43,90,56,529,50,50,55,11 Jun 2021
225.174,11H 37M 22S,NA,NA,NA,NA,NA,41842,Fri,Jun,11,2021,43,93,56,529,46,46,50,11 Jun 2021
225.81,11H 37M 23S,NA,NA,NA,NA,NA,41843,Fri,Jun,11,2021,41,86,56,529,47,46,52,11 Jun 2021
226.34,11H 37M 24S,NA,NA,NA,NA,NA,41844,Fri,Jun,11,2021,44,88,55,529,47,49,53,11 Jun 2021
226.81,11H 37M 25S,NA,NA,NA,NA,NA,41845,Fri,Jun,11,2021,44,92,55,529,52,51,55,11 Jun 2021
227.382,11H 37M 26S,NA,NA,NA,NA,NA,41846,Fri,Jun,11,2021,47,94,56,529,47,46,52,11 Jun 2021
227.991,11H 37M 27S,NA,NA,NA,NA,NA,41847,Fri,Jun,11,2021,90,56,NA,NA,48,47,51,11 Jun 2021
228.594,11H 37M 28S,NA,NA,NA,NA,NA,41848,Fri,Jun,11,2021,46,92,55,529,47,45,54,11 Jun 2021
229.613,11H 37M 30S,NA,NA,NA,NA,NA,41850,Fri,Jun,11,2021,45,92,55,529,48,50,52,11 Jun 2021
230.181,11H 37M 31S,NA,NA,NA,NA,NA,41851,Fri,Jun,11,2021,43,91,56,529,45,48,54,11 Jun 2021
230.776,11H 37M 32S,NA,NA,NA,NA,NA,41852,Fri,Jun,11,2021,46,92,55,529,44,49,53,11 Jun 2021
231.305,11H 37M 33S,NA,NA,NA,NA,NA,41853,Fri,Jun,11,2021,45,90,55,529,49,51,51,11 Jun 2021
232.428,11H 37M 35S,NA,NA,NA,NA,NA,41855,Fri,Jun,11,2021,46,90,56,529,48,50,55,11 Jun 2021
233.025,11H 37M 36S,NA,NA,NA,NA,NA,41856,Fri,Jun,11,2021,47,90,55,529,47,47,58,11 Jun 2021
233.522,11H 37M 37S,NA,NA,NA,NA,NA,41857,Fri,Jun,11,2021,46,93,55,529,35,51,55,11 Jun 2021
234.662,11H 37M 39S,NA,NA,NA,NA,NA,41859,Fri,Jun,11,2021,44,89,56,529,37,51,61,11 Jun 2021
235.755,11H 37M 41S,NA,NA,NA,NA,NA,41861,Fri,Jun,11,2021,44,93,56,529,42,50,59,11 Jun 2021
236.363,11H 37M 42S,NA,NA,NA,NA,NA,41862,Fri,Jun,11,2021,47,97,55,529,34,51,59,11 Jun 2021
236.882,11H 37M 43S,NA,NA,NA,NA,NA,41863,Fri,Jun,11,2021,43,89,57,529,37,48,55,11 Jun 2021
237.372,11H 37M 44S,NA,NA,NA,NA,NA,41864,Fri,Jun,11,2021,43,87,56,529,43,50,56,11 Jun 2021
237.927,11H 37M 45S,NA,NA,NA,NA,NA,41865,Fri,Jun,11,2021,44,89,57,529,45,47,52,11 Jun 2021
238.579,11H 37M 46S,NA,NA,NA,NA,NA,41866,Fri,Jun,11,2021,41,87,57,529,42,45,53,11 Jun 2021
239.681,11H 37M 48S,NA,NA,NA,NA,NA,41868,Fri,Jun,11,2021,44,92,56,529,39,52,59,11 Jun 2021
240.226,11H 37M 49S,NA,NA,NA,NA,NA,41869,Fri,Jun,11,2021,45,91,56,529,39,49,56,11 Jun 2021
241.394,11H 37M 51S,NA,NA,NA,NA,NA,41871,Fri,Jun,11,2021,46,90,56,529,47,51,55,11 Jun 2021
241.997,11H 37M 52S,NA,NA,NA,NA,NA,41872,Fri,Jun,11,2021,46,86,56,529,51,50,55,11 Jun 2021
242.538,11H 37M 53S,NA,NA,NA,NA,NA,41873,Fri,Jun,11,2021,45,91,56,529,48,48,56,11 Jun 2021
243.065,11H 37M 54S,NA,NA,NA,NA,NA,41874,Fri,Jun,11,2021,44,88,56,529,49,50,56,11 Jun 2021
243.668,11H 37M 55S,NA,NA,NA,NA,NA,41875,Fri,Jun,11,2021,44,91,56,529,46,46,56,11 Jun 2021
244.798,11H 37M 57S,NA,NA,NA,NA,NA,41877,Fri,Jun,11,2021,46,87,56,529,50,50,54,11 Jun 2021
245.315,11H 37M 58S,NA,NA,NA,NA,NA,41878,Fri,Jun,11,2021,49,85,55,529,47,48,57,11 Jun 2021
245.947,11H 37M 59S,NA,NA,NA,NA,NA,41879,Fri,Jun,11,2021,47,87,56,529,50,48,53,11 Jun 2021
246.558,11H 38M 0S,NA,NA,NA,NA,NA,41880,Fri,Jun,11,2021,46,91,56,529,46,47,55,11 Jun 2021
247.043,11H 38M 1S,NA,NA,NA,NA,NA,41881,Fri,Jun,11,2021,48,89,56,529,50,47,56,11 Jun 2021
247.561,11H 38M 2S,NA,NA,NA,NA,NA,41882,Fri,Jun,11,2021,46,86,55,529,46,46,57,11 Jun 2021
248.182,11H 38M 3S,NA,NA,NA,NA,NA,41883,Fri,Jun,11,2021,46,84,55,529,50,46,56,11 Jun 2021
249.255,11H 38M 5S,NA,NA,NA,NA,NA,41885,Fri,Jun,11,2021,49,88,55,529,45,48,56,11 Jun 2021
250.443,11H 38M 7S,NA,NA,NA,NA,NA,41887,Fri,Jun,11,2021,49,85,56,529,50,50,54,11 Jun 2021
251.034,11H 38M 8S,NA,NA,NA,NA,NA,41888,Fri,Jun,11,2021,49,85,55,529,39,50,54,11 Jun 2021
251.545,11H 38M 9S,NA,NA,NA,NA,NA,41889,Fri,Jun,11,2021,49,90,57,529,39,49,53,11 Jun 2021
252.161,11H 38M 10S,NA,NA,NA,NA,NA,41890,Fri,Jun,11,2021,45,96,56,529,42,50,53,11 Jun 2021
252.749,11H 38M 11S,NA,NA,NA,NA,NA,41891,Fri,Jun,11,2021,46,90,56,529,52,50,50,11 Jun 2021
253.324,11H 38M 12S,NA,NA,NA,NA,NA,41892,Fri,Jun,11,2021,49,90,56,529,51,50,52,11 Jun 2021
253.929,11H 38M 13S,NA,NA,NA,NA,NA,41893,Fri,Jun,11,2021,50,88,56,529,48,48,54,11 Jun 2021
255.018,11H 38M 15S,NA,NA,NA,NA,NA,41895,Fri,Jun,11,2021,46,92,56,529,44,49,54,11 Jun 2021
255.585,11H 38M 16S,NA,NA,NA,NA,NA,41896,Fri,Jun,11,2021,47,92,56,529,47,47,51,11 Jun 2021
256.265,11H 38M 17S,NA,NA,NA,NA,NA,41897,Fri,Jun,11,2021,45,91,56,529,55,48,50,11 Jun 2021
257.322,11H 38M 19S,NA,NA,NA,NA,NA,41899,Fri,Jun,11,2021,44,89,56,529,49,47,50,11 Jun 2021
257.846,11H 38M 20S,NA,NA,NA,NA,NA,41900,Fri,Jun,11,2021,43,85,56,530,59,46,51,11 Jun 2021
258.447,11H 38M 21S,NA,NA,NA,NA,NA,41901,Fri,Jun,11,2021,45,92,56,530,57,47,52,11 Jun 2021
260.218,11H 38M 24S,NA,NA,NA,NA,NA,41904,Fri,Jun,11,2021,47,92,57,530,59,49,51,11 Jun 2021
260.8,11H 38M 25S,NA,NA,NA,NA,NA,41905,Fri,Jun,11,2021,51,91,57,529,61,55,57,11 Jun 2021
261.247,11H 38M 26S,NA,NA,NA,NA,NA,41906,Fri,Jun,11,2021,49,91,56,530,62,54,56,11 Jun 2021
261.871,11H 38M 27S,NA,NA,NA,NA,NA,41907,Fri,Jun,11,2021,47,88,56,530,58,50,53,11 Jun 2021
262.545,11H 38M 28S,NA,NA,NA,NA,NA,41908,Fri,Jun,11,2021,42,86,56,530,56,46,49,11 Jun 2021
263.056,11H 38M 29S,NA,NA,NA,NA,NA,41909,Fri,Jun,11,2021,44,86,56,530,58,50,51,11 Jun 2021
263.56,11H 38M 30S,NA,NA,NA,NA,NA,41910,Fri,Jun,11,2021,47,95,56,530,56,49,52,11 Jun 2021
265.309,11H 38M 33S,NA,NA,NA,NA,NA,41913,Fri,Jun,11,2021,50,88,56,530,54,52,54,11 Jun 2021
265.885,11H 38M 34S,NA,NA,NA,NA,NA,41914,Fri,Jun,11,2021,46,89,56,530,48,48,54,11 Jun 2021
266.394,11H 38M 35S,NA,NA,NA,NA,NA,41915,Fri,Jun,11,2021,43,85,56,530,46,48,54,11 Jun 2021
266.959,11H 38M 36S,NA,NA,NA,NA,NA,41916,Fri,Jun,11,2021,46,86,55,530,49,50,56,11 Jun 2021
267.601,11H 38M 37S,NA,NA,NA,NA,NA,41917,Fri,Jun,11,2021,42,86,56,530,51,50,56,11 Jun 2021
268.691,11H 38M 39S,NA,NA,NA,NA,NA,41919,Fri,Jun,11,2021,48,89,56,530,59,50,55,11 Jun 2021
269.173,11H 38M 40S,NA,NA,NA,NA,NA,41920,Fri,Jun,11,2021,47,87,55,530,57,50,52,11 Jun 2021
270.436,11H 38M 42S,NA,NA,NA,NA,NA,41922,Fri,Jun,11,2021,42,84,56,530,45,50,55,11 Jun 2021
270.998,11H 38M 43S,NA,NA,NA,NA,NA,41923,Fri,Jun,11,2021,47,87,57,530,44,49,50,11 Jun 2021
271.509,11H 38M 44S,NA,NA,NA,NA,NA,41924,Fri,Jun,11,2021,46,93,57,530,58,48,50,11 Jun 2021
272.064,11H 38M 45S,NA,NA,NA,NA,NA,41925,Fri,Jun,11,2021,49,87,56,530,61,50,49,11 Jun 2021
272.686,11H 38M 46S,NA,NA,NA,NA,NA,41926,Fri,Jun,11,2021,50,85,56,530,61,49,53,11 Jun 2021
273.261,11H 38M 47S,NA,NA,NA,NA,NA,41927,Fri,Jun,11,2021,49,87,55,530,58,51,53,11 Jun 2021
273.816,11H 38M 48S,NA,NA,NA,NA,NA,41928,Fri,Jun,11,2021,45,88,56,530,60,49,56,11 Jun 2021
274.373,11H 38M 49S,NA,NA,NA,NA,NA,41929,Fri,Jun,11,2021,44,86,56,530,59,49,57,11 Jun 2021
275.52,11H 38M 51S,NA,NA,NA,NA,NA,41931,Fri,Jun,11,2021,45,87,56,530,61,47,51,11 Jun 2021
276.034,11H 38M 52S,NA,NA,NA,NA,NA,41932,Fri,Jun,11,2021,46,87,57,530,60,47,52,11 Jun 2021
276.619,11H 38M 53S,NA,NA,NA,NA,NA,41933,Fri,Jun,11,2021,46,88,56,530,59,49,51,11 Jun 2021
277.819,11H 38M 55S,NA,NA,NA,NA,NA,41935,Fri,Jun,11,2021,49,88,56,530,60,50,53,11 Jun 2021
278.278,11H 38M 56S,NA,NA,NA,NA,NA,41936,Fri,Jun,11,2021,47,86,56,530,61,50,55,11 Jun 2021
278.811,11H 38M 57S,NA,NA,NA,NA,NA,41937,Fri,Jun,11,2021,45,87,57,530,470,532,537,11 Jun 2021
279.406,11H 38M 58S,NA,NA,NA,NA,NA,41938,Fri,Jun,11,2021,45,87,56,530,60,49,51,11 Jun 2021
280.562,11H 39M 0S,NA,NA,NA,NA,NA,41940,Fri,Jun,11,2021,45,99,56,530,60,51,53,11 Jun 2021
281.13,11H 39M 1S,NA,NA,NA,NA,NA,41941,Fri,Jun,11,2021,49,87,55,530,63,51,53,11 Jun 2021
281.708,11H 39M 2S,NA,NA,NA,NA,NA,41942,Fri,Jun,11,2021,48,87,56,530,60,50,55,11 Jun 2021
282.267,11H 39M 3S,NA,NA,NA,NA,NA,41943,Fri,Jun,11,2021,43,88,56,530,58,50,54,11 Jun 2021
282.859,11H 39M 4S,NA,NA,NA,NA,NA,41944,Fri,Jun,11,2021,42,91,56,530,59,49,54,11 Jun 2021
283.433,11H 39M 5S,NA,NA,NA,NA,NA,41945,Fri,Jun,11,2021,44,89,57,530,58,49,51,11 Jun 2021
284,11H 39M 6S,NA,NA,NA,NA,NA,41946,Fri,Jun,11,2021,47,87,57,530,61,50,50,11 Jun 2021
284.515,11H 39M 7S,NA,NA,NA,NA,NA,41947,Fri,Jun,11,2021,46,89,56,530,62,50,54,11 Jun 2021
286.872,11H 39M 11S,NA,NA,NA,NA,NA,41951,Fri,Jun,11,2021,47,96,56,530,57,49,54,11 Jun 2021
287.437,11H 39M 12S,NA,NA,NA,NA,NA,41952,Fri,Jun,11,2021,44,87,56,530,58,50,54,11 Jun 2021
287.938,11H 39M 13S,NA,NA,NA,NA,NA,41953,Fri,Jun,11,2021,46,94,56,530,58,50,53,11 Jun 2021
288.544,11H 39M 14S,NA,NA,NA,NA,NA,41954,Fri,Jun,11,2021,46,91,57,530,60,50,50,11 Jun 2021
289.188,11H 39M 15S,NA,NA,NA,NA,NA,41955,Fri,Jun,11,2021,47,84,56,530,63,51,55,11 Jun 2021
289.733,11H 39M 16S,NA,NA,NA,NA,NA,41956,Fri,Jun,11,2021,43,88,56,530,58,50,52,11 Jun 2021
290.277,11H 39M 17S,NA,NA,NA,NA,NA,41957,Fri,Jun,11,2021,46,88,56,530,57,49,52,11 Jun 2021
291.438,11H 39M 19S,NA,NA,NA,NA,NA,41959,Fri,Jun,11,2021,47,88,56,530,62,49,52,11 Jun 2021
292.06,11H 39M 20S,NA,NA,NA,NA,NA,41960,Fri,Jun,11,2021,47,89,57,530,62,50,52,11 Jun 2021
292.707,11H 39M 21S,NA,NA,NA,NA,NA,41961,Fri,Jun,11,2021,48,87,56,530,60,50,54,11 Jun 2021
293.197,11H 39M 22S,NA,NA,NA,NA,NA,41962,Fri,Jun,11,2021,46,87,5,NA,59,48,55,11 Jun 2021
293.712,11H 39M 23S,NA,NA,NA,NA,NA,41963,Fri,Jun,11,2021,46,91,57,530,60,48,53,11 Jun 2021
294.373,11H 39M 24S,NA,NA,NA,NA,NA,41964,Fri,Jun,11,2021,45,86,57,530,60,48,52,11 Jun 2021
295.011,11H 39M 25S,NA,NA,NA,NA,NA,41965,Fri,Jun,11,2021,48,94,57,530,62,47,51,11 Jun 2021
296.658,11H 39M 28S,NA,NA,NA,NA,NA,41968,Fri,Jun,11,2021,47,89,56,530,62,50,51,11 Jun 2021
297.274,11H 39M 29S,NA,NA,NA,NA,NA,41969,Fri,Jun,11,2021,44,90,55,530,55,49,56,11 Jun 2021
297.796,11H 39M 30S,NA,NA,NA,NA,NA,41970,Fri,Jun,11,2021,47,91,56,530,58,49,54,11 Jun 2021
298.382,11H 39M 31S,NA,NA,NA,NA,NA,41971,Fri,Jun,11,2021,45,90,57,530,61,49,52,11 Jun 2021
299.015,11H 39M 32S,NA,NA,NA,NA,NA,41972,Fri,Jun,11,2021,48,89,57,530,61,49,50,11 Jun 2021
299.524,11H 39M 33S,NA,NA,NA,NA,NA,41973,Fri,Jun,11,2021,47,86,57,530,61,50,51,11 Jun 2021
300.043,11H 39M 34S,NA,NA,NA,NA,NA,41974,Fri,Jun,11,2021,48,87,56,530,61,50,51,11 Jun 2021
300.702,11H 39M 35S,NA,NA,NA,NA,NA,41975,Fri,Jun,11,2021,48,91,56,530,61,50,50,11 Jun 2021
301.889,11H 39M 37S,NA,NA,NA,NA,NA,41977,Fri,Jun,11,2021,47,89,55,530,62,50,54,11 Jun 2021
302.25,11H 39M 38S,NA,NA,NA,NA,NA,41978,Fri,Jun,11,2021,44,88,56,530,59,50,56,11 Jun 2021
302.902,11H 39M 39S,NA,NA,NA,NA,NA,41979,Fri,Jun,11,2021,47,88,55,530,58,48,52,11 Jun 2021
303.691,11H 39M 40S,NA,NA,NA,NA,NA,41980,Fri,Jun,11,2021,45,86,57,530,58,48,50,11 Jun 2021
304.161,11H 39M 41S,NA,NA,NA,NA,NA,41981,Fri,Jun,11,2021,47,90,57,530,58,48,51,11 Jun 2021
305.128,11H 39M 43S,NA,NA,NA,NA,NA,41983,Fri,Jun,11,2021,48,86,56,530,61,51,52,11 Jun 2021
305.881,11H 39M 44S,NA,NA,NA,NA,NA,41984,Fri,Jun,11,2021,46,84,56,530,62,50,53,11 Jun 2021
306.895,11H 39M 46S,NA,NA,NA,NA,NA,41986,Fri,Jun,11,2021,45,85,56,530,56,50,52,11 Jun 2021
307.457,11H 39M 47S,NA,NA,NA,NA,NA,41987,Fri,Jun,11,2021,47,89,56,531,60,50,52,11 Jun 2021
308.028,11H 39M 48S,NA,NA,NA,NA,NA,41988,Fri,Jun,11,2021,88,56,NA,NA,66,51,51,11 Jun 2021
308.589,11H 39M 49S,NA,NA,NA,NA,NA,41989,Fri,Jun,11,2021,47,87,55,530,58,49,54,11 Jun 2021
309.281,11H 39M 50S,NA,NA,NA,NA,NA,41990,Fri,Jun,11,2021,47,88,56,530,55,46,56,11 Jun 2021
309.936,11H 39M 51S,NA,NA,NA,NA,NA,41991,Fri,Jun,11,2021,46,90,56,530,55,48,56,11 Jun 2021
310.385,11H 39M 52S,NA,NA,NA,NA,NA,41992,Fri,Jun,11,2021,44,87,57,530,56,49,54,11 Jun 2021
310.87,11H 39M 53S,NA,NA,NA,NA,NA,41993,Fri,Jun,11,2021,46,88,57,530,59,50,51,11 Jun 2021
312.232,11H 39M 55S,NA,NA,NA,NA,NA,41995,Fri,Jun,11,2021,46,87,56,530,61,52,52,11 Jun 2021
312.724,11H 39M 56S,NA,NA,NA,NA,NA,41996,Fri,Jun,11,2021,47,91,56,530,58,50,56,11 Jun 2021
313.165,11H 39M 57S,NA,NA,NA,NA,NA,41997,Fri,Jun,11,2021,45,84,56,530,58,47,51,11 Jun 2021
314.501,11H 39M 59S,NA,NA,NA,NA,NA,41999,Fri,Jun,11,2021,45,86,57,530,60,50,49,11 Jun 2021
315.062,11H 40M 0S,NA,NA,NA,NA,NA,42000,Fri,Jun,11,2021,45,NA,NA,NA,58,48,51,11 Jun 2021
315.584,11H 40M 1S,NA,NA,NA,NA,NA,42001,Fri,Jun,11,2021,48,89,56,531,59,47,50,11 Jun 2021
316.148,11H 40M 2S,NA,NA,NA,NA,NA,42002,Fri,Jun,11,2021,49,89,56,531,60,48,55,11 Jun 2021
317.407,11H 40M 4S,NA,NA,NA,NA,NA,42004,Fri,Jun,11,2021,46,87,56,531,61,49,55,11 Jun 2021
318.088,11H 40M 5S,NA,NA,NA,NA,NA,42005,Fri,Jun,11,2021,44,88,56,530,62,51,55,11 Jun 2021
318.579,11H 40M 6S,NA,NA,NA,NA,NA,42006,Fri,Jun,11,2021,46,87,56,531,59,47,49,11 Jun 2021
319.024,11H 40M 7S,NA,NA,NA,NA,NA,42007,Fri,Jun,11,2021,42,83,56,531,55,46,47,11 Jun 2021
319.654,11H 40M 8S,NA,NA,NA,NA,NA,42008,Fri,Jun,11,2021,42,83,56,530,58,48,50,11 Jun 2021
320.373,11H 40M 9S,NA,NA,NA,NA,NA,42009,Fri,Jun,11,2021,43,83,56,531,54,42,50,11 Jun 2021
320.936,11H 40M 10S,NA,NA,NA,NA,NA,42010,Fri,Jun,11,2021,50,87,56,531,59,45,50,11 Jun 2021
321.449,11H 40M 11S,NA,NA,NA,NA,NA,42011,Fri,Jun,11,2021,48,90,56,531,59,50,54,11 Jun 2021
322.639,11H 40M 13S,NA,NA,NA,NA,NA,42013,Fri,Jun,11,2021,50,90,56,53,64,53,56,11 Jun 2021
323.807,11H 40M 15S,NA,NA,NA,NA,NA,42015,Fri,Jun,11,2021,46,88,56,530,64,53,54,11 Jun 2021
324.372,11H 40M 16S,NA,NA,NA,NA,NA,42016,Fri,Jun,11,2021,43,85,56,531,55,46,53,11 Jun 2021
324.997,11H 40M 17S,NA,NA,NA,NA,NA,42017,Fri,Jun,11,2021,45,88,57,531,58,45,53,11 Jun 2021
325.586,11H 40M 18S,NA,NA,NA,NA,NA,42018,Fri,Jun,11,2021,46,89,57,531,55,50,54,11 Jun 2021
326.125,11H 40M 19S,NA,NA,NA,NA,NA,42019,Fri,Jun,11,2021,49,88,56,531,63,52,53,11 Jun 2021
326.718,11H 40M 20S,NA,NA,NA,NA,NA,42020,Fri,Jun,11,2021,44,95,56,531,62,51,52,11 Jun 2021
327.888,11H 40M 22S,NA,NA,NA,NA,NA,42022,Fri,Jun,11,2021,46,90,56,531,57,50,54,11 Jun 2021
328.42,11H 40M 23S,NA,NA,NA,NA,NA,42023,Fri,Jun,11,2021,44,83,56,531,59,49,57,11 Jun 2021
329.022,11H 40M 24S,NA,NA,NA,NA,NA,42024,Fri,Jun,11,2021,43,85,57,531,62,48,53,11 Jun 2021
329.63,11H 40M 25S,NA,NA,NA,NA,NA,42025,Fri,Jun,11,2021,44,86,57,531,60,48,50,11 Jun 2021
330.209,11H 40M 26S,NA,NA,NA,NA,NA,42026,Fri,Jun,11,2021,700,460,531,NA,65,51,48,11 Jun 2021
330.765,11H 40M 27S,NA,NA,NA,NA,NA,42027,Fri,Jun,11,2021,48,92,56,531,64,48,50,11 Jun 2021
331.361,11H 40M 28S,NA,NA,NA,NA,NA,42028,Fri,Jun,11,2021,48,88,56,531,62,49,50,11 Jun 2021
333.044,11H 40M 31S,NA,NA,NA,NA,NA,42031,Fri,Jun,11,2021,46,85,57,531,64,46,49,11 Jun 2021
333.735,11H 40M 32S,NA,NA,NA,NA,NA,42032,Fri,Jun,11,2021,44,86,57,531,63,49,47,11 Jun 2021
334.383,11H 40M 33S,NA,NA,NA,NA,NA,42033,Fri,Jun,11,2021,44,86,57,531,64,48,51,11 Jun 2021
334.887,11H 40M 34S,NA,NA,NA,NA,NA,42034,Fri,Jun,11,2021,47,87,57,531,61,49,50,11 Jun 2021
335.362,11H 40M 35S,NA,NA,NA,NA,NA,42035,Fri,Jun,11,2021,43,85,57,531,62,46,51,11 Jun 2021
336.013,11H 40M 36S,NA,NA,NA,NA,NA,42036,Fri,Jun,11,2021,46,91,57,531,61,49,51,11 Jun 2021
336.746,11H 40M 37S,NA,NA,NA,NA,NA,42037,Fri,Jun,11,2021,48,89,56,531,60,50,50,11 Jun 2021
338.29,11H 40M 40S,NA,NA,NA,NA,NA,42040,Fri,Jun,11,2021,45,87,56,531,60,47,52,11 Jun 2021
339.023,11H 40M 41S,NA,NA,NA,NA,NA,42041,Fri,Jun,11,2021,46,87,57,531,60,45,51,11 Jun 2021
339.554,11H 40M 42S,NA,NA,NA,NA,NA,42042,Fri,Jun,11,2021,48,89,56,531,58,50,54,11 Jun 2021
340.04,11H 40M 43S,NA,NA,NA,NA,NA,42043,Fri,Jun,11,2021,49,91,56,531,61,50,54,11 Jun 2021
340.611,11H 40M 44S,NA,NA,NA,NA,NA,42044,Fri,Jun,11,2021,48,84,55,531,59,49,52,11 Jun 2021
341.203,11H 40M 45S,NA,NA,NA,NA,NA,42045,Fri,Jun,11,2021,45,86,57,531,59,50,52,11 Jun 2021
342.48,11H 40M 47S,NA,NA,NA,NA,NA,42047,Fri,Jun,11,2021,45,90,56,531,58,50,53,11 Jun 2021
343.475,11H 40M 49S,NA,NA,NA,NA,NA,42049,Fri,Jun,11,2021,47,87,56,531,64,51,52,11 Jun 2021
344.092,11H 40M 50S,NA,NA,NA,NA,NA,42050,Fri,Jun,11,2021,45,85,56,531,57,49,55,11 Jun 2021
345.317,11H 40M 52S,NA,NA,NA,NA,NA,42052,Fri,Jun,11,2021,45,89,57,531,58,50,53,11 Jun 2021
345.794,11H 40M 53S,NA,NA,NA,NA,NA,42053,Fri,Jun,11,2021,47,90,56,531,63,50,53,11 Jun 2021
346.403,11H 40M 54S,NA,NA,NA,NA,NA,42054,Fri,Jun,11,2021,46,86,56,531,58,48,55,11 Jun 2021
347.078,11H 40M 55S,NA,NA,NA,NA,NA,42055,Fri,Jun,11,2021,48,88,56,531,56,48,54,11 Jun 2021
347.642,11H 40M 56S,NA,NA,NA,NA,NA,42056,Fri,Jun,11,2021,47,87,56,531,60,50,56,11 Jun 2021
348.697,11H 40M 58S,NA,NA,NA,NA,NA,42058,Fri,Jun,11,2021,45,88,57,531,55,49,53,11 Jun 2021
349.293,11H 40M 59S,NA,NA,NA,NA,NA,42059,Fri,Jun,11,2021,46,86,56,531,60,51,53,11 Jun 2021
349.936,11H 41M 0S,NA,NA,NA,NA,NA,42060,Fri,Jun,11,2021,46,87,57,531,63,49,51,11 Jun 2021
350.478,11H 41M 1S,NA,NA,NA,NA,NA,42061,Fri,Jun,11,2021,49,90,56,531,63,50,53,11 Jun 2021
351.606,11H 41M 3S,NA,NA,NA,NA,NA,42063,Fri,Jun,11,2021,46,90,56,531,61,49,56,11 Jun 2021
352.127,11H 41M 4S,NA,NA,NA,NA,NA,42064,Fri,Jun,11,2021,46,89,56,531,61,50,55,11 Jun 2021
352.74,11H 41M 5S,NA,NA,NA,NA,NA,42065,Fri,Jun,11,2021,46,85,57,531,60,49,50,11 Jun 2021
353.396,11H 41M 6S,NA,NA,NA,NA,NA,42066,Fri,Jun,11,2021,48,87,56,531,61,48,51,11 Jun 2021
354.508,11H 41M 8S,NA,NA,NA,NA,NA,42068,Fri,Jun,11,2021,46,90,57,531,63,52,55,11 Jun 2021
355.061,11H 41M 9S,NA,NA,NA,NA,NA,42069,Fri,Jun,11,2021,46,84,55,531,61,50,54,11 Jun 2021
355.711,11H 41M 10S,NA,NA,NA,NA,NA,42070,Fri,Jun,11,2021,45,85,55,531,59,48,53,11 Jun 2021
356.41,11H 41M 11S,NA,NA,NA,NA,NA,42071,Fri,Jun,11,2021,46,92,57,531,60,48,53,11 Jun 2021
356.992,11H 41M 12S,NA,NA,NA,NA,NA,42072,Fri,Jun,11,2021,47,86,56,531,61,48,54,11 Jun 2021
357.403,11H 41M 13S,NA,NA,NA,NA,NA,42073,Fri,Jun,11,2021,47,90,57,531,62,50,52,11 Jun 2021
357.997,11H 41M 14S,NA,NA,NA,NA,NA,42074,Fri,Jun,11,2021,48,91,57,531,62,51,55,11 Jun 2021
358.722,11H 41M 15S,NA,NA,NA,NA,NA,42075,Fri,Jun,11,2021,45,86,55,531,61,50,54,11 Jun 2021
359.896,11H 41M 17S,NA,NA,NA,NA,NA,42077,Fri,Jun,11,2021,700,460,531,NA,59,48,54,11 Jun 2021
360.951,11H 41M 19S,NA,NA,NA,NA,NA,42079,Fri,Jun,11,2021,45,87,57,531,60,48,51,11 Jun 2021
361.707,11H 41M 20S,NA,NA,NA,NA,NA,42080,Fri,Jun,11,2021,48,86,56,531,62,51,52,11 Jun 2021
362.355,11H 41M 21S,NA,NA,NA,NA,NA,42081,Fri,Jun,11,2021,49,88,56,531,62,52,55,11 Jun 2021
362.791,11H 41M 22S,NA,NA,NA,NA,NA,42082,Fri,Jun,11,2021,48,83,56,531,61,50,56,11 Jun 2021
363.346,11H 41M 23S,NA,NA,NA,NA,NA,42083,Fri,Jun,11,2021,46,90,56,531,61,48,53,11 Jun 2021
363.976,11H 41M 24S,NA,NA,NA,NA,NA,42084,Fri,Jun,11,2021,48,88,56,531,61,48,56,11 Jun 2021
365.203,11H 41M 26S,NA,NA,NA,NA,NA,42086,Fri,Jun,11,2021,46,88,56,531,58,49,51,11 Jun 2021
365.772,11H 41M 27S,NA,NA,NA,NA,NA,42087,Fri,Jun,11,2021,45,88,56,531,60,50,53,11 Jun 2021
366.277,11H 41M 28S,NA,NA,NA,NA,NA,42088,Fri,Jun,11,2021,46,89,56,531,61,50,56,11 Jun 2021
367.6,11H 41M 30S,NA,NA,NA,NA,NA,42090,Fri,Jun,11,2021,46,86,56,531,59,47,54,11 Jun 2021
368.131,11H 41M 31S,NA,NA,NA,NA,NA,42091,Fri,Jun,11,2021,46,83,56,531,57,46,56,11 Jun 2021
368.626,11H 41M 32S,NA,NA,NA,NA,NA,42092,Fri,Jun,11,2021,46,87,56,531,56,50,54,11 Jun 2021
370.49,11H 41M 35S,NA,NA,NA,NA,NA,42095,Fri,Jun,11,2021,48,91,56,531,61,50,54,11 Jun 2021
370.965,11H 41M 36S,NA,NA,NA,NA,NA,42096,Fri,Jun,11,2021,46,93,55,531,64,49,55,11 Jun 2021
371.578,11H 41M 37S,NA,NA,NA,NA,NA,42097,Fri,Jun,11,2021,47,83,56,531,60,49,55,11 Jun 2021
372.203,11H 41M 38S,NA,NA,NA,NA,NA,42098,Fri,Jun,11,2021,46,85,56,531,58,49,54,11 Jun 2021
372.775,11H 41M 39S,NA,NA,NA,NA,NA,42099,Fri,Jun,11,2021,46,84,56,531,54,50,52,11 Jun 2021
373.335,11H 41M 40S,NA,NA,NA,NA,NA,42100,Fri,Jun,11,2021,46,88,57,531,64,50,50,11 Jun 2021
373.945,11H 41M 41S,NA,NA,NA,NA,NA,42101,Fri,Jun,11,2021,46,92,57,531,63,50,51,11 Jun 2021
375.665,11H 41M 44S,NA,NA,NA,NA,NA,42104,Fri,Jun,11,2021,47,87,56,531,61,53,55,11 Jun 2021
376.343,11H 41M 45S,NA,NA,NA,NA,NA,42105,Fri,Jun,11,2021,48,85,56,531,62,52,54,11 Jun 2021
376.937,11H 41M 46S,NA,NA,NA,NA,NA,42106,Fri,Jun,11,2021,46,85,56,531,62,49,51,11 Jun 2021
377.423,11H 41M 47S,NA,NA,NA,NA,NA,42107,Fri,Jun,11,2021,45,85,56,531,59,50,52,11 Jun 2021
378.043,11H 41M 48S,NA,NA,NA,NA,NA,42108,Fri,Jun,11,2021,46,89,56,531,64,52,57,11 Jun 2021
378.683,11H 41M 49S,NA,NA,NA,NA,NA,42109,Fri,Jun,11,2021,44,84,56,531,57,48,52,11 Jun 2021
379.215,11H 41M 50S,NA,NA,NA,NA,NA,42110,Fri,Jun,11,2021,45,87,57,531,59,46,50,11 Jun 2021
381.015,11H 41M 53S,NA,NA,NA,NA,NA,42113,Fri,Jun,11,2021,46,84,56,531,59,47,50,11 Jun 2021
381.617,11H 41M 54S,NA,NA,NA,NA,NA,42114,Fri,Jun,11,2021,47,87,56,531,59,47,52,11 Jun 2021
382.168,11H 41M 55S,NA,NA,NA,NA,NA,42115,Fri,Jun,11,2021,48,88,57,531,59,50,53,11 Jun 2021
382.756,11H 41M 56S,NA,NA,NA,NA,NA,42116,Fri,Jun,11,2021,48,89,57,531,65,52,57,11 Jun 2021
383.376,11H 41M 57S,NA,NA,NA,NA,NA,42117,Fri,Jun,11,2021,45,83,56,531,61,50,53,11 Jun 2021
383.987,11H 41M 58S,NA,NA,NA,NA,NA,42118,Fri,Jun,11,2021,42,83,56,531,58,47,53,11 Jun 2021
384.63,11H 41M 59S,NA,NA,NA,NA,NA,42119,Fri,Jun,11,2021,44,85,56,531,57,46,53,11 Jun 2021
385.233,11H 42M 0S,NA,NA,NA,NA,NA,42120,Fri,Jun,11,2021,44,87,56,531,59,49,53,11 Jun 2021
386.516,11H 42M 2S,NA,NA,NA,NA,NA,42122,Fri,Jun,11,2021,48,86,57,531,65,53,51,11 Jun 2021
387.02,11H 42M 3S,NA,NA,NA,NA,NA,42123,Fri,Jun,11,2021,50,90,57,531,63,51,51,11 Jun 2021
387.666,11H 42M 4S,NA,NA,NA,NA,NA,42124,Fri,Jun,11,2021,46,91,55,531,60,50,57,11 Jun 2021
388.394,11H 42M 5S,NA,NA,NA,NA,NA,42125,Fri,Jun,11,2021,46,86,56,531,58,49,56,11 Jun 2021
388.91,11H 42M 6S,NA,NA,NA,NA,NA,42126,Fri,Jun,11,2021,44,84,56,531,57,48,55,11 Jun 2021
390.063,11H 42M 8S,NA,NA,NA,NA,NA,42128,Fri,Jun,11,2021,42,86,56,531,470,532,538,11 Jun 2021
390.77,11H 42M 9S,NA,NA,NA,NA,NA,42129,Fri,Jun,11,2021,48,87,56,531,61,50,53,11 Jun 2021
391.852,11H 42M 11S,NA,NA,NA,NA,NA,42131,Fri,Jun,11,2021,48,86,56,532,63,52,50,11 Jun 2021
392.367,11H 42M 12S,NA,NA,NA,NA,NA,42132,Fri,Jun,11,2021,49,87,55,531,61,52,53,11 Jun 2021
393.066,11H 42M 13S,NA,NA,NA,NA,NA,42133,Fri,Jun,11,2021,45,91,56,532,59,50,56,11 Jun 2021
393.805,11H 42M 14S,NA,NA,NA,NA,NA,42134,Fri,Jun,11,2021,44,87,57,531,58,49,56,11 Jun 2021
394.372,11H 42M 15S,NA,NA,NA,NA,NA,42135,Fri,Jun,11,2021,42,88,58,531,65,46,51,11 Jun 2021
394.948,11H 42M 16S,NA,NA,NA,NA,NA,42136,Fri,Jun,11,2021,43,87,58,531,64,46,49,11 Jun 2021
395.604,11H 42M 17S,NA,NA,NA,NA,NA,42137,Fri,Jun,11,2021,45,88,57,531,61,47,50,11 Jun 2021
396.271,11H 42M 18S,NA,NA,NA,NA,NA,42138,Fri,Jun,11,2021,44,83,57,532,61,49,53,11 Jun 2021
398.13,11H 42M 21S,NA,NA,NA,NA,NA,42141,Fri,Jun,11,2021,46,84,57,532,62,46,50,11 Jun 2021
398.805,11H 42M 22S,NA,NA,NA,NA,NA,42142,Fri,Jun,11,2021,46,86,57,532,63,48,50,11 Jun 2021
400.09,11H 42M 24S,NA,NA,NA,NA,NA,42144,Fri,Jun,11,2021,45,89,56,532,60,50,50,11 Jun 2021
400.71,11H 42M 25S,NA,NA,NA,NA,NA,42145,Fri,Jun,11,2021,48,87,55,532,60,52,54,11 Jun 2021
400.622,11H 42M 26S,NA,NA,NA,NA,NA,42146,Fri,Jun,11,2021,46,84,56,531,63,50,55,11 Jun 2021
400.49,11H 42M 27S,NA,NA,NA,NA,NA,42147,Fri,Jun,11,2021,45,87,57,532,60,47,55,11 Jun 2021
400.69,11H 42M 29S,NA,NA,NA,NA,NA,42149,Fri,Jun,11,2021,48,86,56,532,58,47,53,11 Jun 2021
400.596,11H 42M 30S,NA,NA,NA,NA,NA,42150,Fri,Jun,11,2021,46,87,57,532,59,50,50,11 Jun 2021
400.505,11H 42M 31S,NA,NA,NA,NA,NA,42151,Fri,Jun,11,2021,47,84,56,532,66,50,52,11 Jun 2021
400.574,11H 42M 32S,NA,NA,NA,NA,NA,42152,Fri,Jun,11,2021,47,83,55,532,59,49,59,11 Jun 2021
400.631,11H 42M 33S,NA,NA,NA,NA,NA,42153,Fri,Jun,11,2021,47,85,57,5,55,47,56,11 Jun 2021
400.55,11H 42M 34S,NA,NA,NA,NA,NA,42154,Fri,Jun,11,2021,44,85,57,532,58,50,55,11 Jun 2021
400.538,11H 42M 35S,NA,NA,NA,NA,NA,42155,Fri,Jun,11,2021,47,87,57,532,59,51,50,11 Jun 2021
400.601,11H 42M 36S,NA,NA,NA,NA,NA,42156,Fri,Jun,11,2021,46,92,56,532,64,52,50,11 Jun 2021
400.563,11H 42M 38S,NA,NA,NA,NA,NA,42158,Fri,Jun,11,2021,49,93,56,532,57,46,55,11 Jun 2021
400.581,11H 42M 40S,NA,NA,NA,NA,NA,42160,Fri,Jun,11,2021,49,92,56,532,58,47,56,11 Jun 2021
400.588,11H 42M 41S,NA,NA,NA,NA,NA,42161,Fri,Jun,11,2021,48,83,57,532,57,49,54,11 Jun 2021
400.541,11H 42M 42S,NA,NA,NA,NA,NA,42162,Fri,Jun,11,2021,45,90,56,532,59,49,53,11 Jun 2021
400.464,11H 42M 43S,NA,NA,NA,NA,NA,42163,Fri,Jun,11,2021,44,86,57,532,61,49,51,11 Jun 2021
400.534,11H 42M 44S,NA,NA,NA,NA,NA,42164,Fri,Jun,11,2021,47,93,57,532,62,51,50,11 Jun 2021
400.683,11H 42M 45S,NA,NA,NA,NA,NA,42165,Fri,Jun,11,2021,46,86,56,532,60,50,54,11 Jun 2021
400.389,11H 42M 47S,NA,NA,NA,NA,NA,42167,Fri,Jun,11,2021,46,85,56,532,62,48,51,11 Jun 2021
400.488,11H 42M 48S,NA,NA,NA,NA,NA,42168,Fri,Jun,11,2021,48,87,57,532,62,50,54,11 Jun 2021
400.623,11H 42M 49S,NA,NA,NA,NA,NA,42169,Fri,Jun,11,2021,47,88,56,532,61,49,54,11 Jun 2021
400.676,11H 42M 50S,NA,NA,NA,NA,NA,42170,Fri,Jun,11,2021,50,87,56,532,63,52,54,11 Jun 2021
400.577,11H 42M 51S,NA,NA,NA,NA,NA,42171,Fri,Jun,11,2021,48,90,56,532,62,52,55,11 Jun 2021
400.627,11H 42M 52S,NA,NA,NA,NA,NA,42172,Fri,Jun,11,2021,42,85,55,532,60,49,51,11 Jun 2021
400.781,11H 42M 53S,NA,NA,NA,NA,NA,42173,Fri,Jun,11,2021,42,84,56,532,60,47,52,11 Jun 2021
401.698,11H 42M 56S,NA,NA,NA,NA,NA,42176,Fri,Jun,11,2021,46,88,56,532,61,48,53,11 Jun 2021
401.817,11H 42M 57S,NA,NA,NA,NA,NA,42177,Fri,Jun,11,2021,48,88,56,532,60,50,50,11 Jun 2021
402.054,11H 42M 58S,NA,NA,NA,NA,NA,42178,Fri,Jun,11,2021,46,91,56,532,66,55,56,11 Jun 2021
402.683,11H 43M 0S,NA,NA,NA,NA,NA,42180,Fri,Jun,11,2021,44,87,57,532,58,46,53,11 Jun 2021
402.84,11H 43M 1S,NA,NA,NA,NA,NA,42181,Fri,Jun,11,2021,45,95,57,532,60,49,53,11 Jun 2021
403.047,11H 43M 2S,NA,NA,NA,NA,NA,42182,Fri,Jun,11,2021,48,88,56,532,62,49,53,11 Jun 2021
403.387,11H 43M 3S,NA,NA,NA,NA,NA,42183,Fri,Jun,11,2021,49,86,57,532,62,51,55,11 Jun 2021
403.655,11H 43M 4S,NA,NA,NA,NA,NA,42184,Fri,Jun,11,2021,47,89,56,532,62,49,53,11 Jun 2021
403.755,11H 43M 6S,NA,NA,NA,NA,NA,42186,Fri,Jun,11,2021,45,83,56,532,61,48,51,11 Jun 2021
403.789,11H 43M 7S,NA,NA,NA,NA,NA,42187,Fri,Jun,11,2021,46,84,57,532,60,48,53,11 Jun 2021
403.815,11H 43M 8S,NA,NA,NA,NA,NA,42188,Fri,Jun,11,2021,44,84,56,532,59,47,54,11 Jun 2021
403.732,11H 43M 9S,NA,NA,NA,NA,NA,42189,Fri,Jun,11,2021,47,86,56,532,63,49,53,11 Jun 2021
403.782,11H 43M 10S,NA,NA,NA,NA,NA,42190,Fri,Jun,11,2021,47,87,56,532,62,50,52,11 Jun 2021
403.821,11H 43M 12S,NA,NA,NA,NA,NA,42192,Fri,Jun,11,2021,45,85,56,532,62,51,54,11 Jun 2021
403.793,11H 43M 13S,NA,NA,NA,NA,NA,42193,Fri,Jun,11,2021,44,84,56,532,59,50,56,11 Jun 2021
403.777,11H 43M 15S,NA,NA,NA,NA,NA,42195,Fri,Jun,11,2021,46,85,57,532,60,48,54,11 Jun 2021
403.783,11H 43M 16S,NA,NA,NA,NA,NA,42196,Fri,Jun,11,2021,46,88,57,532,61,46,51,11 Jun 2021
403.804,11H 43M 17S,NA,NA,NA,NA,NA,42197,Fri,Jun,11,2021,49,87,56,532,63,49,50,11 Jun 2021
403.76,11H 43M 18S,NA,NA,NA,NA,NA,42198,Fri,Jun,11,2021,50,89,56,532,63,51,50,11 Jun 2021
403.716,11H 43M 19S,NA,NA,NA,NA,NA,42199,Fri,Jun,11,2021,48,91,56,532,60,52,56,11 Jun 2021
403.736,11H 43M 20S,NA,NA,NA,NA,NA,42200,Fri,Jun,11,2021,47,88,56,532,59,49,54,11 Jun 2021
403.885,11H 43M 21S,NA,NA,NA,NA,NA,42201,Fri,Jun,11,2021,45,86,56,532,60,50,54,11 Jun 2021
403.779,11H 43M 22S,NA,NA,NA,NA,NA,42202,Fri,Jun,11,2021,45,89,57,532,59,46,53,11 Jun 2021
403.752,11H 43M 24S,NA,NA,NA,NA,NA,42204,Fri,Jun,11,2021,45,92,56,532,64,49,51,11 Jun 2021
1.67,11H 30M 32S,NA,NA,NA,NA,NA,41432,Fri,Jun,11,2021,NA,NA,NA,NA,60,50,-29,11 Jun 2021
1.624,11H 30M 41S,NA,NA,NA,NA,NA,41441,Fri,Jun,11,2021,NA,NA,NA,NA,46,85,36,11 Jun 2021
3.415,11H 30M 51S,NA,NA,NA,NA,NA,41451,Fri,Jun,11,2021,NA,NA,NA,NA,55,51,53,11 Jun 2021
8.729,11H 31M 0S,NA,NA,NA,NA,NA,41460,Fri,Jun,11,2021,NA,NA,NA,NA,52,56,57,11 Jun 2021
13.671,11H 31M 9S,NA,NA,NA,NA,NA,41469,Fri,Jun,11,2021,NA,NA,NA,NA,52,50,55,11 Jun 2021
17.612,11H 31M 18S,NA,NA,NA,NA,NA,41478,Fri,Jun,11,2021,NA,NA,NA,NA,50,52,50,11 Jun 2021
22.951,11H 31M 27S,NA,NA,NA,NA,NA,41487,Fri,Jun,11,2021,NA,NA,NA,NA,55,57,52,11 Jun 2021
31.13,11H 31M 36S,NA,NA,NA,NA,NA,41496,Fri,Jun,11,2021,NA,NA,NA,NA,60,62,53,11 Jun 2021
34.981,11H 31M 45S,NA,NA,NA,NA,NA,41505,Fri,Jun,11,2021,NA,NA,NA,NA,66,81,60,11 Jun 2021
39.315,11H 31M 54S,NA,NA,NA,NA,NA,41514,Fri,Jun,11,2021,NA,NA,NA,NA,99,116,60,11 Jun 2021
43.773,11H 32M 3S,NA,NA,NA,NA,NA,41523,Fri,Jun,11,2021,NA,NA,NA,NA,161,203,64,11 Jun 2021
48.223,11H 32M 12S,NA,NA,NA,NA,NA,41532,Fri,Jun,11,2021,NA,NA,NA,NA,269,364,76,11 Jun 2021
52.745,11H 32M 21S,NA,NA,NA,NA,NA,41541,Fri,Jun,11,2021,NA,NA,NA,NA,529,744,114,11 Jun 2021
56.548,11H 32M 29S,NA,NA,NA,NA,NA,41549,Fri,Jun,11,2021,NA,NA,NA,NA,120,143,60,11 Jun 2021
62.496,11H 32M 39S,NA,NA,NA,NA,NA,41559,Fri,Jun,11,2021,NA,NA,NA,NA,84,104,56,11 Jun 2021
74.853,11H 32M 57S,NA,NA,NA,NA,NA,41577,Fri,Jun,11,2021,NA,NA,NA,NA,60,67,54,11 Jun 2021
81.021,11H 33M 6S,NA,NA,NA,NA,NA,41586,Fri,Jun,11,2021,NA,NA,NA,NA,49,57,52,11 Jun 2021
87.007,11H 33M 15S,NA,NA,NA,NA,NA,41595,Fri,Jun,11,2021,NA,NA,NA,NA,50,52,51,11 Jun 2021
107.597,11H 33M 51S,NA,NA,NA,NA,NA,41631,Fri,Jun,11,2021,NA,NA,NA,NA,47,48,50,11 Jun 2021
112.639,11H 34M 0S,NA,NA,NA,NA,NA,41640,Fri,Jun,11,2021,NA,NA,NA,NA,49,50,51,11 Jun 2021
117.771,11H 34M 9S,NA,NA,NA,NA,NA,41649,Fri,Jun,11,2021,NA,NA,NA,NA,50,55,53,11 Jun 2021
122.875,11H 34M 18S,NA,NA,NA,NA,NA,41658,Fri,Jun,11,2021,NA,NA,NA,NA,49,49,55,11 Jun 2021
127.882,11H 34M 27S,NA,NA,NA,NA,NA,41667,Fri,Jun,11,2021,NA,NA,NA,NA,50,51,52,11 Jun 2021
132.792,11H 34M 36S,NA,NA,NA,NA,NA,41676,Fri,Jun,11,2021,NA,NA,NA,NA,46,48,55,11 Jun 2021
138.449,11H 34M 46S,NA,NA,NA,NA,NA,41686,Fri,Jun,11,2021,NA,NA,NA,NA,52,49,48,11 Jun 2021
148.471,11H 35M 4S,NA,NA,NA,NA,NA,41704,Fri,Jun,11,2021,NA,NA,NA,NA,49,52,53,11 Jun 2021
153.508,11H 35M 13S,NA,NA,NA,NA,NA,41713,Fri,Jun,11,2021,NA,NA,NA,NA,48,50,59,11 Jun 2021
158.523,11H 35M 22S,NA,NA,NA,NA,NA,41722,Fri,Jun,11,2021,NA,NA,NA,NA,52,48,52,11 Jun 2021
163.618,11H 35M 31S,NA,NA,NA,NA,NA,41731,Fri,Jun,11,2021,NA,NA,NA,NA,48,48,53,11 Jun 2021
168.675,11H 35M 40S,NA,NA,NA,NA,NA,41740,Fri,Jun,11,2021,NA,NA,NA,NA,49,50,55,11 Jun 2021
173.66,11H 35M 49S,NA,NA,NA,NA,NA,41749,Fri,Jun,11,2021,NA,NA,NA,NA,50,48,50,11 Jun 2021
178.773,11H 35M 58S,NA,NA,NA,NA,NA,41758,Fri,Jun,11,2021,NA,NA,NA,NA,49,47,53,11 Jun 2021
183.67,11H 36M 7S,NA,NA,NA,NA,NA,41767,Fri,Jun,11,2021,NA,NA,NA,NA,48,51,52,11 Jun 2021
188.714,11H 36M 16S,NA,NA,NA,NA,NA,41776,Fri,Jun,11,2021,NA,NA,NA,NA,46,49,56,11 Jun 2021
193.556,11H 36M 25S,NA,NA,NA,NA,NA,41785,Fri,Jun,11,2021,NA,NA,NA,NA,50,50,55,11 Jun 2021
198.496,11H 36M 34S,NA,NA,NA,NA,NA,41794,Fri,Jun,11,2021,NA,NA,NA,NA,40,51,50,11 Jun 2021
203.506,11H 36M 43S,NA,NA,NA,NA,NA,41803,Fri,Jun,11,2021,NA,NA,NA,NA,50,49,55,11 Jun 2021
208.495,11H 36M 52S,NA,NA,NA,NA,NA,41812,Fri,Jun,11,2021,NA,NA,NA,NA,50,50,55,11 Jun 2021
213.473,11H 37M 1S,NA,NA,NA,NA,NA,41821,Fri,Jun,11,2021,NA,NA,NA,NA,44,47,55,11 Jun 2021
213.473,11H 37M 1S,NA,NA,NA,NA,NA,41821,Fri,Jun,11,2021,NA,NA,NA,NA,46,45,57,11 Jun 2021
219.093,11H 37M 11S,NA,NA,NA,NA,NA,41831,Fri,Jun,11,2021,NA,NA,NA,NA,38,50,58,11 Jun 2021
224.065,11H 37M 20S,NA,NA,NA,NA,NA,41840,Fri,Jun,11,2021,NA,NA,NA,NA,38,50,55,11 Jun 2021
229.097,11H 37M 29S,NA,NA,NA,NA,NA,41849,Fri,Jun,11,2021,NA,NA,NA,NA,47,46,53,11 Jun 2021
234.049,11H 37M 38S,NA,NA,NA,NA,NA,41858,Fri,Jun,11,2021,NA,NA,NA,NA,33,51,55,11 Jun 2021
239.18,11H 37M 47S,NA,NA,NA,NA,NA,41867,Fri,Jun,11,2021,NA,NA,NA,NA,43,48,57,11 Jun 2021
244.3,11H 37M 56S,NA,NA,NA,NA,NA,41876,Fri,Jun,11,2021,NA,NA,NA,NA,48,47,56,11 Jun 2021
248.775,11H 38M 4S,NA,NA,NA,NA,NA,41884,Fri,Jun,11,2021,NA,NA,NA,NA,52,47,52,11 Jun 2021
254.51,11H 38M 14S,NA,NA,NA,NA,NA,41894,Fri,Jun,11,2021,NA,NA,NA,NA,47,51,50,11 Jun 2021
259.626,11H 38M 23S,NA,NA,NA,NA,NA,41903,Fri,Jun,11,2021,NA,NA,NA,NA,61,48,53,11 Jun 2021
264.754,11H 38M 32S,NA,NA,NA,NA,NA,41912,Fri,Jun,11,2021,NA,NA,NA,NA,60,50,54,11 Jun 2021
269.768,11H 38M 41S,NA,NA,NA,NA,NA,41921,Fri,Jun,11,2021,NA,NA,NA,NA,50,50,53,11 Jun 2021
274.971,11H 38M 50S,NA,NA,NA,NA,NA,41930,Fri,Jun,11,2021,NA,NA,NA,NA,58,49,55,11 Jun 2021
279.999,11H 38M 59S,NA,NA,NA,NA,NA,41939,Fri,Jun,11,2021,NA,NA,NA,NA,58,50,53,11 Jun 2021
285.133,11H 39M 8S,NA,NA,NA,NA,NA,41948,Fri,Jun,11,2021,NA,NA,NA,NA,61,49,57,11 Jun 2021
290.874,11H 39M 18S,NA,NA,NA,NA,NA,41958,Fri,Jun,11,2021,NA,NA,NA,NA,59,48,52,11 Jun 2021
296.04,11H 39M 27S,NA,NA,NA,NA,NA,41967,Fri,Jun,11,2021,NA,NA,NA,NA,60,49,54,11 Jun 2021
301.402,11H 39M 36S,NA,NA,NA,NA,NA,41976,Fri,Jun,11,2021,NA,NA,NA,NA,60,50,51,11 Jun 2021
306.403,11H 39M 45S,NA,NA,NA,NA,NA,41985,Fri,Jun,11,2021,NA,NA,NA,NA,58,48,55,11 Jun 2021
311.536,11H 39M 54S,NA,NA,NA,NA,NA,41994,Fri,Jun,11,2021,NA,NA,NA,NA,65,49,53,11 Jun 2021
316.738,11H 40M 3S,NA,NA,NA,NA,NA,42003,Fri,Jun,11,2021,NA,NA,NA,NA,62,54,56,11 Jun 2021
322.02,11H 40M 12S,NA,NA,NA,NA,NA,42012,Fri,Jun,11,2021,NA,NA,NA,NA,65,52,56,11 Jun 2021
327.366,11H 40M 21S,NA,NA,NA,NA,NA,42021,Fri,Jun,11,2021,NA,NA,NA,NA,57,48,54,11 Jun 2021
332.488,11H 40M 30S,NA,NA,NA,NA,NA,42030,Fri,Jun,11,2021,NA,NA,NA,NA,62,48,45,11 Jun 2021
337.289,11H 40M 38S,NA,NA,NA,NA,NA,42038,Fri,Jun,11,2021,NA,NA,NA,NA,59,54,53,11 Jun 2021
337.653,11H 40M 39S,NA,NA,NA,NA,NA,42039,Fri,Jun,11,2021,NA,NA,NA,NA,60,50,55,11 Jun 2021
342.991,11H 40M 48S,NA,NA,NA,NA,NA,42048,Fri,Jun,11,2021,NA,NA,NA,NA,61,54,50,11 Jun 2021
348.176,11H 40M 57S,NA,NA,NA,NA,NA,42057,Fri,Jun,11,2021,NA,NA,NA,NA,59,49,54,11 Jun 2021
353.993,11H 41M 7S,NA,NA,NA,NA,NA,42067,Fri,Jun,11,2021,NA,NA,NA,NA,61,50,52,11 Jun 2021
359.407,11H 41M 16S,NA,NA,NA,NA,NA,42076,Fri,Jun,11,2021,NA,NA,NA,NA,59,47,53,11 Jun 2021
364.615,11H 41M 25S,NA,NA,NA,NA,NA,42085,Fri,Jun,11,2021,NA,NA,NA,NA,60,49,52,11 Jun 2021
369.251,11H 41M 33S,NA,NA,NA,NA,NA,42093,Fri,Jun,11,2021,NA,NA,NA,NA,64,51,50,11 Jun 2021
375.131,11H 41M 43S,NA,NA,NA,NA,NA,42103,Fri,Jun,11,2021,NA,NA,NA,NA,63,50,57,11 Jun 2021
380.325,11H 41M 52S,NA,NA,NA,NA,NA,42112,Fri,Jun,11,2021,NA,NA,NA,NA,57,47,48,11 Jun 2021
385.902,11H 42M 1S,NA,NA,NA,NA,NA,42121,Fri,Jun,11,2021,NA,NA,NA,NA,62,46,52,11 Jun 2021
391.361,11H 42M 10S,NA,NA,NA,NA,NA,42130,Fri,Jun,11,2021,NA,NA,NA,NA,65,50,50,11 Jun 2021
396.902,11H 42M 19S,NA,NA,NA,NA,NA,42139,Fri,Jun,11,2021,NA,NA,NA,NA,63,47,50,11 Jun 2021
400.601,11H 42M 28S,NA,NA,NA,NA,NA,42148,Fri,Jun,11,2021,NA,NA,NA,NA,57,46,51,11 Jun 2021
400.534,11H 42M 37S,NA,NA,NA,NA,NA,42157,Fri,Jun,11,2021,NA,NA,NA,NA,59,47,58,11 Jun 2021
400.601,11H 42M 46S,NA,NA,NA,NA,NA,42166,Fri,Jun,11,2021,NA,NA,NA,NA,470,532,538,11 Jun 2021
401.451,11H 42M 55S,NA,NA,NA,NA,NA,42175,Fri,Jun,11,2021,NA,NA,NA,NA,58,47,52,11 Jun 2021
403.801,11H 43M 5S,NA,NA,NA,NA,NA,42185,Fri,Jun,11,2021,NA,NA,NA,NA,60,52,51,11 Jun 2021
403.691,11H 43M 14S,NA,NA,NA,NA,NA,42194,Fri,Jun,11,2021,NA,NA,NA,NA,61,47,54,11 Jun 2021
403.603,11H 43M 23S,NA,NA,NA,NA,NA,42203,Fri,Jun,11,2021,NA,NA,NA,NA,60,49,48,11 Jun 2021
