date,bouss,depth,fluo_440,fluo_470,fluo_532,f440_f470,f532_f470,bb700,cdom,chl_c1_c2,chl_c3,peri,but,fuco,neox,prasi,viola,hex,diad,allo,diat,zea,lutein,dv_chlb,chlb,t_chlb,dv_chla,chla,t_chla,sumpig,pressure,cp
2020-12-09,225,80,105.7608695652174,117.93478260869566,97.21739130434784,0.896774193548387,0.824331797235023,105.85714285714286,56.90243902439025,0.0211,0.0303,0.0021,0.0398,0.0116,0.0013,0.001,5e-4,0.0566,0.0038,0,0,0.0121,0,0.1134,0.0111,0.1246,0.0621,0.1247,0.1867,0.4915,NA,0.0772266666666667
2020-12-09,225,70,68.40677966101696,80.49152542372882,53.932203389830505,0.8498631290798063,0.6700357970098968,111.07692307692308,57.6078431372549,0.0264,0.028,0.0039,0.0366,0.0167,0.0016,0.0015,8e-4,0.0585,0.0053,0.0022,0,0.0201,0,0.0836,0.0214,0.105,0.0587,0.1629,0.2216,0.5282,NA,0.08575
2020-12-09,225,60,81.85714285714286,96.71428571428572,58.19047619047619,0.8463810930576072,0.601674052191039,134.33333333333334,61.476190476190474,0.0533,0.0378,0.0052,0.0598,0.0406,0.0024,0.002,0.002,0.1122,0.0127,0.0044,6e-4,0.0331,0.0011,0.0139,0.0333,0.0472,0.0458,0.3454,0.3912,0.8056,NA,0.10908
2020-12-09,225,50,85.33333333333333,98.375,56.69565217391305,0.867429055484964,0.5763217501795481,136.1904761904762,57.857142857142854,0.0554,0.0382,0.0059,0.0608,0.0403,0.0025,0.002,0.002,0.1141,0.0134,0.006,9e-4,0.0352,0.0014,0.0119,0.0332,0.0452,0.0458,0.3512,0.397,0.8203,NA,0.126256666666667
2020-12-09,225,40,92.97916666666669,101.58333333333331,57.12765957446808,0.9152994257588188,0.5623723666067408,138.4255319148936,58.744680851063826,0.0548,0.0377,0.0059,0.0599,0.0396,0.0021,0.0019,0.0021,0.1143,0.0137,0.0046,0.0011,0.0364,0.0015,0.012,0.0317,0.0437,0.0457,0.3516,0.3973,0.8166,NA,0.129473333333333
2020-12-09,225,30,96.14285714285714,108.42857142857144,56.57142857142857,0.8866930171277997,0.5217391304347826,139.8,58.8,0.052,0.0346,0.0057,0.0568,0.0357,0.0021,0.002,0.002,0.1116,0.0154,0.0053,0.0019,0.0382,0.0015,0.0097,0.0305,0.0402,0.0431,0.3407,0.3838,0.7888,NA,0.13246
2020-12-09,225,20,90.5,106,58.714285714285715,0.8537735849056604,0.5539083557951483,155.28571428571428,94,0.0538,0.0341,0.0059,0.0561,0.0349,0.0023,0.0017,0.0023,0.1098,0.0205,0.0074,0.0021,0.0399,0.0014,0.008,0.0313,0.0393,0.0419,0.3454,0.3873,0.7988,NA,0.149496666666667
2020-12-09,225,10,91.29629629629628,98.51851851851852,56.38461538461539,0.9266917293233082,0.572325043377675,157,74.95833333333333,0.0523,0.0321,0.006,0.053900000000000003,0.0342,0.0018,0.0016,0.002,0.1057,0.0233,0.0079,0.0033,0.0391,0.0013,0.0065,0.028,0.0345,0.0405,0.3397,0.3802,0.7792,NA,0.158706666666667
2020-12-09,225,5,65.45454545454545,103.73563218390804,57.24418604651163,0.6309745656006044,0.5518276106422727,143.90361445783134,56.67469879518072,0.0503,0.0326,0.0053,0.053900000000000003,0.0324,0.002,0.0016,0.0019,0.105,0.0245,0.0085,0.0043,0.0384,0.0015,0.0069,0.0288,0.0357,0.0389,0.3365,0.3754,0.7733,NA,0.163423333333333
2021-01-18,226,80,50.81927710843374,51.48192771084337,53.80722891566265,0.987128481160777,1.0451673297449098,114.9746835443038,58.08860759493671,0.0045,0.0038,7e-4,0.0056,0.0036,0,3e-4,0,0.0113,0.0012,0.0017,0,0.0021,0,0.0013,0.0035,0.0049,0.0027,0.0352,0.0379,0.0776,NA,0.0908800000000034
2021-01-18,226,70,55,50,55,1.1,1.1,120,59,9e-4,0.001,0,0.0015,0.0012,0,0,0,0.0034,3e-4,0,0,0,0,0.0013,9e-4,0.0022,7e-4,0.0077,0.0084,0.0189,NA,0.0925800000000034
2021-01-18,226,60,59,50,53,1.18,1.06,115,54,0.0036,0.0041,3e-4,0.0062,0.0044,0,4e-4,0,0.0101,0.001,0,0,0.0023,0,0.0023,0.0037,0.0059,0.0033,0.0293,0.0326,0.07089999999999999,NA,0.0932700000000034
2021-01-18,226,50,56,50,53,1.12,1.06,NA,NA,0.0048,0.0058,0,0.0085,0.0049,4e-4,3e-4,0,0.014,0.0013,4e-4,2e-4,0.0025,0,0.003,0.0048,0.0079,0.004,0.0383,0.0423,0.0933,NA,0.0910950000000034
2021-01-18,226,40,75.5,80,54.5,0.94375,0.68125,137.5,58,0.0357,0.0255,0.0024,0.0383,0.0367,0.0032,0.0063,0.0015,0.0681,0.0083,0.0061,0.0012,0.0242,0.0011,0.0035,0.0311,0.0346,0.0236,0.2619,0.2856,0.5788,NA,0.105830000000003
2021-01-18,226,30,91,114,57,0.7982456140350878,0.5,149,54,0.059,0.037,0.004,0.0523,0.0509,0.0051,0.0095,0.0026,0.1015,0.0126,0.013,0.0021,0.0345,0.0019,0.0034,0.0451,0.0485,0.0326,0.3874,0.4199,0.8544,NA,0.129505000000003
2021-01-18,226,20,139,157,60,0.8853503184713376,0.3821656050955414,162,59,0.0954,0.0471,0.0136,0.0688,0.0602,0.0073,0.0136,0.0058,0.1512,0.0255,0.0344,0.0052,0.0458,0.0031,0,0.0729,0.0729,0.0372,0.6103,0.6475,1.2974,NA,0.142160000000003
2021-01-18,226,10,125.2,138.54444444444445,59.233333333333334,0.903681129200417,0.4275402999438608,172.5625,54.6125,0.0891,0.045,0.0109,0.0687,0.0584,0.007,0.0132,0.0064,0.1455,0.0382,0.0348,0.0101,0.0461,0.0023,0,0.0634,0.0634,0.0379,0.5796,0.6175,1.2566,NA,0.145435000000003
2021-01-18,226,5,100.17647058823528,117.52941176470588,59.35294117647059,0.8523523523523523,0.505005005005005,170.41176470588235,57.23529411764706,0.0872,0.0446,0.0123,0.0668,0.058,0.0067,0.0127,0.0065,0.1433,0.0435,0.0369,0.0122,0.0455,0.0033,0,0.0584,0.0584,0.0356,0.5802,0.6159,1.2538,NA,0.153780000000003
2021-02-18,227,80,61.44444444444444,54.111111111111114,50.888888888888886,1.135523613963039,0.9404517453798766,122.625,57.125,0.0037,0.0036,0,0.0043,0.0076,7e-4,0.0011,3e-4,0.0082,0.0013,0.0011,0,0.0025,0,9e-4,0.0054,0.0063,0.0017,0.0372,0.0388,0.0795,NA,0.090185
2021-02-18,227,70,71.75,69.57142857142857,54.67857142857143,1.0313141683778235,0.7859342915811088,125.32,56.84,0.0161,0.0129,9e-4,0.0141,0.0245,0.0027,0.006,0.0013,0.0294,0.004,0.0045,3e-4,0.0072,0,0,0.0242,0.0242,0.0069,0.1425,0.1494,0.2975,NA,0.10173
2021-02-18,227,60,81.07317073170732,85.3170731707317,55.65853658536585,0.9502572898799316,0.6523727844482562,131.0487804878049,56.225,0.0336,0.0218,0.0014,0.0253,0.0355,0.004,0.0088,0.0019,0.0602,0.0073,0.0122,7e-4,0.0118,0,0,0.0357,0.0357,0.0114,0.257,0.2684,0.5286000000000001,NA,0.110825
2021-02-18,227,50,90.71739130434784,92.15217391304348,66.15555555555555,0.9844302901627742,0.7178946816597205,128.525,56.51282051282051,0.0344,0.0216,0.0017,0.0238,0.0356,0.0046,0.0093,0.0022,0.0617,0.0075,0.0134,8e-4,0.0112,0,0,0.0369,0.0369,0.0102,0.2573,0.2675,0.5322,NA,0.10789
2021-02-18,227,40,81.8076923076923,83.61538461538461,56.03846153846154,0.9783808647654094,0.6701931922723091,143.65384615384616,74.76923076923077,0.0312,0.0189,0.0022,0.0215,0.0384,0.0042,0.0096,0.0023,0.0519,0.007,0.011,6e-4,0.0119,0,0,0.0399,0.0399,0.0097,0.2474,0.2571,0.5077,NA,0.108565
2021-02-18,227,30,92.66666666666669,96.77777777777776,56.592592592592595,0.9575200918484502,0.5847684653654803,139.4,56.48,0.0389,0.0231,0.0028,0.0274,0.0486,0.0059,0.0137,0.0038,0.0643,0.0098,0.0126,9e-4,0.015,0,0,0.0511,0.0511,0.0129,0.3133,0.3262,0.6441,NA,0.12622
2021-02-18,227,20,121.69444444444444,136.36111111111111,60,0.8924424526380118,0.44000814829904256,155.75757575757575,64.33333333333333,0.0809,0.0421,0.0091,0.0486,0.0665,0.0103,0.0255,0.0086,0.1279,0.0232,0.03,0.0027,0.0238,0,0,0.0903,0.0903,0.02,0.5767,0.5967,1.1862,NA,0.153855
2021-02-18,227,10,119.04761904761904,126.76190476190476,59.38095238095238,0.9391435011269722,0.4684447783621337,153.8,56.2,0.0957,0.0415,0.02,0.0508,0.0636,0.0094,0.0239,0.0106,0.1423,0.0461,0.0502,0.0068,0.0234,0.0024,0,0.0836,0.0836,0.0175,0.6681,0.6856,1.3559,NA,0.184275
2021-02-18,227,5,103,109.66666666666669,60.333333333333336,0.939209726443769,0.5501519756838906,136,58.333333333333336,0.0982,0.0416,0.0228,0.0546,0.0654,0.0099,0.0239,0.0113,0.1482,0.0567,0.0576,0.0095,0.0235,0.0034,0,0.0763,0.0763,0.0162,0.6983,0.7146,1.4175,NA,0.184215
2021-03-03,228,80,123.97142857142858,145.8190476190476,59.26923076923077,0.850173078179087,0.4064573986525525,168.31632653061226,66.16326530612245,0.125,0.0837,0.0198,0.0437,0.1899,0,0.0276,0.0064,0.26,0.039,0.0393,0.0036,0.0299,0,0,0.0769,0.0769,0,0.9267,0.9267,1.8715,NA,0.196622223333333
2021-03-03,228,70,149.35849056603774,174.6346153846154,62.333333333333336,0.8552628024924527,0.3569357266086701,180.33333333333337,55.52941176470589,0.1522,0.0851,0.0299,0.0499,0.196,0,0.0304,0.0068,0.3044,0.0436,0.055,0.0038,0.0275,0,0,0.0708,0.0708,0,1.0506,1.0506,2.106,NA,0.22536889
2021-03-03,228,60,162.05172413793105,201.27586206896552,73.42105263157895,0.8051224944320713,0.3647782296240859,192.47368421052633,56.357142857142854,0.1743,0.0883,0.0304,0.0536,0.3564,0,0.0349,0.0078,0.312,0.0542,0.056,0.0041,0.0275,0,0,0.0599,0.0599,0,1.3528,1.3644,2.6238,NA,0.266835556666667
2021-03-03,228,50,188.9620253164557,230.48101265822783,67.83544303797468,0.819859402460457,0.2943211775043937,207.14864864864865,62.28767123287671,0.2292,0.1238,0.0507,0.0671,0.4285,0,0.0391,0.0089,0.3976,0.0669,0.0729,0.005,0.0306,0.0033,0,0.0751,0.0751,0,1.7093,1.7233,3.322,NA,0.321733612083333
2021-03-03,228,40,217,275.5348837209302,81.42857142857143,0.787559081701553,0.29552908266615224,208.390243902439,56.65,0.2764,0.1417,0.0758,0.0811,0.4516,0,0.0443,0.0111,0.5046,0.0785,0.0971,0,0.0319,0.0032,0,0.088,0.088,0,1.9937,2.0181,3.9034,NA,0.373148334166667
2021-03-03,228,30,276.3333333333333,352.21794871794873,77.66233766233766,0.7845521057037819,0.220495116574904,255.73684210526315,439.2133333333333,0.3893,0.1369,0.1151,0.0948,0.5572,0,0.0501,0.0184,0.6636,0.1166,0.1514,0,0.0374,0.0048,0,0.0991,0.0991,0,2.5752,2.6223,5.057,NA,0.419325834166667
2021-03-03,228,20,290.8529411764706,357.030303030303,78.18181818181819,0.8146449718913199,0.21897810218978103,252.1764705882353,83.29411764705883,0.3998,0.1305,0.1278,0.0992,0.5719,0,0.0531,0.0223,0.6916,0.1479,0.1733,0,0.0404,0.0059,0,0.1121,0.1121,0,2.7382,2.7838,5.3595999999999995,NA,0.443745834166667
2021-03-03,228,10,322.2682926829268,372.3414634146341,93.17948717948718,0.8655181448971571,0.2502527822847488,261.3783783783784,57.054054054054056,0.3736,0.1211,0.1169,0.0883,0.5518,0,0.0467,0.0262,0.6213,0.2114,0.1708,0.019,0.0421,0.0078,0,0.1037,0.1037,0,2.5209,2.5749,5.0756,NA,0.441433334166667
2021-03-03,228,5,394.4055944055944,522.418439716312,278.2202857142857,0.7549610894664587,0.5325621466680371,234.71875,56.65625,0.3198,0.1157,0.1016,0.0826,0.4566,0,0.0376,0.0214,0.5735,0.2565,0.1632,0.0322,0.0403,0.0093,0,0.0825,0.0825,0,2.2386,2.2791,4.5719,NA,0.435308334166667
2021-03-04,228,80,66.375,70.025,66.8,0.9478757586576222,0.9539450196358442,111,69.48648648648648,0.0079,0.0076,0.0015,0.0062,0.0267,0.0014,0.0019,5e-4,0.0159,0.0034,0.0016,3e-4,0.0042,0,0,0.0081,0.0081,0.0024,0.0889,0.0913,0.17850000000000002,NA,0.055973335
2021-03-04,228,70,60.825,63.075,54.75,0.9643281807372176,0.868014268727705,107.5897435897436,56.38461538461539,0.0113,0.0109,0.0021,0.0083,0.0328,0.002,0.003,6e-4,0.0203,0.0043,0.0022,6e-4,0.0062,0,0,0.0123,0.0123,0.0036,0.1167,0.1204,0.2373,NA,0.057918335
2021-03-04,228,60,60.47058823529411,64,54.60606060606061,0.9448529411764706,0.853219696969697,103.59375,56.354838709677416,0.0119,0.0126,0.0027,0.0103,0.0341,0.0021,0.0034,7e-4,0.0208,0.0042,0.0021,0,0.0055,0,0,0.0169,0.0169,0.0042,0.1256,0.1298,0.2571,NA,0.058368335
2021-03-04,228,50,71.59677419354838,72.65,61.78333333333333,0.9855027418244788,0.8504244092681806,104.61818181818182,56.53703703703704,0.0135,0.0132,0.0054,0.0109,0.0323,0.0021,0.0037,7e-4,0.0217,0.0045,0.0019,0,0.0054,0,0,0.0183,0.0183,0.0039,0.1259,0.1298,0.2634,NA,0.060698335
2021-03-04,228,40,68.6470588235294,71.58823529411765,53.88235294117647,0.9589153656532456,0.752670501232539,110.41176470588236,56.1764705882353,0.0667,0.0556,0.0102,0.02,0.203,0.0051,0.0118,0.0024,0.0522,0.0184,0.0043,0.001,0.0127,0,0.0024,0.039,0.0414,0.0089,0.5203,0.5292,1.034,NA,0.113918335
2021-03-04,228,30,104,123,60.5,0.8455284552845529,0.491869918699187,129,56,0.2436,0.1928,0.0233,0.0423,0.6566,0.013,0.0311,0.0054,0.2141,0.0557,0.02,0.0036,0.0289,0,0.0085,0.0933,0.1018,0,1.682,1.682,3.3142,NA,0.236323335
2021-03-04,228,20,267.72549019607845,329,87,0.8137552893497826,0.26443768996960487,224.68085106382975,56.95744680851064,0.3418,0.2321,0.0406,0.0632,0.788,0.0191,0.0429,0.0097,0.374,0.0781,0.0418,0.0055,0.0328,0.0032,0.0082,0.114,0.1222,0,2.1691,2.1691,4.3641,NA,0.356253335
2021-03-04,228,10,368.4827586206897,453.13793103448273,88.03448275862068,0.8131801232782894,0.1942774522486873,244.8846153846154,56.76923076923077,0.5114,0.2443,0.0684,0.0858,0.9531,0.0297,0.0543,0.0226,0.6334,0.1712,0.1341,0.0115,0.0452,0.0062,0,0.1718,0.1718,0,3.0403,3.1494,6.2924,NA,0.531772779833333
2021-03-04,228,5,350.81481481481484,437.48148148148147,85.38461538461539,0.8018963765662039,0.19517309645992345,254.83333333333337,54.625,0.4963,0.2146,0.0716,0.0812,0.9351,0.0275,0.048,0.0269,0.64,0.2254,0.1549,0.0194,0.0492,0.0092,0,0.1618,0.1618,0,3.1349,3.2237,6.3848,NA,0.532944446666667
2021-04-07,229,80,54.10526315789474,57.89473684210526,54,0.9345454545454548,0.9327272727272728,98.22727272727272,56.40909090909091,0.0065,0.0082,0.0012,0.0101,0.0202,0.001,0.0021,3e-4,0.011,0.0021,0.0011,0,0.0068,0,0,0.0112,0.0112,0,0.0749,0.0749,0.1567,NA,NA
2021-04-07,229,70,61.75,66.70833333333333,54.08695652173913,0.9256714553404124,0.810797599326508,98.04761904761904,56.333333333333336,0.0141,0.0164,8e-4,0.0252,0.0247,0.0025,0.0055,6e-4,0.0224,0.0033,0.0026,0,0.011,0,0,0.0214,0.0214,0,0.137,0.137,0.28750000000000003,NA,NA
2021-04-07,229,60,82.24528301886792,93.98113207547168,64.0754716981132,0.8751254768118852,0.6817908050592251,101.03921568627452,56.1,0.0286,0.0248,0.0014,0.0403,0.031,0.0049,0.0113,0.0014,0.0352,0.0047,0.0074,0,0.0176,0,0,0.0417,0.0417,0,0.2343,0.2343,0.4846,NA,NA
2021-04-07,229,50,97.20588235294116,116.63636363636364,58.54545454545455,0.8334097473751776,0.5019485580670304,126.41935483870968,71.35483870967742,0.0462,0.0338,0,0.0709,0.0285,0.0108,0.0281,0.0039,0.0488,0.0067,0.0136,0,0.0778,0,0,0.0942,0.0942,0,0.4994,0.4994,0.9627,NA,NA
2021-04-07,229,40,119.42592592592592,158.88888888888889,83.27777777777777,0.7516317016317017,0.5241258741258741,164.66666666666666,56.06,0.0532,0.027,0,0.0456,0.0298,0.0074,0.0199,0.0058,0.0743,0.009,0.0219,9e-4,0.2997,0,0,0.06,0.06,0,0.7668,0.7668,1.4213,NA,NA
2021-04-07,229,30,109.94642857142856,142.42857142857142,64.63636363636364,0.7719408224674023,0.4538159934348501,186.21153846153845,65.47058823529412,0.0574,0.0228,0,0.0385,0.03,0.006,0.0149,0.0052,0.0647,0.012,0.0352,0.0019,0.3435,0,0,0.0449,0.0449,0,0.7694,0.7694,1.4464,NA,NA
2021-04-07,229,20,108.67164179104478,137.8507462686567,72.06060606060606,0.7883282806409702,0.5227436775726079,180.734375,56.1875,0.0565,0.019,0,0.033,0.0259,0.0051,0.0137,0.0041,0.0563,0.0146,0.0416,0.0024,0.3562,0,0,0.0397,0.0397,0,0.7625,0.767,1.4351,NA,NA
2021-04-07,229,10,95.44186046511628,114.71428571428572,73.14285714285714,0.8319962929711258,0.6376089663760897,187.4,55.975,0.0525,0.016,0,0.0332,0.023,0.005,0.0117,0.0023,0.0528,0.0241,0.0477,0.0067,0.329,0,0,0.0372,0.0372,0,0.7186,0.7239,1.3651,NA,NA
2021-04-07,229,5,73.625,90,60.5,0.8180555555555555,0.6722222222222223,189.4,89.57142857142857,0.0457,0.0142,0,0.0277,0.0174,0.0046,0.0092,0.0012,0.0446,0.0201,0.0415,0.0076,0.3,0.0034,0,0.0285,0.0285,0,0.6564,0.6564,1.2221,NA,NA
2021-05-14,230,80,57.666666666666664,50.333333333333336,53.333333333333336,1.1456953642384105,1.0596026490066226,88.5,56,0.0016,0.0023,0,0.0035,0.0059,0,0,0,0.0018,4e-4,0,0,7e-4,0,0,7e-4,7e-4,0,0.0146,0.0146,0.0315,NA,0.059045
2021-05-14,230,70,62,52.5,53.5,1.180952380952381,1.019047619047619,88,55.5,0.0086,0.0111,0,0.0169,0.0234,0,5e-4,0,0.0077,0.0018,6e-4,0,0.0012,0,0,0.0022,0.0022,0,0.0649,0.0649,0.1389,NA,0.06162
2021-05-14,230,60,71.3,71.45,55.95,0.9979006298110566,0.7830650804758572,93.05263157894736,57.05555555555556,0.0224,0.0272,0,0.0433,0.0422,0.001,0.0016,5e-4,0.0234,0.0042,0.001,0,0.0022,0,0,0.0071,0.0071,0,0.1536,0.1536,0.3297,NA,0.07152
2021-05-14,230,50,113.13333333333334,128.13333333333333,59.53333333333333,0.8829344432882416,0.46462018730489074,138.07692307692307,92.92307692307692,0.0641,0.0784,0,0.0743,0.1582,0.0022,0.0042,0.0012,0.0652,0.0116,0,0,0.0089,0,0,0.0181,0.0181,0,0.4384,0.4384,0.9248,NA,0.14634
2021-05-14,230,40,239,299,72,0.7993311036789298,0.2408026755852843,172,56,0.3195,0.2079,0.0172,0.0654,0.7221,0,0.0157,0.0029,0.4431,0.0566,0.0149,0,0.0555,0,0,0.0387,0.0387,0,1.6704,1.7032,3.6627,NA,0.395505
2021-05-14,230,30,254.5,316.61538461538464,77.15384615384616,0.8038143828960155,0.2436831875607386,198.53846153846155,57.38461538461539,0.2245,0.1326,0.0129,0.0674,0.5239,0,0.0061,0.0029,0.31,0.0736,0.0126,0.0139,0.09,0.0021,0.0018,0.0177,0.0195,0,1.2163,1.2401,2.7321,NA,0.38864
2021-05-14,230,20,86.72727272727273,89.0909090909091,55.18181818181818,0.973469387755102,0.6193877551020408,161.4,54.4,0.0558,0.0295,0.0058,0.0264,0.0899,0,0.0016,0.0015,0.099,0.0373,0.0071,0.006,0.0315,0.0012,0,0.0087,0.0087,0,0.3525,0.366,0.7673,NA,0.262605
2021-05-14,230,10,75.05882352941177,76.29411764705883,55.588235294117645,0.9838087895142636,0.7286044718581342,159.875,56.9375,0.022,0.0109,0.0028,0.0139,0.0252,9e-4,7e-4,0.001,0.0529,0.0291,0.0049,0.0047,0.0194,9e-4,0,0.0053,0.0053,0,0.1826,0.187,0.3816,NA,0.241955
2021-05-14,230,5,86.95454545454545,87.36363636363636,77.36363636363636,0.9953173777315296,0.8855359001040582,145.8,56.6,0.0215,0.0102,0.0026,0.0134,0.0225,0,0.001,0.001,0.0531,0.0302,0.0071,0.0056,0.0202,8e-4,0,0.0049,0.0049,0,0.1846,0.1888,0.3829,NA,0.24265
2021-06-11,231,80,140.8,157.6,151.4,0.8934010152284265,0.9606598984771574,103.6,55.4,0.0076,0.0133,0,0.0183,0.0162,0,0,0,0.0233,0.002,0,0,5e-4,0,0,0.0033,0.0033,0,0.0659,0.0659,0.1504,NA,999.9944
2021-06-11,231,70,83.42307692307692,92.96153846153848,74.56,0.8973934629706246,0.8020521307405875,106.5,56.07692307692308,0.0207,0.0272,0.0011,0.0451,0.0338,0,0.001,0,0.0371,0.0042,0,0,0.001,0,0.0011,0.0063,0.0073,0,0.1357,0.1357,0.3142,NA,999.9944
2021-06-11,231,60,93,101.33333333333331,57.333333333333336,0.9177631578947368,0.5657894736842106,122.66666666666669,55,0.0465,0.0523,0.0024,0.0567,0.112,0.0012,0.0029,0.0023,0.0512,0.0082,0.0042,0,0.0023,0,0,0.0139,0.0139,0,0.2945,0.2945,0.6506,NA,999.9944
2021-06-11,231,50,291.6666666666667,364,76.33333333333333,0.8012820512820513,0.20970695970695968,183.66666666666663,56.333333333333336,0.2903,0.2368,0.0096,0.2538,0.3621,0.0174,0.0272,0.0094,0.4723,0.0478,0.0448,0,0.0384,0.0048,0,0.1593,0.1593,0,1.6303,1.6303,3.6043,NA,999.9944
2021-06-11,231,40,177,214,66.25,0.8271028037383178,0.30957943925233644,188.7391304347826,57.869565217391305,0.121,0.0685,0.0083,0.0927,0.0533,0.0074,0.0073,0.0106,0.2497,0.0277,0.0252,0.0027,0.105,0.0035,0,0.072,0.072,0,0.7231,0.7231,1.578,NA,999.9944
2021-06-11,231,30,75.86666666666666,76.06666666666666,55.8,0.9973707274320772,0.733567046450482,164.71428571428572,56.214285714285715,0.0222,0.0109,0.0044,0.0128,0.022,0.0024,0,0.0047,0.0526,0.0134,0.0056,0.0024,0.088,0.0031,0,0.0233,0.0233,0,0.2491,0.2491,0.5169,NA,999.9944
2021-06-11,231,20,118.57142857142856,125,123.28571428571428,0.9485714285714284,0.9862857142857144,163.16666666666666,55,0.0121,0.0044,0.0049,0.0048,0.0158,0.0013,0,0.0019,0.0298,0.0169,0.0011,0.0036,0.0422,0.0019,8e-4,0.0132,0.014,0,0.1369,0.1369,0.29159999999999997,NA,999.9944
2021-06-11,231,10,57.75,55.285714285714285,53.7037037037037,1.0445736434108528,0.9713848215140204,146.53846153846155,51.96153846153846,0.0101,0.0039,0.0035,0.0042,0.0094,9e-4,0,0.0013,0.0302,0.0183,8e-4,0.0047,0.022,0.001,0,0.0079,0.0079,0,0.1048,0.1048,0.223,NA,999.9944
2021-06-11,231,5,56,53.13333333333333,54.2,1.053952321204517,1.0200752823086576,151.5,50.125,0.0095,0.0038,0.003,0.0047,0.0064,0,0,7e-4,0.0306,0.0205,0.0016,0.0087,0.0144,6e-4,0,0.0038,0.0038,0,0.0991,0.0991,0.2074,NA,999.9944
2021-07-12,232,80,51.65384615384615,51.80769230769231,54.76923076923077,0.9970304380103936,1.0571640682999257,94.73076923076924,56.23076923076923,0.014,0.0202,0,0.0325,0.0295,0,0,8e-4,0.024,0.0031,0,0,0.0013,0,8e-4,0.0064,0.0072,0,0.1073,0.1073,0.2399,NA,0.0832233333333333
2021-07-12,232,70,59.5945945945946,64.43243243243244,54.08108108108108,0.9249161073825504,0.8393456375838926,115.24324324324324,55.86486486486486,0.0177,0.0293,0.0012,0.039,0.0335,9e-4,0.0016,0.001,0.0473,0.0045,0,0,0.0019,0,0.0013,0.0095,0.0108,0,0.1425,0.1425,0.3312,NA,0.09106
2021-07-12,232,60,68.92753623188406,78.3768115942029,55.6231884057971,0.8794378698224852,0.709689349112426,130.81159420289856,55.91304347826087,0.0377,0.051,0.0048,0.0502,0.0832,0.0035,0.0048,0.0019,0.0781,0.0082,0.0026,0,0.0066,0,0.0044,0.0295,0.0339,0.0079,0.2911,0.2991,0.6656,NA,0.115226666666667
2021-07-12,232,50,103.33333333333331,132,60,0.7828282828282828,0.4545454545454546,156,55.666666666666664,0.0979,0.1046,0.0224,0.058,0.1943,0.0076,0.012,0.0045,0.138,0.0171,0.0071,0,0.0163,0.0016,0.0165,0.0705,0.087,0.0145,0.6107,0.6252,1.3936,NA,0.237053333333333
2021-07-12,232,40,294.11538461538464,402.7564102564103,79.46153846153847,0.7302562470157569,0.19729428616902753,208.25641025641025,56.57692307692308,0.4304,0.4139,0.0464,0.273,0.2208,0.0411,0.054,0.017,1.3929,0.0899,0,0,0.0956,0,0.0406,0.3901,0.4307,0,2.6844,2.6844,6.1901,NA,0.447133333333333
2021-07-12,232,30,246.9111111111111,322.75555555555553,72.66666666666667,0.7650096392178464,0.22514458826769487,216,57.04444444444445,0.1072,0.0694,0.0332,0.081,0.0416,0.0077,0.0058,0.0085,0.2907,0.0414,0.0093,0.004,0.1005,0.0083,0,0.0806,0.0806,0,0.7348,0.7348,1.624,NA,0.406593333333333
2021-07-12,232,20,103.05479452054794,118.32876712328768,57.58904109589041,0.8709191942579301,0.4866867330400555,185.05479452054792,56.52054794520548,0.0424,0.0184,0.0248,0.0294,0.0166,0.0044,0,0.0052,0.0964,0.0363,0.0044,0.0053,0.0338,0.0056,0,0.0378,0.0378,0,0.3329,0.3329,0.6937,NA,0.281613333333333
2021-07-12,232,10,62,64.84905660377359,53.83018867924528,0.956066336921734,0.8300843759092231,155.54716981132074,53.283018867924525,0.012,0.0047,0.0056,0.009,0.0082,0.0019,0,0.002,0.0313,0.0214,0,0.0058,0.0173,0.0032,0,0.0164,0.0164,0,0.1256,0.1256,0.26439999999999997,NA,0.19314
2021-07-12,232,5,59.18421052631579,56.10526315789474,53.171052631578945,1.0548780487804876,0.947701688555347,135.48684210526315,50.421052631578945,0.01,0.0033,0.0063,0.0077,0.0047,8e-4,0,0.0012,0.0267,0.0225,0,0.0082,0.0159,0.0015,0,0.0067,0.0067,0,0.1023,0.1023,0.2178,NA,0.164311666666667
2021-08-18,233,80,81.6078431372549,89.03921568627452,81.80392156862744,0.9165382074432944,0.9187403655582468,131.28571428571428,74.6938775510204,0.0128,0.0216,0,0.0186,0.0391,0,0,0,0.0292,0.003,0.0014,0,0,0,0,0.0027,0.0027,0,0.0962,0.0962,0.2246,NA,0.0828633333333333
2021-08-18,233,70,62.666666666666664,70,55.333333333333336,0.8952380952380952,0.7904761904761906,126,55.333333333333336,0.0256,0.0402,0.0015,0.0318,0.076,0,0,0,0.0523,0.0055,0,0,0,0,0,0.0075,0.0075,0,0.1855,0.1855,0.4259,NA,0.0942633333333333
2021-08-18,233,60,77.89473684210526,89.89473684210526,54.71052631578947,0.8665105386416861,0.6086065573770492,137.94594594594594,54.62162162162162,0.049,0.0651,0.0035,0.0406,0.1269,0,0,0.0014,0.085,0.009,0,0,0,0,0.0023,0.0128,0.0151,0,0.3029,0.3029,0.6985,NA,0.119993333333333
2021-08-18,233,50,128.73684210526315,162.73684210526315,62.63157894736842,0.7910737386804657,0.3848641655886158,179.72222222222223,86.88235294117646,0.1162,0.1232,0.0212,0.0682,0.2635,0.0107,0,0.0042,0.1666,0.0201,0.0103,0,0.009,0,0.0098,0.0794,0.0893,0,0.7241,0.7241,1.6266,NA,0.183416666666667
2021-08-18,233,40,202.33333333333337,269.5416666666667,70.69565217391305,0.7506569794404081,0.26228097884895857,203.8571428571429,58.666666666666664,0.1713,0.1941,0.0366,0.1179,0.1025,0.0223,0.0236,0.0086,0.6147,0.0384,0.0146,0,0.1057,0.0125,0.0525,0.2276,0.2801,0.1013,1.3025,1.4037,3.1466,NA,0.313966666666667
2021-08-18,233,30,245.6764705882353,320.2352941176471,74.55882352941177,0.7671748714180749,0.23282512858192503,237.9032258064516,56.903225806451616,0.1882,0.1349,0.0517,0.1222,0.0734,0.0124,0.0135,0.0096,0.5526,0.0502,0.0199,0,0.1659,0.0139,0.0154,0.1702,0.1855,0.1022,1.1716,1.2738,2.8677,NA,0.26744
2021-08-18,233,20,100.1,114.9,57.36666666666667,0.8711923411662315,0.49927473165071073,186.55555555555551,72.48148148148148,0.0619,0.0392,0.0223,0.0448,0.0244,0.0052,0.0041,0.0048,0.1663,0.0251,0.007,0,0.0786,0.005,0,0.0581,0.0581,0.0316,0.4042,0.4358,0.9826,NA,0.178213333333333
2021-08-18,233,10,58.72727272727273,66.54545454545455,53,0.8825136612021858,0.7964480874316939,132.44444444444446,51.44444444444444,0.0097,0.0038,0.0055,0.007,0.0044,0.0012,0,0.0019,0.0255,0.0144,0,0.0025,0.0262,0.0023,0,0.0131,0.0131,0,0.1076,0.1076,0.2251,NA,0.14486
2021-08-18,233,5,58.42622950819672,55.885245901639344,54.10344827586207,1.0454678791434435,0.9681168509321167,123.41379310344828,52.089285714285715,0.0087,0.0026,0.0065,0.0059,0.0037,9e-4,0,0.0015,0.024,0.0178,0,0.0039,0.0202,0.0019,0,0.008,0.008,0,0.0948,0.0948,0.2004,NA,0.137423333333333
2021-09-14,234,80,59.03174603174603,58.38095238095238,61.74193548387097,1.011147362697118,1.0575698573909382,94.2622950819672,55.81666666666667,0.0037,0.0069,0,0.0074,0.0091,0,0,0,0.0181,0.0012,0,0,0,0,0,0.0015,0.0015,0,0.0383,0.0383,0.0862,NA,0.080955
2021-09-14,234,70,68,77.5,53.5,0.8774193548387097,0.6903225806451613,113,54.5,0.0149,0.0226,0.002,0.0324,0.039,0.0013,0.0015,8e-4,0.0359,0.0039,0,0,0.0011,0,0.0011,0.0122,0.0133,0,0.1376,0.1376,0.3063,NA,0.105965
2021-09-14,234,60,89.65789473684211,102.28947368421052,57.13513513513514,0.876511448417803,0.5585631940146991,122.71875,55.46875,0.0525,0.0656,0.0083,0.0632,0.1202,0.0071,0.0079,0.0039,0.1219,0.0119,0.0045,0,0.0062,0,0.0079,0.0567,0.0645,0,0.4371,0.4371,0.9748,NA,0.14147
2021-09-14,234,50,144.25,179.375,61,0.8041811846689896,0.3400696864111498,129.77777777777777,55.111111111111114,0.0773,0.0881,0.0124,0.0751,0.1243,0.0163,0.0162,0.0057,0.2327,0.0163,0.0069,0,0.0229,0,0.0373,0.1325,0.1698,0.0513,0.6503,0.7017,1.5657,NA,0.16961
2021-09-14,234,40,158.93939393939394,198,70.56923076923077,0.8027242118151209,0.3564102564102564,139.5806451612903,64.03333333333333,0.1075,0.1043,0.0178,0.0953,0.0552,0.0095,0.0099,0.0039,0.3966,0.0224,0.0087,0,0.0761,0,0.0365,0.1105,0.147,0.0896,0.7763,0.866,1.9202,NA,0.234615
2021-09-14,234,30,130.27272727272728,144.5952380952381,71.4047619047619,0.900947562235229,0.4938251276140293,155.77777777777777,58.111111111111114,0.038,0.0253,0.0129,0.0307,0.0155,0.0026,0.0014,0.0029,0.1265,0.0123,0.0035,0,0.0692,0.0027,0.0029,0.0413,0.0441,0.0385,0.2868,0.3253,0.7129,NA,0.183515
2021-09-14,234,20,77.45833333333333,83.05208333333333,59.62765957446808,0.9326476859400477,0.7179550130627037,162.98901098901098,55.1978021978022,0.0201,0.0105,0.0057,0.0168,0.0086,0.0022,7e-4,0.0031,0.0654,0.011,0.0044,7e-4,0.0472,0.0019,0,0.0213,0.0213,0.016,0.1855,0.2015,0.4211,NA,0.171455
2021-09-14,234,10,65.53225806451613,70.64406779661017,55.23728813559322,0.9276399294161352,0.7819097888675623,149.33928571428572,55.75,0.0116,0.0051,0.0038,0.01,0.0057,0.0016,0,0.0021,0.04,0.0113,0.0012,8e-4,0.0344,0.0016,0,0.0127,0.0127,0.0078,0.1249,0.1327,0.2746,NA,0.142585
2021-09-14,234,5,61.888888888888886,61.87323943661972,53.69565217391305,1.0002529276374028,0.8678332129177843,130.52173913043478,53.833333333333336,0.0113,0.0038,0.0068,0.0087,0.0054,0.0012,0,0.0019,0.0332,0.0149,0,0.0011,0.031,0.0014,0,0.0093,0.0093,0.0061,0.1177,0.1238,0.25379999999999997,NA,0.144375
2021-10-12,235,80,85.67924528301887,102.8867924528302,55.13207547169811,0.8327526132404182,0.5358518246836603,128.44897959183675,55.08163265306123,0.0835,0.0851,0.0103,0.087,0.0855,0.0128,0.0133,0.0054,0.1839,0.0148,0.0117,0,0.0664,0,0.1278,0.1281,0.2559,0.1359,0.5895,0.7254,1.641,NA,0.100666666666667
2021-10-12,235,70,110.25,136,57.35,0.8106617647058824,0.42169117647058824,145.0952380952381,55.23809523809524,0.0658,0.0779,0.0072,0.0838,0.1046,0.0083,0.011,0.0045,0.109,0.0114,0.006,0,0.0379,0,0.1573,0.0931,0.2503,0.1237,0.4543,0.578,1.3557,NA,0.123243333333333
2021-10-12,235,60,126.875,156.25,56.42857142857143,0.812,0.3611428571428571,144.25,56.25,0.0803,0.0775,0.0096,0.0837,0.0836,0.0114,0.0127,0.0051,0.178,0.0149,0.0113,0,0.0618,0,0.1086,0.1141,0.2228,0.1332,0.5691,0.7023,1.555,NA,0.14085
2021-10-12,235,50,117.14754098360656,143.6,66.83333333333333,0.8157906753733047,0.46541318477251625,144.24561403508773,55.767857142857146,0.0785,0.0661,0.0141,0.0662,0.0324,0.0075,0.0057,0.0044,0.2184,0.0154,0.0123,0,0.0961,0,0.0514,0.1203,0.1717,0.1238,0.5348,0.6586,1.4474,NA,0.157643333333333
2021-10-12,235,40,105.16949152542372,125.2542372881356,58.72413793103448,0.8396481732070364,0.4688395315197611,149.07142857142858,64.58181818181818,0.0657,0.0444,0.023,0.0532,0.0214,0.0045,0.0025,0.0034,0.1752,0.0147,0.0129,0,0.0947,0,0.0187,0.0994,0.1181,0.1027,0.4555,0.5581,1.1918,NA,0.16235
2021-10-12,235,30,83.26666666666667,89.93333333333334,54.93333333333333,0.9258710155670868,0.6108228317272053,143.78571428571428,55.214285714285715,0.029,0.0153,0.0065,0.0251,0.0113,0.0025,8e-4,0.0031,0.0704,0.009,0.0058,8e-4,0.065,0.0027,0.0046,0.0411,0.0457,0.0468,0.2306,0.2774,0.5704,NA,0.148406666666667
2021-10-12,235,20,71.515625,71.75,55.078125,0.996733449477352,0.7676393728222997,140.66129032258064,54.306451612903224,0.0191,0.0098,0.0037,0.0163,0.0091,0.0016,7e-4,0.003,0.0535,0.0107,0.0027,0.0011,0.0595,0.0025,0.0021,0.0261,0.0282,0.0324,0.1786,0.211,0.4325,NA,0.14917
2021-10-12,235,10,76.37142857142857,79.32857142857142,67.5,0.9627228525121556,0.8508914100486225,149.13636363636363,75.56060606060606,0.0161,0.0084,0.0034,0.0153,0.0086,0.0017,6e-4,0.0024,0.0521,0.0167,0.0029,0,0.0489,0.0028,0.0014,0.0186,0.02,0.0258,0.1782,0.2041,0.404,NA,0.153093333333333
2021-10-12,235,5,57,60.166666666666664,54.416666666666664,0.9473684210526316,0.9044321329639888,107.75,54.54545454545455,0.0149,0.007,0.0051,0.0142,0.0071,0.0011,5e-4,0.0016,0.0473,0.0217,0.0039,0.0054,0.0434,0.002,0.0014,0.012,0.0134,0.0203,0.1708,0.1911,0.3797,NA,0.14945
