strain,replicate,sampling_date,time,chla_conc_spectro,dilution,440nm_max,470nm_max,532nm_max,440nm_mean,470nm_mean,532nm_mean,numb_events,dilution_cyto,facteur dilution,flow_rate(ÂµL/min),number_cells,filtered_volume,diameter,replicate_number,gain,F0,Fmd,Fm,Fv/Fm,f0_440,f0_480,f0_540,f0_590,f0_625,cruise_or_project,sample_code,culture,filtered_vol_l,chlorophyll_c3,chlc3_qa,mg_dvp,mg_dvp_qa,chlorophyll_c1_c2_mg_dvp,chlc2_qa,sum_chlorophyllid_a,chlda_qa,peridinin,peri_qa,sum_phaeophorbid_a,phda_qa,x19_butanoyloxyfucoxanthin,but_qa,fucoxanthin,fuco_qa,diadinoxanthin,diadino_qa,diatoxanthin,diato_qa,zeaxanthin,zea_qa,bacteriochlorophyll_a,bchla_qa,divinyl_chlorophyll_b,dv_chlb_qa,chlorophyll_b,chlb_qa,t_chlb,t_chlb_qa,divinyl_chlorophyll_a,dv_chla_qa,chlorophyll_a,chla_qa,total_chlorophyll_a,tchla_qa,sum_phaeophytin_a,phytna_qa,a_carotene,a_car_qa,b_carotene,b_car_qa,sum_carotenes,tcar_qa
RCC2379,A,2020-10-28T00:00:00Z,1899-12-31T14:45:00Z,49.28,Cmere,NA,NA,NA,NA,NA,NA,8539,0.01,100,34.13333333333333,25016601.5625,NA,NA,NA,14,1094,"NA",2694,0.5939123979213066,424,645,1094,575,531,MANIP_EFFICACY_FPETIT2020,RCC2379_A_DM,Synechococcus sp.,0.01,0,1,0,1,0,1,0,1,0,1,0,1,0,1,0,1,0,1,0,1,41.1638,1,0.142,1,0,1,0,1,0,1,0,1,54.1814,1,54.1814,1,0,1,0,1,5.0659,1,5.0659,1
RCC2379,A,2020-10-28T00:00:00Z,1899-12-31T14:45:00Z,27.266000000000005,1,207,303,158,200.642857142857,298.007142857142,152.192857142857,8643,0.1,10,34.13333333333333,2532128.90625,NA,NA,NA,18,1448,"NA",2306,0.3720728534258456,724,721,1448,1570,1448,NA,NA,NA,NA,NA,NA,NA,NA,NA,NA,NA,NA,NA,NA,NA,NA,NA,NA,NA,NA,NA,NA,NA,NA,NA,NA,NA,NA,NA,NA,NA,NA,NA,NA,NA,NA,NA,NA,NA,NA,NA,NA,NA,NA,NA,NA,NA,NA
RCC2379,A,2020-10-28T00:00:00Z,1899-12-31T15:12:00Z,5.453200000000001,2,186,135,121,179.673611111111,130.715277777777,116.805555555555,18164,"NA",1,34.13333333333333,532148.4375,NA,NA,NA,18,1033,"NA",1221,0.15397215397215397,568,462,1033,1403,1248,MANIP_EFFICACY_FPETIT2020,RCC2379_A_D2,Synechococcus sp.,0.99503,0,1,0,1,0,1,0,1,0,1,0,1,0,1,0,1,0,1,0,1,0.8242,1,0.0042,1,0,1,0,1,0,1,0,1,1.0939,1,1.0939,1,0,1,0,1,0.1015,1,0.1015,1
RCC2379,A,2020-10-28T00:00:00Z,1899-12-31T15:43:00Z,1.3633000000000002,3,146,104,298,140.435714285714,91.2571428571428,134.246428571428,8854,"NA",1,34.13333333333333,259394.53125,NA,NA,NA,18,1004,"NA",1071,0.06255835667600373,567,439,1004,1412,1286,NA,NA,NA,NA,NA,NA,NA,NA,NA,NA,NA,NA,NA,NA,NA,NA,NA,NA,NA,NA,NA,NA,NA,NA,NA,NA,NA,NA,NA,NA,NA,NA,NA,NA,NA,NA,NA,NA,NA,NA,NA,NA,NA,NA,NA,NA,NA,NA
RCC2379,A,2020-10-28T00:00:00Z,1899-12-31T16:14:00Z,0.2723876123876124,4,440,470,532,110.747292418772,73.2815884476534,70.4657039711191,908,"NA",1,34.13333333333333,26601.5625,NA,NA,NA,18,952,"NA",950,-0.002105263157894737,549,411,952,1396,1236,MANIP_EFFICACY_FPETIT2020,RCC2379_A_D4,Synechococcus sp.,0.99503,0,1,0,1,0.008,1,0,1,0,1,0,1,0,1,0.0505,1,0.0058,1,0,1,0.0419,1,0,1,0,1,0,1,0,1,0,1,0.1354,1,0.1354,1,0,1,0,1,0.0062,1,0.0062,1
RCC2379,A,2020-10-28T00:00:00Z,1899-12-31T16:44:00Z,0.13626186906546728,5,159,82,78,153.612676056338,77.9014084507042,74.0985915492957,875,"NA",1,34.13333333333333,25634.765625,NA,NA,NA,18,962,"NA",951,-0.011566771819137749,555,415,962,1401,1214,NA,NA,NA,NA,NA,NA,NA,NA,NA,NA,NA,NA,NA,NA,NA,NA,NA,NA,NA,NA,NA,NA,NA,NA,NA,NA,NA,NA,NA,NA,NA,NA,NA,NA,NA,NA,NA,NA,NA,NA,NA,NA,NA,NA,NA,NA,NA,NA
RCC2379,B,2020-10-30T00:00:00Z,1899-12-31T14:18:00Z,37.91,Cmere,NA,NA,NA,NA,NA,NA,7244,0.01,100,34.13333333333333,21222656.25,NA,NA,NA,15,1534,"NA",3656,0.5804157549234136,601,897,1534,813,747,MANIP_EFFICACY_FPETIT2020,RCC2379_B_DM,Synechococcus sp.,0.03,0,1,0,1,0,1,0,1,0,1,0,1,0,1,0,1,0,1,0,1,12.7559,1,0.0553,1,0,1,0,1,0,1,0,1,16.8984,1,16.8984,1,0,1,0,1,1.5751,1,1.5751,1
RCC2379,B,2020-10-30T00:00:00Z,1899-12-31T14:18:00Z,5.686656000000001,1,182,341,153,177.079754601227,335.21472392638,146.926380368098,11723,0.1,10,34.13333333333333,3434472.65625,NA,NA,NA,18,1556,"NA",2665,0.41613508442776737,755,798,1556,1540,1374,NA,NA,NA,NA,NA,NA,NA,NA,NA,NA,NA,NA,NA,NA,NA,NA,NA,NA,NA,NA,NA,NA,NA,NA,NA,NA,NA,NA,NA,NA,NA,NA,NA,NA,NA,NA,NA,NA,NA,NA,NA,NA,NA,NA,NA,NA,NA,NA
RCC2379,B,2020-10-30T00:00:00Z,1899-12-31T14:42:00Z,1.1373312000000002,2,110,124,89,105.994413407821,117.418994413407,83.340782122905,23588,"NA",1,34.13333333333333,691054.6875,NA,NA,NA,18,1094,"NA",1319,0.17058377558756635,604,506,1094,1436,1299,MANIP_EFFICACY_FPETIT2020,RCC2379_B_D2,Synechococcus sp.,0.99503,0,1,0,1,0,1,0,1,0,1,0,1,0,1,0,1,0,1,0,1,1.1312,1,0.0049,1,0,1,0,1,0,1,0,1,1.521,1,1.521,1,0,1,0,1,0.1429,1,0.1429,1
RCC2379,B,2020-10-30T00:00:00Z,1899-12-31T14:59:00Z,0.37911040000000007,3,85,88,76,80.8741721854304,82.3178807947019,71.2251655629139,8575,"NA",1,34.13333333333333,251220.703125,NA,NA,NA,18,983,"NA",1053,0.06647673314339982,561,433,983,1371,1221,NA,NA,NA,NA,NA,NA,NA,NA,NA,NA,NA,NA,NA,NA,NA,NA,NA,NA,NA,NA,NA,NA,NA,NA,NA,NA,NA,NA,NA,NA,NA,NA,NA,NA,NA,NA,NA,NA,NA,NA,NA,NA,NA,NA,NA,NA,NA,NA
RCC2379,B,2020-10-30T00:00:00Z,1899-12-31T15:18:00Z,0.18955520000000003,4,85,77,75,79.6666666666666,71.2559523809523,69.9880952380952,770,"NA",1,34.13333333333333,22558.59375,NA,NA,NA,18,975,"NA",564,-0.7287234042553191,567,427,975,1387,1201,NA,NA,NA,NA,NA,NA,NA,NA,NA,NA,NA,NA,NA,NA,NA,NA,NA,NA,NA,NA,NA,NA,NA,NA,NA,NA,NA,NA,NA,NA,NA,NA,NA,NA,NA,NA,NA,NA,NA,NA,NA,NA,NA,NA,NA,NA,NA,NA
RCC2379,B,2020-10-30T00:00:00Z,1899-12-31T15:35:00Z,0.03787316683316684,5,88,65,72,81.358024691358,60.0308641975308,67.2777777777777,3954,"NA",1,34.13333333333333,115839.84375,NA,NA,NA,18,940,"NA",915,-0.0273224043715847,551,413,940,1359,1255,NA,NA,NA,NA,NA,NA,NA,NA,NA,NA,NA,NA,NA,NA,NA,NA,NA,NA,NA,NA,NA,NA,NA,NA,NA,NA,NA,NA,NA,NA,NA,NA,NA,NA,NA,NA,NA,NA,NA,NA,NA,NA,NA,NA,NA,NA,NA,NA
RCC2379,C,2020-11-02T00:00:00Z,1899-12-31T17:02:00Z,57.96,Cmere,NA,NA,NA,NA,NA,NA,10920,0.01,100,34.13333333333333,31992187.5,NA,NA,NA,14,1354,1543,3185,0.5748822605965463,495,811,1354,629,573,MANIP_EFFICACY_FPETIT2020,RCC2379_C_DM,Synechococcus sp.,0.03,0,1,0,1,0,1,0,1,0,1,0,1,0,1,0,1,0,1,0,1,48.9669,1,0.2295,1,0,1,0,1,0,1,0,1,67.0711,1,67.0711,1,0,1,0,1,6.2349,1,6.2349,1
RCC2379,C,2020-11-02T00:00:00Z,1899-12-31T17:02:00Z,5.217177600000001,1,170,304,145,165.224242424242,296.975757575757,140.466666666666,10078,0.1,10,34.13333333333333,2952539.0625,NA,NA,NA,17,981,1048,1514,0.3520475561426684,491,496,981,1018,905,NA,NA,NA,NA,NA,NA,NA,NA,NA,NA,NA,NA,NA,NA,NA,NA,NA,NA,NA,NA,NA,NA,NA,NA,NA,NA,NA,NA,NA,NA,NA,NA,NA,NA,NA,NA,NA,NA,NA,NA,NA,NA,NA,NA,NA,NA,NA,NA
RCC2379,C,2020-11-02T00:00:00Z,1899-12-31T17:26:00Z,1.1593728,2,102,146,88,97.0116959064327,139.432748538011,83.7719298245614,20048,"NA",1,34.13333333333333,587343.75,NA,NA,NA,18,1010,1027,1153,0.12402428447528187,552,448,1010,1364,1200,MANIP_EFFICACY_FPETIT2020,RCC2379_C_D2,Synechococcus sp.,0.99503,0,1,0,1,0,1,0,1,0,1,0,1,0,1,0,1,0,1,0,1,0.933,1,0.0052,1,0,1,0,1,0,1,0,1,1.2843,1,1.2843,1,0,1,0,1,0.1155,1,0.1155,1
RCC2379,C,2020-11-02T00:00:00Z,1899-12-31T17:43:00Z,0.2898432,3,97,75,77,92.1385542168674,71.0361445783132,72.5301204819277,4198,"NA",1,34.13333333333333,122988.28125,NA,NA,NA,18,858,504,502,-0.7091633466135459,492,379,858,1230,1132,NA,NA,NA,NA,NA,NA,NA,NA,NA,NA,NA,NA,NA,NA,NA,NA,NA,NA,NA,NA,NA,NA,NA,NA,NA,NA,NA,NA,NA,NA,NA,NA,NA,NA,NA,NA,NA,NA,NA,NA,NA,NA,NA,NA,NA,NA,NA,NA
RCC2379,C,2020-11-02T00:00:00Z,1899-12-31T18:04:00Z,0.05791072927072928,4,91,69,72,86.8117647058823,63.6058823529411,66.6588235294117,1120,"NA",1,34.13333333333333,32812.5,NA,NA,NA,18,926,544,537,-0.7243947858472998,536,412,926,1310,1195,NA,NA,NA,NA,NA,NA,NA,NA,NA,NA,NA,NA,NA,NA,NA,NA,NA,NA,NA,NA,NA,NA,NA,NA,NA,NA,NA,NA,NA,NA,NA,NA,NA,NA,NA,NA,NA,NA,NA,NA,NA,NA,NA,NA,NA,NA,NA,NA
RCC2379,C,2020-11-02T00:00:00Z,1899-12-31T18:21:00Z,0.028969835082458775,5,94,64,76,87.1619718309859,59.2112676056338,71.3521126760563,559,"NA",1,34.13333333333333,16376.953125,NA,NA,NA,18,933,556,543,-0.7182320441988951,541,408,933,1343,1183,NA,NA,NA,NA,NA,NA,NA,NA,NA,NA,NA,NA,NA,NA,NA,NA,NA,NA,NA,NA,NA,NA,NA,NA,NA,NA,NA,NA,NA,NA,NA,NA,NA,NA,NA,NA,NA,NA,NA,NA,NA,NA,NA,NA,NA,NA,NA,NA
RCC2379,D,2020-11-04T00:00:00Z,1899-12-31T15:42:00Z,47.93,Cmere,NA,NA,NA,NA,NA,NA,9310,0.01,100,47.5,19600000,NA,NA,NA,14,1104,1279,2636,0.5811836115326252,425,661,1104,568,519,MANIP_EFFICACY_FPETIT2020,RCC2379_D_DM,Synechococcus sp.,0.03,0,1,0,1,0,1,0,1,0,1,0,1,0,1,0,1,0,1,0,1,38.0147,1,0.1735,1,0,1,0,1,0,1,0,1,52.3095,1,52.3095,1,0,1,0,1,5.0314,1,5.0314,1
RCC2379,D,2020-11-04T00:00:00Z,1899-12-31T15:42:00Z,4.313894400000001,1,184,255,136,177.933333333333,251.10909090909,131.824242424242,8889,0.1,10,47.5,1871368.4210526317,NA,NA,NA,18,1365,1444,2025,0.32592592592592595,689,685,1365,1507,1371,NA,NA,NA,NA,NA,NA,NA,NA,NA,NA,NA,NA,NA,NA,NA,NA,NA,NA,NA,NA,NA,NA,NA,NA,NA,NA,NA,NA,NA,NA,NA,NA,NA,NA,NA,NA,NA,NA,NA,NA,NA,NA,NA,NA,NA,NA,NA,NA
RCC2379,D,2020-11-04T00:00:00Z,1899-12-31T15:56:00Z,0.9586432000000001,2,112,111,93,108.195121951219,105.067073170731,87.8414634146341,19249,"NA",1,47.5,405242.1052631579,NA,NA,NA,18,1046,1078,1180,0.1135593220338983,593,478,1046,1424,1314,MANIP_EFFICACY_FPETIT2020,RCC2379_D_D2,Synechococcus sp.,0.99503,0,1,0,1,0,1,0,1,0,1,0,1,0,1,0,1,0,1,0,1,0.7157,1,0.0033,1,0,1,0,1,0,1,0,1,0.9925,1,0.9925,1,0,1,0,1,0.0911,1,0.0911,1
RCC2379,D,2020-11-04T00:00:00Z,1899-12-31T16:08:00Z,0.23966080000000003,3,109,78,82,102.140127388535,73.4394904458598,76.3057324840764,5145,"NA",1,47.5,108315.7894736842,NA,NA,NA,18,929,945,953,0.025183630640083946,523,407,929,1341,1207,NA,NA,NA,NA,NA,NA,NA,NA,NA,NA,NA,NA,NA,NA,NA,NA,NA,NA,NA,NA,NA,NA,NA,NA,NA,NA,NA,NA,NA,NA,NA,NA,NA,NA,NA,NA,NA,NA,NA,NA,NA,NA,NA,NA,NA,NA,NA,NA
RCC2379,D,2020-11-04T00:00:00Z,1899-12-31T16:20:00Z,0.04788427572427573,4,NA,NA,NA,NA,NA,NA,1015,"NA",1,47.5,21368.42105263158,NA,NA,NA,18,954,975,935,-0.020320855614973262,550,415,954,1401,1293,NA,NA,NA,NA,NA,NA,NA,NA,NA,NA,NA,NA,NA,NA,NA,NA,NA,NA,NA,NA,NA,NA,NA,NA,NA,NA,NA,NA,NA,NA,NA,NA,NA,NA,NA,NA,NA,NA,NA,NA,NA,NA,NA,NA,NA,NA,NA,NA
RCC2379,D,2020-11-04T00:00:00Z,1899-12-31T16:35:00Z,0.02395410294852574,5,125,65,68,102.319277108433,61.0481927710843,63.7831325301204,454,"NA",1,47.5,9557.894736842105,NA,NA,NA,18,953,969,951,-0.002103049421661409,547,417,953,1396,1225,NA,NA,NA,NA,NA,NA,NA,NA,NA,NA,NA,NA,NA,NA,NA,NA,NA,NA,NA,NA,NA,NA,NA,NA,NA,NA,NA,NA,NA,NA,NA,NA,NA,NA,NA,NA,NA,NA,NA,NA,NA,NA,NA,NA,NA,NA,NA,NA
RCC2374,A,2020-10-30T00:00:00Z,1899-12-31T12:47:00Z,72.13,Cmere,NA,NA,NA,NA,NA,NA,16064,0.01,100,28.666666666666668,56037209.302325584,NA,NA,NA,13,1413,"NA",4094,0.6548607718612603,383,533,1413,390,342,MANIP_EFFICACY_FPETIT2020,RCC2374_A_DM,Synechococcus sp.,0.011,0,1,0,1,0,1,0,1,0,1,0,1,0,1,2.5542,1,0,1,0,1,42.9906,1,0,1,0,1,0,1,0,1,0,1,94.4958,1,94.4958,1,0,1,0,1,8.7181,1,8.7181,1
RCC2374,A,2020-10-30T00:00:00Z,1899-12-31T12:47:00Z,5.0497664,1,157,254,167,150.755952380952,247.857142857142,160.875,11514,0.1,10,28.666666666666668,4016511.6279069763,NA,NA,NA,17,1106,"NA",2088,0.4703065134099617,480,454,1106,984,905,NA,NA,NA,NA,NA,NA,NA,NA,NA,NA,NA,NA,NA,NA,NA,NA,NA,NA,NA,NA,NA,NA,NA,NA,NA,NA,NA,NA,NA,NA,NA,NA,NA,NA,NA,NA,NA,NA,NA,NA,NA,NA,NA,NA,NA,NA,NA,NA
RCC2374,A,2020-10-30T00:00:00Z,1899-12-31T13:00:00Z,1.0820928,2,92,109,99,87.3475609756097,104.353658536585,93.7743902439024,23412,"NA",1,28.666666666666668,816697.6744186046,NA,NA,NA,18,1079,"NA",1412,0.2358356940509915,569,462,1079,1376,1261,MANIP_EFFICACY_FPETIT2020,RCC2374_A_DX,Synechococcus sp.,0.99503,0,1,0,1,0,1,0.0094,1,0,1,0,1,0,1,0,1,0,1,0,1,0.6749,1,0,1,0,1,0,1,0,1,0,1,1.3681,1,1.3775,1,0.0127,1,0,1,0.1321,1,0.1321,1
RCC2374,A,2020-10-30T00:00:00Z,1899-12-31T13:19:00Z,0.3606976,3,81,78,77,75.789156626506,74.1325301204819,72.2590361445783,8643,"NA",1,28.666666666666668,301500,NA,NA,NA,18,1000,"NA",1096,0.08759124087591241,565,431,1000,1387,1255,NA,NA,NA,NA,NA,NA,NA,NA,NA,NA,NA,NA,NA,NA,NA,NA,NA,NA,NA,NA,NA,NA,NA,NA,NA,NA,NA,NA,NA,NA,NA,NA,NA,NA,NA,NA,NA,NA,NA,NA,NA,NA,NA,NA,NA,NA,NA,NA
RCC2374,A,2020-10-30T00:00:00Z,1899-12-31T13:35:00Z,0.07206745254745255,4,100,64,64,94.7232704402515,59.5723270440251,58.9748427672956,1645,"NA",1,28.666666666666668,57383.72093023256,NA,NA,NA,18,957,"NA",981,0.024464831804281346,550,423,957,1387,1235,NA,NA,NA,NA,NA,NA,NA,NA,NA,NA,NA,NA,NA,NA,NA,NA,NA,NA,NA,NA,NA,NA,NA,NA,NA,NA,NA,NA,NA,NA,NA,NA,NA,NA,NA,NA,NA,NA,NA,NA,NA,NA,NA,NA,NA,NA,NA,NA
RCC2374,A,2020-10-30T00:00:00Z,1899-12-31T13:47:00Z,0.036051734132933534,5,76,64,67,71.6139240506329,59.6898734177215,62.7278481012658,875,"NA",1,28.666666666666668,30523.255813953485,NA,NA,NA,18,956,"NA",946,-0.010570824524312896,562,421,956,1380,1253,NA,NA,NA,NA,NA,NA,NA,NA,NA,NA,NA,NA,NA,NA,NA,NA,NA,NA,NA,NA,NA,NA,NA,NA,NA,NA,NA,NA,NA,NA,NA,NA,NA,NA,NA,NA,NA,NA,NA,NA,NA,NA,NA,NA,NA,NA,NA,NA
RCC2374,B,2020-10-31T00:00:00Z,1899-12-31T20:50:00Z,33.84,Cmere,NA,NA,NA,NA,NA,NA,8120,0.01,100,28.666666666666668,28325581.395348836,NA,NA,NA,14,1046,"NA",2793,0.6254923021840315,319,407,1046,401,360,MANIP_EFFICACY_FPETIT2020,RCC2374_B_DM,Synechococcus sp.,0.03,0,1,0,1,0.283,1,0,1,0,1,0,1,0,1,0.1709,1,0,1,0,1,19.5075,1,0,1,0,1,0,1,0,1,0,1,41.2075,1,41.2075,1,0,1,0,1,3.633,1,3.633,1
RCC2374,B,2020-10-31T00:00:00Z,1899-12-31T20:50:00Z,5.077056000000002,1,154,237,162,148.874251497005,229.610778443113,157.754491017964,11829,0.1,10,28.666666666666668,4126395.348837209,NA,NA,NA,17,1188,"NA",2107,0.4361651637399146,543,497,1188,1099,942,NA,NA,NA,NA,NA,NA,NA,NA,NA,NA,NA,NA,NA,NA,NA,NA,NA,NA,NA,NA,NA,NA,NA,NA,NA,NA,NA,NA,NA,NA,NA,NA,NA,NA,NA,NA,NA,NA,NA,NA,NA,NA,NA,NA,NA,NA,NA,NA
RCC2374,B,2020-10-31T00:00:00Z,1899-12-31T21:01:00Z,1.0154112000000002,2,94,103,95,89.2467532467532,98.2532467532467,88.5064935064935,23414,"NA",1,28.666666666666668,816767.4418604651,NA,NA,NA,18,1086,"NA",1326,0.18099547511312217,578,456,1086,1418,1258,MANIP_EFFICACY_FPETIT2020,RCC2374_B_D2,Synechococcus sp.,0.99503,0,1,0,1,0.0099,1,0.0119,1,0.0095,1,0,1,0,1,0,1,0,1,0,1,0.5761,1,0,1,0,1,0,1,0,1,0,1,1.2137,1,1.2255,1,0,1,0,1,0.1087,1,0.1087,1
RCC2374,B,2020-10-31T00:00:00Z,1899-12-31T21:15:00Z,0.33847040000000006,3,104,76,78,98.7232704402515,71.6352201257861,73.7106918238993,7945,"NA",1,28.666666666666668,277151.16279069765,NA,NA,NA,18,974,"NA",1062,0.08286252354048965,556,430,974,1355,1217,NA,NA,NA,NA,NA,NA,NA,NA,NA,NA,NA,NA,NA,NA,NA,NA,NA,NA,NA,NA,NA,NA,NA,NA,NA,NA,NA,NA,NA,NA,NA,NA,NA,NA,NA,NA,NA,NA,NA,NA,NA,NA,NA,NA,NA,NA,NA,NA
RCC2374,B,2020-10-31T00:00:00Z,1899-12-31T21:30:00Z,0.16923520000000003,4,92,78,75,86.7770700636942,71.7324840764331,70.7834394904458,3220,"NA",1,28.666666666666668,112325.58139534884,NA,NA,NA,18,933,"NA",947,0.014783526927138331,531,409,933,1337,1187,NA,NA,NA,NA,NA,NA,NA,NA,NA,NA,NA,NA,NA,NA,NA,NA,NA,NA,NA,NA,NA,NA,NA,NA,NA,NA,NA,NA,NA,NA,NA,NA,NA,NA,NA,NA,NA,NA,NA,NA,NA,NA,NA,NA,NA,NA,NA,NA
RCC2374,B,2020-10-31T00:00:00Z,1899-12-31T21:44:00Z,0.03381322677322678,5,89,66,72,82.9642857142857,61.0833333333333,67.5654761904761,804,"NA",1,28.666666666666668,28046.511627906977,NA,NA,NA,18,994,"NA",1021,0.02644466209598433,589,445,994,1435,1255,NA,NA,NA,NA,NA,NA,NA,NA,NA,NA,NA,NA,NA,NA,NA,NA,NA,NA,NA,NA,NA,NA,NA,NA,NA,NA,NA,NA,NA,NA,NA,NA,NA,NA,NA,NA,NA,NA,NA,NA,NA,NA,NA,NA,NA,NA,NA,NA
RCC2374,C,2020-11-03T00:00:00Z,1899-12-31T11:53:00Z,42.61,Cmere,NA,NA,NA,NA,NA,NA,10465,0.01,100,28.666666666666668,36505813.95348837,NA,NA,NA,14,1312,1753,3525,0.6278014184397163,399,505,1312,458,410,MANIP_EFFICACY_FPETIT2020,RCC2374_C_DM,Synechococcus sp.,0.03,0,1,0,1,0,1,0.4381,1,0,1,0,1,0,1,0,1,0,1,0,1,26.1081,1,0,1,0,1,0,1,0,1,0,1,55.9891,1,56.4271,1,0,1,0,1,5.1545,1,5.1545,1
RCC2374,C,2020-11-03T00:00:00Z,1899-12-31T11:53:00Z,5.1133440000000006,1,177,260,171,171.988439306358,255.445086705202,164.832369942196,13683,0.1,10,28.666666666666668,4773139.534883721,NA,NA,NA,17,1330,1584,2533,0.4749309119621003,589,548,1330,1225,1062,NA,NA,NA,NA,NA,NA,NA,NA,NA,NA,NA,NA,NA,NA,NA,NA,NA,NA,NA,NA,NA,NA,NA,NA,NA,NA,NA,NA,NA,NA,NA,NA,NA,NA,NA,NA,NA,NA,NA,NA,NA,NA,NA,NA,NA,NA,NA,NA
RCC2374,C,2020-11-03T00:00:00Z,1899-12-31T12:06:00Z,1.2783360000000001,2,105,109,99,101.266272189349,103.349112426035,93.4319526627219,31039,"NA",1,28.666666666666668,1082755.8139534884,NA,NA,NA,17,847,907,1102,0.23139745916515425,453,365,847,1071,916,MANIP_EFFICACY_FPETIT2020,RCC2374_C_D,Synechococcus sp.,0.99503,0,1,0,1,0.0062,1,0.0137,1,0,1,0,1,0,1,0,1,0,1,0,1,0.7553,1,0,1,0,1,0,1,0,1,0,1,1.6074,1,1.6211,1,0,1,0,1,0.148,1,0.148,1
RCC2374,C,2020-11-03T00:00:00Z,1899-12-31T12:19:00Z,0.4261120000000001,3,97,84,78,92.1923076923077,79.3910256410256,73.3461538461538,8085,"NA",1,28.666666666666668,282034.8837209302,NA,NA,NA,18,957,984,1059,0.09631728045325778,547,423,957,1339,1176,NA,NA,NA,NA,NA,NA,NA,NA,NA,NA,NA,NA,NA,NA,NA,NA,NA,NA,NA,NA,NA,NA,NA,NA,NA,NA,NA,NA,NA,NA,NA,NA,NA,NA,NA,NA,NA,NA,NA,NA,NA,NA,NA,NA,NA,NA,NA,NA
RCC2374,C,2020-11-03T00:00:00Z,1899-12-31T12:32:00Z,0.21305600000000005,4,101,72,78,95.9746835443038,66.7405063291139,73.006329113924,3463,"NA",1,28.666666666666668,120802.32558139534,NA,NA,NA,18,923,944,979,0.05720122574055159,518,397,923,1333,1197,NA,NA,NA,NA,NA,NA,NA,NA,NA,NA,NA,NA,NA,NA,NA,NA,NA,NA,NA,NA,NA,NA,NA,NA,NA,NA,NA,NA,NA,NA,NA,NA,NA,NA,NA,NA,NA,NA,NA,NA,NA,NA,NA,NA,NA,NA,NA,NA
RCC2374,C,2020-11-03T00:00:00Z,1899-12-31T12:54:00Z,0.04256863136863138,5,103,65,81,97.9893048128342,61.1016042780748,75.6470588235294,1050,"NA",1,28.666666666666668,36627.90697674418,NA,NA,NA,17,828,845,878,0.05694760820045558,501,414,828,1196,1234,NA,NA,NA,NA,NA,NA,NA,NA,NA,NA,NA,NA,NA,NA,NA,NA,NA,NA,NA,NA,NA,NA,NA,NA,NA,NA,NA,NA,NA,NA,NA,NA,NA,NA,NA,NA,NA,NA,NA,NA,NA,NA,NA,NA,NA,NA,NA,NA
RCC2319,A,2020-10-28T00:00:00Z,1899-12-31T17:50:00Z,28.67,Cmere,NA,NA,NA,NA,NA,NA,13615,0.01,100,42.666666666666664,31910156.25,NA,NA,NA,15,1467,"NA",4365,0.6639175257731958,489,659,1467,596,525,MANIP_EFFICACY_FPETIT2020,RCC2319_A_DM,Synechococcus sp.,0.02,0,1,0,1,0,1,1.3732,1,0,1,0,1,0,1,4.1364,1,0.4076,1,0,1,11.2382,1,0.22,1,0,1,0,1,0,1,0,1,44.0535,1,45.4266,1,0,1,0,1,4.1709,1,4.1709,1
RCC2319,A,2020-10-28T00:00:00Z,1899-12-31T17:50:00Z,5.017600000000001,1,206,307,192,198.059523809523,286.625,182.720238095238,26180,0.1,10,42.666666666666664,6135937.5,NA,NA,NA,18,1642,"NA",3428,0.5210035005834306,737,736,1642,1456,1416,NA,NA,NA,NA,NA,NA,NA,NA,NA,NA,NA,NA,NA,NA,NA,NA,NA,NA,NA,NA,NA,NA,NA,NA,NA,NA,NA,NA,NA,NA,NA,NA,NA,NA,NA,NA,NA,NA,NA,NA,NA,NA,NA,NA,NA,NA,NA,NA
RCC2319,A,2020-10-28T00:00:00Z,1899-12-31T18:12:00Z,1.1468800000000001,2,127,126,94,122.06626506024,119.512048192771,88.8795180722891,5775,0.1,10,42.666666666666664,1353515.625,NA,NA,NA,18,1084,"NA",1472,0.26358695652173914,588,488,1084,1390,1286,MANIP_EFFICACY_FPETIT2020,RCC2319_A_D2,Synechococcus sp.,0.99503,0,1,0,1,0,1,0.0214,1,0,1,0.0504,1,0,1,0,1,0,1,0,1,0.4123,1,0.0082,1,0,1,0,1,0,1,0,1,1.4258,1,1.4472,1,0.0115,1,0,1,0.1524,1,0.1524,1
RCC2319,A,2020-10-28T00:00:00Z,1899-12-31T18:27:00Z,0.28672000000000003,3,144,92,148,134.77245508982,85.9580838323353,137.646706586826,15785,"NA",1,42.666666666666664,369960.9375,NA,NA,NA,18,998,"NA",1118,0.1073345259391771,563,432,998,1406,1302,NA,NA,NA,NA,NA,NA,NA,NA,NA,NA,NA,NA,NA,NA,NA,NA,NA,NA,NA,NA,NA,NA,NA,NA,NA,NA,NA,NA,NA,NA,NA,NA,NA,NA,NA,NA,NA,NA,NA,NA,NA,NA,NA,NA,NA,NA,NA,NA
RCC2319,A,2020-10-28T00:00:00Z,1899-12-31T18:42:00Z,0.14336000000000002,4,88,77,107,83.6363636363636,71.4610389610389,100.383116883116,1644,"NA",1,42.666666666666664,38531.25,NA,NA,NA,18,956,"NA",919,-0.04026115342763874,552,413,956,1394,1293,NA,NA,NA,NA,NA,NA,NA,NA,NA,NA,NA,NA,NA,NA,NA,NA,NA,NA,NA,NA,NA,NA,NA,NA,NA,NA,NA,NA,NA,NA,NA,NA,NA,NA,NA,NA,NA,NA,NA,NA,NA,NA,NA,NA,NA,NA,NA,NA
RCC2319,A,2020-10-28T00:00:00Z,1899-12-31T19:06:00Z,0.028643356643356647,5,138,132,70,129.282208588957,93.9509202453987,65.8098159509202,979,"NA",1,42.666666666666664,22945.3125,NA,NA,NA,18,930,"NA",953,0.024134312696747113,530,400,930,1357,1172,NA,NA,NA,NA,NA,NA,NA,NA,NA,NA,NA,NA,NA,NA,NA,NA,NA,NA,NA,NA,NA,NA,NA,NA,NA,NA,NA,NA,NA,NA,NA,NA,NA,NA,NA,NA,NA,NA,NA,NA,NA,NA,NA,NA,NA,NA,NA,NA
RCC2319,B,2020-10-31T00:00:00Z,1899-12-31T19:04:00Z,22.22,Cmere,NA,NA,NA,NA,NA,NA,18585,0.01,100,42.666666666666664,43558593.75,NA,NA,NA,14,1146,"NA",3517,0.6741541086152971,358,516,1146,417,374,NA,NA,NA,NA,NA,NA,NA,NA,NA,NA,NA,NA,NA,NA,NA,NA,NA,NA,NA,NA,NA,NA,NA,NA,NA,NA,NA,NA,NA,NA,NA,NA,NA,NA,NA,NA,NA,NA,NA,NA,NA,NA,NA,NA,NA,NA,NA,NA
RCC2319,B,2020-10-31T00:00:00Z,1899-12-31T19:04:00Z,5.111078400000001,1,222,422,226,215.945121951219,414.432926829268,220.493902439024,43014,0.1,10,42.666666666666664,10081406.25,NA,NA,NA,17,1633,"NA",3737,0.563018464008563,682,731,1633,1197,1072,NA,NA,NA,NA,NA,NA,NA,NA,NA,NA,NA,NA,NA,NA,NA,NA,NA,NA,NA,NA,NA,NA,NA,NA,NA,NA,NA,NA,NA,NA,NA,NA,NA,NA,NA,NA,NA,NA,NA,NA,NA,NA,NA,NA,NA,NA,NA,NA
RCC2319,B,2020-10-31T00:00:00Z,1899-12-31T19:19:00Z,1.1111040000000003,2,127,156,115,121.736842105263,149.63909774436,109.902255639097,9660,0.1,10,42.666666666666664,2264062.5,NA,NA,NA,18,1181,"NA",1782,0.3372615039281706,616,524,1181,1393,1256,MANIP_EFFICACY_FPETIT2020,RCC2319_B_D2,Synechococcus sp.,0.99503,0,1,0,1,0.015,1,0.0237,1,0,1,0.0671,1,0,1,0,1,0,1,0,1,0.5581,1,0.0112,1,0,1,0,1,0,1,0,1,1.9876,1,2.0112,1,0,1,0,1,0.2206,1,0.2206,1
RCC2319,B,2020-10-31T00:00:00Z,1899-12-31T19:35:00Z,0.3333312000000001,3,106,90,88,97.7359550561797,85.691011235955,83.3988764044943,28314,"NA",1,42.666666666666664,663609.375,NA,NA,NA,18,1051,"NA",1262,0.16719492868462757,589,463,1051,1418,1215,NA,NA,NA,NA,NA,NA,NA,NA,NA,NA,NA,NA,NA,NA,NA,NA,NA,NA,NA,NA,NA,NA,NA,NA,NA,NA,NA,NA,NA,NA,NA,NA,NA,NA,NA,NA,NA,NA,NA,NA,NA,NA,NA,NA,NA,NA,NA,NA
RCC2319,B,2020-10-31T00:00:00Z,1899-12-31T19:49:00Z,0.11111040000000003,4,110,70,83,105.265060240963,65.433734939759,75.8072289156626,4409,"NA",1,42.666666666666664,103335.9375,NA,NA,NA,18,1041,"NA",1070,0.027102803738317756,586,444,1041,1494,1331,NA,NA,NA,NA,NA,NA,NA,NA,NA,NA,NA,NA,NA,NA,NA,NA,NA,NA,NA,NA,NA,NA,NA,NA,NA,NA,NA,NA,NA,NA,NA,NA,NA,NA,NA,NA,NA,NA,NA,NA,NA,NA,NA,NA,NA,NA,NA,NA
RCC2319,B,2020-10-31T00:00:00Z,1899-12-31T20:04:00Z,0.022199880119880125,5,90,68,78,84.6912751677852,62.489932885906,72.8255033557047,1995,"NA",1,42.666666666666664,46757.8125,NA,NA,NA,18,970,"NA",948,-0.023206751054852322,572,433,970,1381,1221,NA,NA,NA,NA,NA,NA,NA,NA,NA,NA,NA,NA,NA,NA,NA,NA,NA,NA,NA,NA,NA,NA,NA,NA,NA,NA,NA,NA,NA,NA,NA,NA,NA,NA,NA,NA,NA,NA,NA,NA,NA,NA,NA,NA,NA,NA,NA,NA
RCC2319,C,2020-11-04T00:00:00Z,1899-12-31T17:34:00Z,27.89,Cmere,NA,NA,NA,NA,NA,NA,24184,0.01,100,42.666666666666664,56681250,NA,NA,NA,14,1411,1666,4345,0.675258918296893,429,639,1411,467,409,MANIP_EFFICACY_FPETIT2020,RCC2319_C_DM,Synechococcus sp.,0.03,0,1,0,1,0.6421,1,1.1591,1,0,1,3.5997,1,0,1,0,1,0,1,0,1,17.0147,1,0.213,1,0,1,0,1,0,1,0,1,59.0235,1,60.1826,1,0,1,0,1,6.4499,1,6.4499,1
RCC2319,C,2020-11-04T00:00:00Z,1899-12-31T17:34:00Z,5.020876800000001,1,262,458,229,257.169934640522,449.980392156862,224.222222222222,44205,0.1,10,42.666666666666664,10360546.875,NA,NA,NA,17,1452,1591,3303,0.5603996366939146,611,648,1452,1061,921,NA,NA,NA,NA,NA,NA,NA,NA,NA,NA,NA,NA,NA,NA,NA,NA,NA,NA,NA,NA,NA,NA,NA,NA,NA,NA,NA,NA,NA,NA,NA,NA,NA,NA,NA,NA,NA,NA,NA,NA,NA,NA,NA,NA,NA,NA,NA,NA
RCC2319,C,2020-11-04T00:00:00Z,1899-12-31T17:50:00Z,1.1157504,2,152,158,108,144.25,152.75,103.35625,9342,0.1,10,42.666666666666664,2189531.25,NA,NA,NA,18,1189,1246,1776,0.330518018018018,603,515,1189,1415,1292,MANIP_EFFICACY_FPETIT2020,RCC2319_C_D,Synechococcus sp.,0.99503,0,1,0,1,0.0303,1,0.0361,1,0,1,0.1018,1,0,1,0,1,0,1,0,1,0.5468,1,0.0095,1,0,1,0,1,0,1,0,1,2.2484,1,2.2845,1,0,1,0,1,0.2263,1,0.2263,1
RCC2319,C,2020-11-04T00:00:00Z,1899-12-31T18:04:00Z,0.2789376,3,108,88,79,104.214285714285,82.4945054945054,75.3681318681318,24535,"NA",1,42.666666666666664,575039.0625,NA,NA,NA,18,989,1013,1113,0.11141060197663971,551,429,989,1371,1222,NA,NA,NA,NA,NA,NA,NA,NA,NA,NA,NA,NA,NA,NA,NA,NA,NA,NA,NA,NA,NA,NA,NA,NA,NA,NA,NA,NA,NA,NA,NA,NA,NA,NA,NA,NA,NA,NA,NA,NA,NA,NA,NA,NA,NA,NA,NA,NA
RCC2319,C,2020-11-04T00:00:00Z,1899-12-31T18:18:00Z,0.1394688,4,102,95,78,96.9745222929936,90.9108280254777,73.7834394904458,12004,"NA",1,42.666666666666664,281343.75,NA,NA,NA,18,974,994,1028,0.05252918287937743,541,412,974,1387,1239,NA,NA,NA,NA,NA,NA,NA,NA,NA,NA,NA,NA,NA,NA,NA,NA,NA,NA,NA,NA,NA,NA,NA,NA,NA,NA,NA,NA,NA,NA,NA,NA,NA,NA,NA,NA,NA,NA,NA,NA,NA,NA,NA,NA,NA,NA,NA,NA
RCC2319,C,2020-11-04T00:00:00Z,1899-12-31T18:32:00Z,0.055676167664670664,5,99,70,69,93.3163841807909,62.3615819209039,64.0508474576271,2590,"NA",1,42.666666666666664,60703.125,NA,NA,NA,18,931,947,921,-0.010857763300760043,526,396,931,1361,1212,NA,NA,NA,NA,NA,NA,NA,NA,NA,NA,NA,NA,NA,NA,NA,NA,NA,NA,NA,NA,NA,NA,NA,NA,NA,NA,NA,NA,NA,NA,NA,NA,NA,NA,NA,NA,NA,NA,NA,NA,NA,NA,NA,NA,NA,NA,NA,NA
PCC9511,A,2020-10-29T00:00:00Z,1899-12-31T21:15:00Z,272.66,Cmere,NA,NA,NA,NA,NA,NA,31828,0.01,100,35,90937142.85714287,NA,NA,NA,15,1168,"NA",4219,0.7231571462431856,1168,364,354,520,527,MANIP_EFFICACY_FPETIT2020,RCC9511_A_DM,Prochlorococcus High Light,0.02,0,1,0.5352,1,0.5352,1,0,1,0,1,0,1,0,1,0,1,0,1,0,1,30.4998,1,0.4777,1,4.0667,1,0,1,4.0667,1,44.4555,1,1.6363,1,46.0918,1,0.4595,1,6.2867,1,0,1,6.2867,1
PCC9511,A,2020-10-29T00:00:00Z,1899-12-31T21:15:00Z,40.89900000000001,0,330,200,70,323.74074074074,193.878306878306,65.089947089947,47712,0.1,10,35,13632000,NA,NA,NA,18,1083,"NA",2737,0.6043112897332846,1083,552,1001,1458,1368,NA,NA,NA,NA,NA,NA,NA,NA,NA,NA,NA,NA,NA,NA,NA,NA,NA,NA,NA,NA,NA,NA,NA,NA,NA,NA,NA,NA,NA,NA,NA,NA,NA,NA,NA,NA,NA,NA,NA,NA,NA,NA,NA,NA,NA,NA,NA,NA
PCC9511,A,2020-10-29T00:00:00Z,1899-12-31T21:32:00Z,27.266000000000005,0bis,243,158,74,238,152.506024096385,69.2409638554216,31924,0.1,10,35,9121142.857142856,NA,NA,NA,18,872,"NA",2002,0.5644355644355644,872,478,918,1336,1186,MANIP_EFFICACY_FPETIT2020,RCC9511_A_D0B,Prochlorococcus High Light,0.99503,0,1,0.0866,1,0.0866,1,0.0229,1,0,1,0,1,0,1,0,1,0,1,0,1,3.8451,1,0.1015,1,0.5103,1,0,1,0.5103,1,5.5451,1,0.2342,1,5.8022,1,0.0662,1,0.8483,1,0,1,0.8483,1
PCC9511,A,2020-10-29T00:00:00Z,1899-12-31T20:43:00Z,5.453200000000001,1,117,81,72,112.873493975903,76.3734939759036,65.9638554216867,6548,0.1,10,35,1870857.142857143,NA,NA,NA,18,611,"NA",834,0.2673860911270983,611,423,927,1350,1325,MANIP_EFFICACY_FPETIT2020,RCC9511_A_D1,Prochlorococcus High Light,0.99503,0,1,0.0145,1,0.0145,1,0,1,0,1,0,1,0,1,0.0164,1,0,1,0,1,0.6325,1,0.011,1,0.085,1,0,1,0.085,1,0.9188,1,0.0243,1,0.943,1,0,1,0.1356,1,0,1,0.1356,1
PCC9511,A,2020-10-29T00:00:00Z,1899-12-31T20:58:00Z,1.3633000000000002,2,81,70,67,76.87,62.65,63.45,15625,"NA",1,35,446428.5714285714,NA,NA,NA,18,579,"NA",610,0.05081967213114754,579,431,964,1404,1277,NA,NA,NA,NA,NA,NA,NA,NA,NA,NA,NA,NA,NA,NA,NA,NA,NA,NA,NA,NA,NA,NA,NA,NA,NA,NA,NA,NA,NA,NA,NA,NA,NA,NA,NA,NA,NA,NA,NA,NA,NA,NA,NA,NA,NA,NA,NA,NA
PCC9511,A,2020-10-29T00:00:00Z,1899-12-31T21:53:00Z,0.2723876123876124,3,83,62,65,75.9096385542168,57.9397590361445,60.8253012048192,3406,"NA",1,35,97314.28571428571,NA,NA,NA,18,560,"NA",563,0.0053285968028419185,560,418,957,1386,1268,NA,NA,NA,NA,NA,NA,NA,NA,NA,NA,NA,NA,NA,NA,NA,NA,NA,NA,NA,NA,NA,NA,NA,NA,NA,NA,NA,NA,NA,NA,NA,NA,NA,NA,NA,NA,NA,NA,NA,NA,NA,NA,NA,NA,NA,NA,NA,NA
PCC9511,B,2020-10-31T00:00:00Z,1899-12-31T15:11:00Z,26.59,Cmere,NA,NA,NA,NA,NA,NA,22807,0.01,100,35,65162857.142857134,NA,NA,NA,14,1535,"NA",5015,0.6939182452642074,1535,510,574,838,820,MANIP_EFFICACY_FPETIT2020,RCC9511_B_DM,Prochlorococcus High Light,0.02,0,1,0.3809,1,0.3809,1,0,1,0,1,0,1,0,1,0,1,0,1,0,1,25.8878,1,0.3454,1,3.2428,1,0,1,3.2428,1,35.1572,1,0.9195,1,36.0768,1,0,1,4.77,1,0,1,4.77,1
PCC9511,B,2020-10-31T00:00:00Z,1899-12-31T15:11:00Z,5.05262155,1,318,200,83,311.199004975124,194.611940298507,76.7014925373134,41447,0.1,10,35,11842000,NA,NA,NA,18,849,"NA",2195,0.6132118451025057,849,426,785,1143,1052,NA,NA,NA,NA,NA,NA,NA,NA,NA,NA,NA,NA,NA,NA,NA,NA,NA,NA,NA,NA,NA,NA,NA,NA,NA,NA,NA,NA,NA,NA,NA,NA,NA,NA,NA,NA,NA,NA,NA,NA,NA,NA,NA,NA,NA,NA,NA,NA
PCC9511,B,2020-10-31T00:00:00Z,1899-12-31T15:23:00Z,1.0637098,2,144,97,71,138.936781609195,92.5632183908046,66.3793103448275,8841,0.1,10,35,2526000,NA,NA,NA,18,657,"NA",1008,0.3482142857142857,657,430,957,1388,1234,MANIP_EFFICACY_FPETIT2020,RCC9511_B_D2,Prochlorococcus High Light,0.99503,0,1,0.0191,1,0.0191,1,0,1,0,1,0,1,0,1,0,1,0,1,0,1,1.0385,1,0.0162,1,0.1223,1,0,1,0.1223,1,1.4259,1,0.0427,1,1.4685,1,0,1,0.2002,1,0,1,0.2002,1
PCC9511,B,2020-10-31T00:00:00Z,1899-12-31T15:45:00Z,0.26592745,3,157,85,97,152.715189873417,79.6455696202531,91.9303797468354,22472,"NA",1,35,642057.1428571428,NA,NA,NA,18,550,"NA",664,0.1716867469879518,550,407,904,1321,1207,NA,NA,NA,NA,NA,NA,NA,NA,NA,NA,NA,NA,NA,NA,NA,NA,NA,NA,NA,NA,NA,NA,NA,NA,NA,NA,NA,NA,NA,NA,NA,NA,NA,NA,NA,NA,NA,NA,NA,NA,NA,NA,NA,NA,NA,NA,NA,NA
PCC9511,B,2020-10-31T00:00:00Z,1899-12-31T15:59:00Z,0.132963725,4,109,80,86,103.981366459627,74.8012422360248,82.4409937888198,11371,"NA",1,35,324885.7142857143,NA,NA,NA,18,547,"NA",586,0.06655290102389079,547,408,933,1359,1244,NA,NA,NA,NA,NA,NA,NA,NA,NA,NA,NA,NA,NA,NA,NA,NA,NA,NA,NA,NA,NA,NA,NA,NA,NA,NA,NA,NA,NA,NA,NA,NA,NA,NA,NA,NA,NA,NA,NA,NA,NA,NA,NA,NA,NA,NA,NA,NA
PCC9511,B,2020-10-31T00:00:00Z,1899-12-31T16:10:00Z,0.026566178821178822,5,81,67,73,75.8963414634146,61.8048780487804,69.1829268292683,2264,"NA",1,35,64685.71428571428,NA,NA,NA,18,565,"NA",583,0.030874785591766724,565,420,977,1414,1224,NA,NA,NA,NA,NA,NA,NA,NA,NA,NA,NA,NA,NA,NA,NA,NA,NA,NA,NA,NA,NA,NA,NA,NA,NA,NA,NA,NA,NA,NA,NA,NA,NA,NA,NA,NA,NA,NA,NA,NA,NA,NA,NA,NA,NA,NA,NA,NA
PCC9511,C,2020-11-04T00:00:00Z,1899-12-31T14:03:00Z,58.13,Cmere,NA,NA,NA,NA,NA,NA,38032,0.01,100,35,108662857.14285713,NA,NA,NA,14,1178,3705,4445,0.7349831271091114,1178,340,268,394,421,MANIP_EFFICACY_FPETIT2020,RCC9511_C_DM,Prochlorococcus High Light,0.03,0,1,1.1106,1,1.1106,1,0,1,0,1,0,1,0,1,0,1,0,1,0,1,61.2218,1,0.4438,1,7.198,1,0,1,7.198,1,84.4923,1,1.3552,1,85.8475,1,0.9856,1,11.2035,1,0,1,11.2035,1
PCC9511,C,2020-11-04T00:00:00Z,1899-12-31T14:03:00Z,5.234686020000001,1,356,212,76,348.518072289156,205.451807228915,71.8614457831325,35858,0.1,10,35,10245142.857142856,NA,NA,NA,18,1053,2218,2694,0.60913140311804,1053,527,955,1403,1320,NA,NA,NA,NA,NA,NA,NA,NA,NA,NA,NA,NA,NA,NA,NA,NA,NA,NA,NA,NA,NA,NA,NA,NA,NA,NA,NA,NA,NA,NA,NA,NA,NA,NA,NA,NA,NA,NA,NA,NA,NA,NA,NA,NA,NA,NA,NA,NA
PCC9511,C,2020-11-04T00:00:00Z,1899-12-31T14:15:00Z,1.16326356,2,171,101,76,163.324840764331,95.2993630573248,70.7579617834394,7760,0.1,10,35,2217142.8571428573,NA,NA,NA,18,679,940,1022,0.3356164383561644,679,452,970,1422,1303,MANIP_EFFICACY_FPETIT2020,RCC9511_C_D2,Prochlorococcus High Light,0.99503,0,1,0.0279,1,0.0279,1,0,1,0.0243,1,0,1,0,1,0,1,0,1,0,1,1.1417,1,0.009,1,0.1342,1,0,1,0.1342,1,1.5345,1,0.0504,1,1.585,1,0,1,0.2122,1,0,1,0.2122,1
PCC9511,C,2020-11-04T00:00:00Z,1899-12-31T14:59:00Z,0.29081589,3,109,78,73,103.387878787878,72.3939393939393,67.9212121212121,20832,"NA",1,35,595200,NA,NA,NA,18,572,645,679,0.15758468335787923,572,424,929,1360,1200,NA,NA,NA,NA,NA,NA,NA,NA,NA,NA,NA,NA,NA,NA,NA,NA,NA,NA,NA,NA,NA,NA,NA,NA,NA,NA,NA,NA,NA,NA,NA,NA,NA,NA,NA,NA,NA,NA,NA,NA,NA,NA,NA,NA,NA,NA,NA,NA
PCC9511,C,2020-11-04T00:00:00Z,1899-12-31T14:41:00Z,0.11609416766467068,4,108,69,81,102.358974358974,63.1217948717948,74.5897435897435,8144,"NA",1,35,232685.7142857143,NA,NA,NA,18,582,617,599,0.028380634390651086,582,426,968,1413,1303,NA,NA,NA,NA,NA,NA,NA,NA,NA,NA,NA,NA,NA,NA,NA,NA,NA,NA,NA,NA,NA,NA,NA,NA,NA,NA,NA,NA,NA,NA,NA,NA,NA,NA,NA,NA,NA,NA,NA,NA,NA,NA,NA,NA,NA,NA,NA,NA
PCC9511,C,2020-11-04T00:00:00Z,1899-12-31T14:57:00Z,0.05810507292707293,5,104,71,75,98.7410071942446,64.7194244604316,71.0143884892086,4331,"NA",1,35,123742.85714285714,NA,NA,NA,18,535,556,562,0.04804270462633452,535,405,929,1360,1229,NA,NA,NA,NA,NA,NA,NA,NA,NA,NA,NA,NA,NA,NA,NA,NA,NA,NA,NA,NA,NA,NA,NA,NA,NA,NA,NA,NA,NA,NA,NA,NA,NA,NA,NA,NA,NA,NA,NA,NA,NA,NA,NA,NA,NA,NA,NA,NA
RCC156,A,2020-11-01T00:00:00Z,1899-12-31T15:27:00Z,26.4,Cmere,NA,NA,NA,NA,NA,NA,23959,0.01,100,38.666666666666664,61962931.03448277,NA,NA,NA,16,1045,"NA",2440,0.5717213114754098,1045,516,503,721,699,MANIP_EFFICACY_FPETIT2020,RCC0156_A_DM,Prochlorococcus,0.03,0,1,0.1883,1,0.1883,1,0,1,0,1,0,1,0,1,0,1,0,1,0,1,41.8504,1,0.1485,1,0,1,11.5321,1,11.5321,1,29.1493,1,1.4096,1,30.559,1,0.4858,1,7.8719,1,0,1,7.8719,1
RCC156,A,2020-11-01T00:00:00Z,1899-12-31T15:27:00Z,5.016575700000001,1,271,230,76,265.627551020408,222.469387755102,71,50281,0.1,10,38.666666666666664,13003706.896551725,NA,NA,NA,18,870,1428,1489,0.41571524513096036,870,538,930,1357,1254,NA,NA,NA,NA,NA,NA,NA,NA,NA,NA,NA,NA,NA,NA,NA,NA,NA,NA,NA,NA,NA,NA,NA,NA,NA,NA,NA,NA,NA,NA,NA,NA,NA,NA,NA,NA,NA,NA,NA,NA,NA,NA,NA,NA,NA,NA,NA,NA
RCC156,A,2020-11-01T00:00:00Z,1899-12-31T15:42:00Z,1.0561212,2,118,100,73,113.181818181818,96.2,67.4969696969697,10907,0.1,10,38.666666666666664,2820775.8620689656,NA,NA,NA,18,670,791,801,0.16354556803995007,670,474,1005,1445,1258,MANIP_EFFICACY_FPETIT2020,RCC0156_A_D2,Prochlorococcus,0.99503,0,1,0.0086,1,0.0086,1,0,1,0,1,0,1,0,1,0,1,0,1,0,1,1.5555,1,0.0072,1,0,1,0.4315,1,0.4315,1,1.0851,1,0.0503,1,1.1354,1,0.0187,1,0.2947,1,0,1,0.2947,1
RCC156,A,2020-11-01T00:00:00Z,1899-12-31T15:57:00Z,0.2640303,3,112,74,75,106.796178343949,69.7324840764331,70.3821656050955,27381,"NA",1,38.666666666666664,708129.3103448277,NA,NA,NA,18,580,618,631,0.08082408874801902,580,430,957,1383,1253,NA,NA,NA,NA,NA,NA,NA,NA,NA,NA,NA,NA,NA,NA,NA,NA,NA,NA,NA,NA,NA,NA,NA,NA,NA,NA,NA,NA,NA,NA,NA,NA,NA,NA,NA,NA,NA,NA,NA,NA,NA,NA,NA,NA,NA,NA,NA,NA
RCC156,A,2020-11-01T00:00:00Z,1899-12-31T16:13:00Z,0.13201515,4,108,73,75,102.79375,67.4125,70.73125,13924,"NA",1,38.666666666666664,360103.4482758621,NA,NA,NA,18,570,590,567,-0.005291005291005291,570,420,957,1394,1278,NA,NA,NA,NA,NA,NA,NA,NA,NA,NA,NA,NA,NA,NA,NA,NA,NA,NA,NA,NA,NA,NA,NA,NA,NA,NA,NA,NA,NA,NA,NA,NA,NA,NA,NA,NA,NA,NA,NA,NA,NA,NA,NA,NA,NA,NA,NA,NA
RCC156,A,2020-11-01T00:00:00Z,1899-12-31T16:31:00Z,0.02637665334665335,5,92,68,72,88.0545454545454,61.430303030303,66.7333333333333,2851,"NA",1,38.666666666666664,73732.75862068967,NA,NA,NA,18,570,584,559,-0.01967799642218247,570,425,974,1408,1277,NA,NA,NA,NA,NA,NA,NA,NA,NA,NA,NA,NA,NA,NA,NA,NA,NA,NA,NA,NA,NA,NA,NA,NA,NA,NA,NA,NA,NA,NA,NA,NA,NA,NA,NA,NA,NA,NA,NA,NA,NA,NA,NA,NA,NA,NA,NA,NA
RCC156,B,2020-11-05T00:00:00Z,1899-12-31T12:21:00Z,31.88,Cmere,NA,NA,NA,NA,NA,NA,31413,0.01,100,38.666666666666664,81240517.24137932,NA,NA,NA,16,1222,2624,2687,0.5452177149237067,1222,585,525,763,733,MANIP_EFFICACY_FPETIT2020,RCC0156_B_DM,Prochlorococcus,0.03,0,1,0.3307,1,0.3307,1,0,1,0,1,0,1,0,1,0,1,0,1,0,1,52.037,1,0.2121,1,0,1,14.7331,1,14.7331,1,40.1904,1,0,1,40.1904,1,0.7694,1,10.9044,1,0,1,10.9044,1
RCC156,B,2020-11-05T00:00:00Z,1899-12-31T12:21:00Z,6.05883704,1,270,228,83,265.198275862068,222.637931034482,80.0775862068965,50115,0.1,10,38.666666666666664,12960775.862068968,NA,NA,NA,18,893,1378,1429,0.37508747375787266,893,565,1006,1490,1379,NA,NA,NA,NA,NA,NA,NA,NA,NA,NA,NA,NA,NA,NA,NA,NA,NA,NA,NA,NA,NA,NA,NA,NA,NA,NA,NA,NA,NA,NA,NA,NA,NA,NA,NA,NA,NA,NA,NA,NA,NA,NA,NA,NA,NA,NA,NA,NA
RCC156,B,2020-11-05T00:00:00Z,1899-12-31T12:34:00Z,0.9566584800000001,2,214,98,73,140.441624365482,94.482233502538,69.2639593908629,9900,0.1,10,38.666666666666664,2560344.827586207,NA,NA,NA,18,619,720,719,0.13908205841446453,619,445,980,1459,1281,MANIP_EFFICACY_FPETIT2020,RCC0156_B_D2,Prochlorococcus,0.99503,0,1,0.0098,1,0.0098,1,0,1,0,1,0,1,0,1,0,1,0,1,0,1,1.3595,1,0.0066,1,0,1,0.4022,1,0.4022,1,1.0456,1,0.0556,1,1.1012,1,0.017,1,0.2937,1,0,1,0.2937,1
RCC156,B,2020-11-05T00:00:00Z,1899-12-31T12:46:00Z,0.31888616000000003,3,112,78,81,107.809160305343,74.206106870229,77.6870229007633,34009,"NA",1,38.666666666666664,879543.103448276,NA,NA,NA,18,572,613,608,0.05921052631578947,572,424,966,1440,1296,NA,NA,NA,NA,NA,NA,NA,NA,NA,NA,NA,NA,NA,NA,NA,NA,NA,NA,NA,NA,NA,NA,NA,NA,NA,NA,NA,NA,NA,NA,NA,NA,NA,NA,NA,NA,NA,NA,NA,NA,NA,NA,NA,NA,NA,NA,NA,NA
RCC156,B,2020-11-05T00:00:00Z,1899-12-31T12:58:00Z,0.15944308000000001,4,104,71,71,100.127516778523,68.0805369127516,67.0201342281879,15774,"NA",1,38.666666666666664,407948.275862069,NA,NA,NA,18,563,582,582,0.03264604810996564,563,419,964,1435,1312,NA,NA,NA,NA,NA,NA,NA,NA,NA,NA,NA,NA,NA,NA,NA,NA,NA,NA,NA,NA,NA,NA,NA,NA,NA,NA,NA,NA,NA,NA,NA,NA,NA,NA,NA,NA,NA,NA,NA,NA,NA,NA,NA,NA,NA,NA,NA,NA
RCC156,B,2020-11-05T00:00:00Z,1899-12-31T14:18:00Z,0.06364993213572855,5,101,78,69,97.3942857142857,73.6342857142857,65.76,6718,"NA",1,38.666666666666664,173741.3793103448,NA,NA,NA,18,556,572,566,0.0176678445229682,556,419,946,1400,1255,NA,NA,NA,NA,NA,NA,NA,NA,NA,NA,NA,NA,NA,NA,NA,NA,NA,NA,NA,NA,NA,NA,NA,NA,NA,NA,NA,NA,NA,NA,NA,NA,NA,NA,NA,NA,NA,NA,NA,NA,NA,NA,NA,NA,NA,NA,NA,NA
RCC156,C,2020-11-06T00:00:00Z,1899-12-31T11:33:00Z,24.27,Cmere,NA,NA,NA,NA,NA,NA,24640,0.01,100,38.666666666666664,63724137.93103448,NA,NA,NA,17,1454,3628,3883,0.6255472572753026,1454,739,764,1120,1011,MANIP_EFFICACY_FPETIT2020,RCC0156_C_DM,Prochlorococcus,0.03,0,1,0.2884,1,0.2884,1,0,1,0,1,0,1,0,1,0,1,0,1,0,1,34.9491,1,0.3042,1,0,1,11.4276,1,11.4276,1,29.4873,1,0,1,29.4873,1,0,1,7.1022,1,0,1,7.1022,1
RCC156,C,2020-11-06T00:00:00Z,1899-12-31T11:33:00Z,4.854481799999999,1,269,247,78,259.851851851851,239.283950617283,71.395061728395,49947,0.1,10,38.666666666666664,12917327.586206898,NA,NA,NA,18,888,1532,1634,0.4565483476132191,888,558,1021,1517,1399,NA,NA,NA,NA,NA,NA,NA,NA,NA,NA,NA,NA,NA,NA,NA,NA,NA,NA,NA,NA,NA,NA,NA,NA,NA,NA,NA,NA,NA,NA,NA,NA,NA,NA,NA,NA,NA,NA,NA,NA,NA,NA,NA,NA,NA,NA,NA,NA
RCC156,C,2020-11-06T00:00:00Z,1899-12-31T11:44:00Z,0.97089636,2,144,103,85,139.113095238095,97.4821428571428,80.9940476190476,9805,0.1,10,38.666666666666664,2535775.8620689656,NA,NA,NA,18,614,751,772,0.20466321243523317,614,439,972,1455,1321,MANIP_EFFICACY_FPETIT2020,RCC0156_C_D2,Prochlorococcus,0.99503,0,1,0.0144,1,0.0144,1,0,1,0,1,0,1,0,1,0,1,0,1,0,1,1.2323,1,0.0123,1,0,1,0.4022,1,0.4022,1,1.0589,1,0,1,1.0589,1,0,1,0.2545,1,0,1,0.2545,1
RCC156,C,2020-11-06T00:00:00Z,1899-12-31T11:58:00Z,0.24272409,3,106,76,78,101.067567567567,69.831081081081,73.1689189189189,21647,"NA",1,38.666666666666664,559836.2068965518,NA,NA,NA,18,553,589,597,0.07370184254606366,553,416,943,1413,1277,NA,NA,NA,NA,NA,NA,NA,NA,NA,NA,NA,NA,NA,NA,NA,NA,NA,NA,NA,NA,NA,NA,NA,NA,NA,NA,NA,NA,NA,NA,NA,NA,NA,NA,NA,NA,NA,NA,NA,NA,NA,NA,NA,NA,NA,NA,NA,NA
RCC156,C,2020-11-06T00:00:00Z,1899-12-31T12:15:00Z,0.121362045,4,124,83,85,118.914110429447,77.6441717791411,80.0184049079754,12214,"NA",1,38.666666666666664,315879.3103448276,NA,NA,NA,18,564,591,563,-0.0017761989342806395,564,416,989,1478,1322,NA,NA,NA,NA,NA,NA,NA,NA,NA,NA,NA,NA,NA,NA,NA,NA,NA,NA,NA,NA,NA,NA,NA,NA,NA,NA,NA,NA,NA,NA,NA,NA,NA,NA,NA,NA,NA,NA,NA,NA,NA,NA,NA,NA,NA,NA,NA,NA
RCC156,C,2020-11-06T00:00:00Z,1899-12-31T12:28:00Z,0.04844792215568862,5,113,73,71,104.385093167701,69.0807453416149,66.5962732919254,5175,"NA",1,38.666666666666664,133836.20689655174,NA,NA,NA,18,562,575,563,0.0017761989342806395,562,417,996,1480,1286,NA,NA,NA,NA,NA,NA,NA,NA,NA,NA,NA,NA,NA,NA,NA,NA,NA,NA,NA,NA,NA,NA,NA,NA,NA,NA,NA,NA,NA,NA,NA,NA,NA,NA,NA,NA,NA,NA,NA,NA,NA,NA,NA,NA,NA,NA,NA,NA
RCC100,A,2020-10-28T00:00:00Z,1899-12-31T20:24:00Z,90.18,Cmere,NA,NA,NA,NA,NA,NA,31055,0.1,10,102.66666666666667,3024837.6623376627,NA,NA,NA,10,1232,"NA",2913,0.5020908004778972,1232,814,407,282,221,MANIP_EFFICACY_FPETIT2020,RCC0100_A_DM,Pelagomonas calceolata,0.01,19.4115,1,0,1,18.8503,1,0,1,0,1,0,1,13.3465,1,62.4045,1,3.7701,1,2.3312,1,0,1,0,1,0,1,0,1,0,1,0,1,94.1667,1,94.1667,1,0,1,0,1,2.1063,1,2.1063,1
RCC100,A,2020-10-28T00:00:00Z,1899-12-31T20:24:00Z,4.959923990999999,1,1138,1525,174,1116.4502617801,1481.37696335078,168.518324607329,21587,"NA",1,102.66666666666667,210262.987012987,NA,NA,NA,17,1561,"NA",3348,0.5337514934289128,1561,1058,984,1136,1013,NA,NA,NA,NA,NA,NA,NA,NA,NA,NA,NA,NA,NA,NA,NA,NA,NA,NA,NA,NA,NA,NA,NA,NA,NA,NA,NA,NA,NA,NA,NA,NA,NA,NA,NA,NA,NA,NA,NA,NA,NA,NA,NA,NA,NA,NA,NA,NA
RCC100,A,2020-10-28T00:00:00Z,1899-12-31T20:41:00Z,0.9018043619999998,2,301,353,90,295.464285714285,345.291666666666,83.7261904761904,3768,"NA",1,102.66666666666667,36701.2987012987,NA,NA,NA,18,911,"NA",1421,0.3589021815622801,911,659,1059,1466,1349,MANIP_EFFICACY_FPETIT2020,RCC0100_A_D2,Pelagomonas calceolata,0.98503,0.1977,1,0,1,0.1884,1,0,1,0,1,0,1,0.1374,1,0.6252,1,0.0388,1,0.0183,1,0,1,0,1,0,1,0,1,0,1,0,1,0.9369,1,0.9369,1,0,1,0,1,0.0198,1,0.0198,1
RCC100,A,2020-10-28T00:00:00Z,1899-12-31T21:10:00Z,0.4509021809999999,3,209,221,84,202.005988023952,214.275449101796,78.7245508982035,2088,"NA",1,102.66666666666667,20337.662337662336,NA,NA,NA,18,731,"NA",981,0.254841997961264,731,532,1000,1422,1280,NA,NA,NA,NA,NA,NA,NA,NA,NA,NA,NA,NA,NA,NA,NA,NA,NA,NA,NA,NA,NA,NA,NA,NA,NA,NA,NA,NA,NA,NA,NA,NA,NA,NA,NA,NA,NA,NA,NA,NA,NA,NA,NA,NA,NA,NA,NA,NA
RCC100,A,2020-10-28T00:00:00Z,1899-12-31T21:26:00Z,0.09018043619999999,4,109,103,85,102.727272727272,97.5645933014354,81.1818181818181,376,"NA",1,102.66666666666667,3662.337662337662,NA,NA,NA,18,578,"NA",646,0.10526315789473684,578,427,932,1356,1196,NA,NA,NA,NA,NA,NA,NA,NA,NA,NA,NA,NA,NA,NA,NA,NA,NA,NA,NA,NA,NA,NA,NA,NA,NA,NA,NA,NA,NA,NA,NA,NA,NA,NA,NA,NA,NA,NA,NA,NA,NA,NA,NA,NA,NA,NA,NA,NA
RCC100,A,2020-10-28T00:00:00Z,1899-12-31T21:48:00Z,0.04506768425787106,5,247,80,68,169.011764705882,75.6117647058823,64.0823529411764,184,"NA",1,102.66666666666667,1792.2077922077922,NA,NA,NA,18,575,"NA",593,0.03035413153456998,575,431,945,1381,1260,NA,NA,NA,NA,NA,NA,NA,NA,NA,NA,NA,NA,NA,NA,NA,NA,NA,NA,NA,NA,NA,NA,NA,NA,NA,NA,NA,NA,NA,NA,NA,NA,NA,NA,NA,NA,NA,NA,NA,NA,NA,NA,NA,NA,NA,NA,NA,NA
RCC100,B,2020-10-31T00:00:00Z,1899-12-31T17:15:00Z,91.19,Cmere,NA,NA,NA,NA,NA,NA,44977,0.1,10,102.66666666666667,4380876.623376624,NA,NA,NA,10,1322,"NA",2976,0.5557795698924731,1322,859,427,293,229,MANIP_EFFICACY_FPETIT2020,RCC0100_B_DM,Pelagomonas calceolata,0.01,21.6333,1,0,1,20.3357,1,0,1,0,1,0,1,12.8131,1,68.0189,1,3.9759,1,3.845,1,0.7183,1,0,1,0,1,0,1,0,1,0,1,105.1647,1,105.1647,1,0,1,0,1,2.5066,1,2.5066,1
RCC100,B,2020-10-31T00:00:00Z,1899-12-31T17:15:00Z,5.015525360450002,1,1174,1544,160,1150.05161290322,1514.29032258064,155.187096774193,25844,"NA",1,102.66666666666667,251727.2727272727,NA,NA,NA,16,1106,"NA",2184,0.4935897435897436,1106,745,665,749,653,NA,NA,NA,NA,NA,NA,NA,NA,NA,NA,NA,NA,NA,NA,NA,NA,NA,NA,NA,NA,NA,NA,NA,NA,NA,NA,NA,NA,NA,NA,NA,NA,NA,NA,NA,NA,NA,NA,NA,NA,NA,NA,NA,NA,NA,NA,NA,NA
RCC100,B,2020-10-31T00:00:00Z,1899-12-31T17:34:00Z,0.9119137019000002,2,318,367,96,309.659863945578,361.340136054421,92.2925170068027,4784,"NA",1,102.66666666666667,46597.40259740259,NA,NA,NA,17,733,"NA",1142,0.35814360770577935,733,525,833,1125,962,MANIP_EFFICACY_FPETIT2020,RCC0100_B_D,Pelagomonas calceolata,0.99503,0.2237,1,0,1,0.2078,1,0,1,0,1,0,1,0.134,1,0.6916,1,0.0423,1,0.0274,1,0,1,0,1,0,1,0,1,0,1,0,1,1.0595,1,1.0595,1,0,1,0,1,0.023,1,0.023,1
RCC100,B,2020-10-31T00:00:00Z,1899-12-31T17:51:00Z,0.4559568509500001,3,230,236,82,225.963768115942,229.942028985507,77.3985507246376,2694,"NA",1,102.66666666666667,26240.25974025974,NA,NA,NA,18,764,"NA",1018,0.24950884086444008,764,558,1014,1419,1315,NA,NA,NA,NA,NA,NA,NA,NA,NA,NA,NA,NA,NA,NA,NA,NA,NA,NA,NA,NA,NA,NA,NA,NA,NA,NA,NA,NA,NA,NA,NA,NA,NA,NA,NA,NA,NA,NA,NA,NA,NA,NA,NA,NA,NA,NA,NA,NA
RCC100,B,2020-10-31T00:00:00Z,1899-12-31T18:06:00Z,0.09110026992007994,4,124,103,75,119.56129032258,97.0064516129032,70.0645161290322,498,"NA",1,102.66666666666667,4850.64935064935,NA,NA,NA,18,555,"NA",620,0.10483870967741936,555,421,898,1298,1154,NA,NA,NA,NA,NA,NA,NA,NA,NA,NA,NA,NA,NA,NA,NA,NA,NA,NA,NA,NA,NA,NA,NA,NA,NA,NA,NA,NA,NA,NA,NA,NA,NA,NA,NA,NA,NA,NA,NA,NA,NA,NA,NA,NA,NA,NA,NA,NA
RCC100,B,2020-10-31T00:00:00Z,1899-12-31T18:18:00Z,0.04557289864567717,5,119,85,74,113.395209580838,80.2035928143712,67.9760479041916,149,"NA",1,102.66666666666667,1451.2987012987014,NA,NA,NA,18,694,"NA",745,0.06845637583892618,694,526,1121,1612,1429,NA,NA,NA,NA,NA,NA,NA,NA,NA,NA,NA,NA,NA,NA,NA,NA,NA,NA,NA,NA,NA,NA,NA,NA,NA,NA,NA,NA,NA,NA,NA,NA,NA,NA,NA,NA,NA,NA,NA,NA,NA,NA,NA,NA,NA,NA,NA,NA
RCC100,C,2020-11-02T00:00:00Z,1899-12-31T14:33:00Z,78.67,Cmere,NA,NA,NA,NA,NA,NA,36421,0.1,10,102.66666666666667,3547500,NA,NA,NA,10,1096,2280,2559,0.5717076983196561,1096,718,361,249,193,MANIP_EFFICACY_FPETIT2020,RCC0100_C_DM,Pelagomonas calceolata,0.03,18.4049,1,0,1,17.6727,1,1.7796,1,0,1,0,1,8.5635,1,57.9094,1,3.0626,1,3.0437,1,0,1,0,1,0,1,0,1,0,1,0,1,85.0371,1,86.8166,1,0,1,0,1,2.0471,1,2.0471,1
RCC100,C,2020-11-02T00:00:00Z,1899-12-31T14:33:00Z,17.30889985,0,3415,4133,350,3344.91719745222,4132.91719745223,340.866242038216,7946,0.1,10,102.66666666666667,773961.0389610389,NA,NA,NA,14,1321,2582,2970,0.5552188552188552,1321,871,540,474,392,NA,NA,NA,NA,NA,NA,NA,NA,NA,NA,NA,NA,NA,NA,NA,NA,NA,NA,NA,NA,NA,NA,NA,NA,NA,NA,NA,NA,NA,NA,NA,NA,NA,NA,NA,NA,NA,NA,NA,NA,NA,NA,NA,NA,NA,NA,NA,NA
RCC100,C,2020-11-02T00:00:00Z,1899-12-31T14:51:00Z,3.5404567874999997,1,915,1159,137,851.349397590361,1088.04819277108,129.746987951807,16115,"NA",1,102.66666666666667,156964.28571428568,NA,NA,NA,17,1223,2127,2415,0.49358178053830226,1223,834,881,1059,955,NA,NA,NA,NA,NA,NA,NA,NA,NA,NA,NA,NA,NA,NA,NA,NA,NA,NA,NA,NA,NA,NA,NA,NA,NA,NA,NA,NA,NA,NA,NA,NA,NA,NA,NA,NA,NA,NA,NA,NA,NA,NA,NA,NA,NA,NA,NA,NA
RCC100,C,2020-11-02T00:00:00Z,1899-12-31T15:13:00Z,1.1801522625,2,370,434,95,361.474683544303,427.107594936708,89.3227848101265,5805,"NA",1,102.66666666666667,56542.20779220779,NA,NA,NA,18,993,1543,1610,0.3832298136645963,993,706,1051,1399,1172,MANIP_EFFICACY_FPETIT2020,RCC0100_C_D2,Pelagomonas calceolata,0.99503,0.2845,1,0,1,0.2637,1,0,1,0,1,0,1,0.1422,1,0.9081,1,0.052,1,0.0344,1,0,1,0,1,0,1,0,1,0,1,0,1,1.2992,1,1.2992,1,0,1,0,1,0.0278,1,0.0278,1
RCC100,C,2020-11-02T00:00:00Z,1899-12-31T16:03:00Z,0.3933840875,3,159,174,76,153.459770114942,168.488505747126,70.6609195402298,1643,"NA",1,102.66666666666667,16003.246753246753,NA,NA,NA,18,654,798,816,0.19852941176470587,654,479,954,1348,1237,NA,NA,NA,NA,NA,NA,NA,NA,NA,NA,NA,NA,NA,NA,NA,NA,NA,NA,NA,NA,NA,NA,NA,NA,NA,NA,NA,NA,NA,NA,NA,NA,NA,NA,NA,NA,NA,NA,NA,NA,NA,NA,NA,NA,NA,NA,NA,NA
RCC100,C,2020-11-02T00:00:00Z,1899-12-31T16:02:00Z,0.07859821928071928,4,114,92,89,108.796052631578,87,84.7763157894736,403,"NA",1,102.66666666666667,3925.324675324675,NA,NA,NA,18,575,618,613,0.06199021207177814,575,437,952,1370,1250,NA,NA,NA,NA,NA,NA,NA,NA,NA,NA,NA,NA,NA,NA,NA,NA,NA,NA,NA,NA,NA,NA,NA,NA,NA,NA,NA,NA,NA,NA,NA,NA,NA,NA,NA,NA,NA,NA,NA,NA,NA,NA,NA,NA,NA,NA,NA,NA
RCC100,C,2020-11-02T00:00:00Z,1899-12-31T16:02:00Z,0.039318749375312344,5,168,77,79,119.763313609467,71.9763313609467,69.1597633136094,185,"NA",1,102.66666666666667,1801.948051948052,NA,NA,NA,18,562,586,592,0.05067567567567568,562,419,936,1342,1144,NA,NA,NA,NA,NA,NA,NA,NA,NA,NA,NA,NA,NA,NA,NA,NA,NA,NA,NA,NA,NA,NA,NA,NA,NA,NA,NA,NA,NA,NA,NA,NA,NA,NA,NA,NA,NA,NA,NA,NA,NA,NA,NA,NA,NA,NA,NA,NA
RCC3006,A,2020-10-29T00:00:00Z,1899-12-31T18:52:00Z,28.72,Cmere,NA,NA,NA,NA,NA,NA,482,"NA",1,103.33333333333333,4664.5161290322585,NA,NA,NA,15,722,"NA",3084,0.7658884565499352,722,513,640,513,456,MANIP_EFFICACY_FPETIT2020,RCC3006_A_DM,Scrippsiella (coastal dinoflagellate),0.03,0,1,0,1,5.4082,1,0,1,22.1765,1,0,1,0,1,0,1,3.6468,1,0,1,0,1,0,1,0,1,0,1,0,1,0,1,29.4061,1,29.4061,1,0,1,0,1,0.8101,1,0.8101,1
RCC3006,A,2020-10-29T00:00:00Z,1899-12-31T18:52:00Z,5.0268295,1,361,457,118,349.621951219512,437.798780487804,111.634146341463,59,"NA",1,103.33333333333333,285.48387096774195,NA,NA,NA,18,837,"NA",1356,0.3827433628318584,837,616,1150,1482,1362,NA,NA,NA,NA,NA,NA,NA,NA,NA,NA,NA,NA,NA,NA,NA,NA,NA,NA,NA,NA,NA,NA,NA,NA,NA,NA,NA,NA,NA,NA,NA,NA,NA,NA,NA,NA,NA,NA,NA,NA,NA,NA,NA,NA,NA,NA,NA,NA
RCC3006,A,2020-10-29T00:00:00Z,1899-12-31T19:06:00Z,1.0053659,2,156,176,80,150.426829268292,163.615853658536,75.7743902439024,20,"NA",1,103.33333333333333,96.7741935483871,NA,NA,NA,18,614,"NA",840,0.26904761904761904,614,459,969,1362,1226,MANIP_EFFICACY_FPETIT2020,RCC3006_A_D2,Scrippsiella (coastal dinoflagellate),0.99503,0,1,0,1,0.3218,1,0,1,1.28,1,0,1,0,1,0,1,0.2054,1,0,1,0,1,0,1,0,1,0,1,0,1,0,1,1.6963,1,1.6963,1,0,1,0,1,0.0485,1,0.0485,1
RCC3006,A,2020-10-29T00:00:00Z,1899-12-31T19:23:00Z,0.2872474,3,104,100,81,96,94.1524390243902,73.6768292682926,11,"NA",1,103.33333333333333,35.483870967741936,NA,NA,NA,18,559,"NA",640,0.1265625,559,420,944,1357,1232,NA,NA,NA,NA,NA,NA,NA,NA,NA,NA,NA,NA,NA,NA,NA,NA,NA,NA,NA,NA,NA,NA,NA,NA,NA,NA,NA,NA,NA,NA,NA,NA,NA,NA,NA,NA,NA,NA,NA,NA,NA,NA,NA,NA,NA,NA,NA,NA
RCC3006,A,2020-10-29T00:00:00Z,1899-12-31T19:40:00Z,0.1436237,4,88,78,67,83.2275449101796,72.4011976047904,63.2155688622754,2,"NA",1,103.33333333333333,3.8709677419354844,NA,NA,NA,18,556,"NA",579,0.039723661485319514,556,418,934,1357,1230,NA,NA,NA,NA,NA,NA,NA,NA,NA,NA,NA,NA,NA,NA,NA,NA,NA,NA,NA,NA,NA,NA,NA,NA,NA,NA,NA,NA,NA,NA,NA,NA,NA,NA,NA,NA,NA,NA,NA,NA,NA,NA,NA,NA,NA,NA,NA,NA
RCC3006,A,2020-10-29T00:00:00Z,1899-12-31T19:57:00Z,0.05733481037924151,5,81,68,71,77.1607142857142,62.6547619047619,65.7023809523809,3,"NA",1,103.33333333333333,5.806451612903226,NA,NA,NA,18,559,"NA",557,-0.003590664272890485,559,419,941,1369,1293,NA,NA,NA,NA,NA,NA,NA,NA,NA,NA,NA,NA,NA,NA,NA,NA,NA,NA,NA,NA,NA,NA,NA,NA,NA,NA,NA,NA,NA,NA,NA,NA,NA,NA,NA,NA,NA,NA,NA,NA,NA,NA,NA,NA,NA,NA,NA,NA
RCC3006,B,2020-11-01T00:00:00Z,1899-12-31T19:07:00Z,64.81,Cmere,NA,NA,NA,NA,NA,NA,469,"NA",1,103.33333333333333,4538.709677419355,NA,NA,NA,15,818,"NA",4135,0.8021765417170496,818,582,716,551,481,MANIP_EFFICACY_FPETIT2020,RCC3006_B_DM,Scrippsiella (coastal dinoflagellate),0.03,0,1,0,1,11.4666,1,0,1,44.4012,1,0,1,0,1,0,1,6.9208,1,0,1,0.123,1,0,1,0,1,0,1,0,1,0,1,60.9091,1,60.9091,1,0,1,0,1,1.7874,1,1.7874,1
RCC3006,B,2020-11-01T00:00:00Z,1899-12-31T19:07:00Z,9.7222871385,0,497,623,151,475.016483516483,601.615384615384,145.890109890109,2.0824175824175799,"NA",1,103.33333333333333,929.0322580645162,NA,NA,NA,18,962,1650,2495,0.6144288577154309,962,699,1207,1435,1277,NA,NA,NA,NA,NA,NA,NA,NA,NA,NA,NA,NA,NA,NA,NA,NA,NA,NA,NA,NA,NA,NA,NA,NA,NA,NA,NA,NA,NA,NA,NA,NA,NA,NA,NA,NA,NA,NA,NA,NA,NA,NA,NA,NA,NA,NA,NA,NA
RCC3006,B,2020-11-01T00:00:00Z,1899-12-31T17:51:00Z,4.537067331299999,1,217,258,94,210.116564417177,244.613496932515,89.2085889570552,25,"NA",1,103.33333333333333,120.96774193548387,NA,NA,NA,18,767,984,1187,0.35383319292333615,767,571,1158,1573,1383,NA,NA,NA,NA,NA,NA,NA,NA,NA,NA,NA,NA,NA,NA,NA,NA,NA,NA,NA,NA,NA,NA,NA,NA,NA,NA,NA,NA,NA,NA,NA,NA,NA,NA,NA,NA,NA,NA,NA,NA,NA,NA,NA,NA,NA,NA,NA,NA
RCC3006,B,2020-11-01T00:00:00Z,1899-12-31T18:08:00Z,0.97222871385,2,117,113,79,110.95731707317,104.091463414634,73.8292682926829,5,"NA",1,103.33333333333333,16.129032258064516,NA,NA,NA,18,583,640,639,0.08763693270735524,583,427,962,1368,1248,MANIP_EFFICACY_FPETIT2020,RCC3006_B_D2,Scrippsiella (coastal dinoflagellate),0.99503,0,1,0,1,0.6745,1,0,1,2.4741,1,0,1,0,1,0,1,0.4149,1,0,1,0,1,0,1,0,1,0,1,0,1,0,1,3.4574,1,3.4574,1,0.0314,1,0,1,0.0998,1,0.0998,1
RCC3006,B,2020-11-01T00:00:00Z,1899-12-31T18:27:00Z,0.32407623795,3,114,86,79,109.58125,80.40625,73.8625,2,"NA",1,103.33333333333333,3.8709677419354844,NA,NA,NA,18,558,594,596,0.06375838926174497,558,415,939,1347,1209,NA,NA,NA,NA,NA,NA,NA,NA,NA,NA,NA,NA,NA,NA,NA,NA,NA,NA,NA,NA,NA,NA,NA,NA,NA,NA,NA,NA,NA,NA,NA,NA,NA,NA,NA,NA,NA,NA,NA,NA,NA,NA,NA,NA,NA,NA,NA,NA
RCC3006,B,2020-11-01T00:00:00Z,1899-12-31T18:45:00Z,0.06475049709290709,4,89,68,72,85,62.5882352941176,67.3058823529411,0,"NA",1,103.33333333333333,0,NA,NA,NA,18,661,673,720,0.08194444444444444,661,508,1097,1586,1561,NA,NA,NA,NA,NA,NA,NA,NA,NA,NA,NA,NA,NA,NA,NA,NA,NA,NA,NA,NA,NA,NA,NA,NA,NA,NA,NA,NA,NA,NA,NA,NA,NA,NA,NA,NA,NA,NA,NA,NA,NA,NA,NA,NA,NA,NA,NA,NA
RCC3006,C,2020-11-06T00:00:00Z,1899-12-31T14:54:00Z,54.89,Cmere,NA,NA,NA,NA,NA,NA,556,"NA",1,103.33333333333333,5380.645161290323,NA,NA,NA,15,1344,3820,4959,0.7289776164549304,1344,958,1104,736,650,MANIP_EFFICACY_FPETIT2020,RCC3006_C_DM,Scrippsiella (coastal dinoflagellate),0.03,0,1,0,1,13.751,1,0,1,52.4519,1,0,1,0,1,0,1,8.4355,1,0,1,0,1,0,1,0,1,0,1,0,1,0,1,72.1225,1,72.1225,1,0,1,0,1,2.2614,1,2.2614,1
RCC3006,C,2020-11-06T00:00:00Z,1899-12-31T14:54:00Z,4.9408320645,1,308,356,113,295.377049180327,341.55737704918,106.551912568306,51,"NA",1,103.33333333333333,246.7741935483871,NA,NA,NA,18,794,1207,1487,0.4660390047074647,794,582,1126,1497,1373,NA,NA,NA,NA,NA,NA,NA,NA,NA,NA,NA,NA,NA,NA,NA,NA,NA,NA,NA,NA,NA,NA,NA,NA,NA,NA,NA,NA,NA,NA,NA,NA,NA,NA,NA,NA,NA,NA,NA,NA,NA,NA,NA,NA,NA,NA,NA,NA
RCC3006,C,2020-11-06T00:00:00Z,1899-12-31T15:09:00Z,1.097962681,2,194,148,100,186.201219512195,139.237804878048,95.4146341463414,10,"NA",1,103.33333333333333,48.38709677419355,NA,NA,NA,18,588,673,726,0.19008264462809918,588,438,958,1386,1236,MANIP_EFFICACY_FPETIT2020,RCC3006_C_D2,Scrippsiella (coastal dinoflagellate),0.99503,0,1,0,1,0.2212,1,0,1,0.8953,1,0,1,0,1,0,1,0.1195,1,0,1,0,1,0,1,0,1,0,1,0,1,0,1,1.2557,1,1.2557,1,0,1,0,1,0.0359,1,0.0359,1
RCC3006,C,2020-11-06T00:00:00Z,1899-12-31T10:01:00Z,0.27449067025,3,130,94,86,123.695906432748,83.9883040935672,80.046783625731,1,"NA",1,103.33333333333333,3.225806451612903,NA,NA,NA,18,588,628,633,0.07109004739336493,588,435,973,1429,1317,NA,NA,NA,NA,NA,NA,NA,NA,NA,NA,NA,NA,NA,NA,NA,NA,NA,NA,NA,NA,NA,NA,NA,NA,NA,NA,NA,NA,NA,NA,NA,NA,NA,NA,NA,NA,NA,NA,NA,NA,NA,NA,NA,NA,NA,NA,NA,NA
RCC3006,C,2020-11-06T00:00:00Z,1899-12-31T15:36:00Z,0.1095771138722555,4,100,76,76,94.0717948717948,71.9179487179487,71.2153846153846,3,"NA",1,103.33333333333333,5.806451612903226,NA,NA,NA,18,561,584,570,0.015789473684210527,561,422,964,1424,1279,NA,NA,NA,NA,NA,NA,NA,NA,NA,NA,NA,NA,NA,NA,NA,NA,NA,NA,NA,NA,NA,NA,NA,NA,NA,NA,NA,NA,NA,NA,NA,NA,NA,NA,NA,NA,NA,NA,NA,NA,NA,NA,NA,NA,NA,NA,NA,NA
RCC3006,C,2020-11-06T00:00:00Z,1899-12-31T15:51:00Z,0.08222386527708438,5,112,76,80,106.930481283422,70.4973262032085,73.1069518716577,0,"NA",1,103.33333333333333,0,NA,NA,NA,18,538,552,573,0.06108202443280977,538,402,938,1387,1215,NA,NA,NA,NA,NA,NA,NA,NA,NA,NA,NA,NA,NA,NA,NA,NA,NA,NA,NA,NA,NA,NA,NA,NA,NA,NA,NA,NA,NA,NA,NA,NA,NA,NA,NA,NA,NA,NA,NA,NA,NA,NA,NA,NA,NA,NA,NA,NA
RCC4213,A,2020-10-29T00:00:00Z,1899-12-31T16:36:00Z,67.87,Cmere,NA,NA,NA,NA,NA,NA,"NA","NA",1,104.5,NA,NA,NA,NA,12,1363,"NA",4297,0.6828019548522225,1363,731,776,424,414,MANIP_EFFICACY_FPETIT2020,RCC4213_A_DM,Minidiscus sp.,0.011,0,1,0,1,9.7132,1,1.1305,1,0,1,0,1,0,1,53.1469,1,8.5,1,1.9703,1,0,1,0,1,0,1,0,1,0,1,0,1,95.1897,1,96.3202,1,0,1,0,1,2.4536,1,2.4536,1
RCC4213,A,2020-10-29T00:00:00Z,1899-12-31T16:36:00Z,5.278469192422731,1,638,698,141,618.584337349397,673.44578313253,135.771084337349,3327,"NA",1,104.5,31837.320574162677,NA,NA,NA,18,1453,"NA",3484,0.5829506314580941,1453,882,1380,1526,1446,NA,NA,NA,NA,NA,NA,NA,NA,NA,NA,NA,NA,NA,NA,NA,NA,NA,NA,NA,NA,NA,NA,NA,NA,NA,NA,NA,NA,NA,NA,NA,NA,NA,NA,NA,NA,NA,NA,NA,NA,NA,NA,NA,NA,NA,NA,NA,NA
RCC4213,A,2020-10-29T00:00:00Z,1899-12-31T16:50:00Z,1.0849262737262737,2,202,188,84,193.442748091603,179.099236641221,78.0763358778625,623,"NA",1,104.5,5961.722488038277,NA,NA,NA,18,721,"NA",1109,0.34986474301172227,721,500,1030,1408,1268,MANIP_EFFICACY_FPETIT2020,RCC4213_A_D2,Minidiscus sp.,0.99503,0,1,0,1,0.1688,1,0.0132,1,0,1,0,1,0,1,0.86,1,0.1437,1,0.0185,1,0,1,0,1,0,1,0,1,0,1,0,1,1.5275,1,1.5407,1,0,1,0,1,0.0371,1,0.0371,1
RCC4213,A,2020-10-29T00:00:00Z,1899-12-31T17:10:00Z,0.33937849999999997,3,118,108,74,113.75625,102.9375,69.7625,239,"NA",1,104.5,2287.0813397129186,NA,NA,NA,18,623,"NA",753,0.17264276228419656,623,447,1001,1433,1324,NA,NA,NA,NA,NA,NA,NA,NA,NA,NA,NA,NA,NA,NA,NA,NA,NA,NA,NA,NA,NA,NA,NA,NA,NA,NA,NA,NA,NA,NA,NA,NA,NA,NA,NA,NA,NA,NA,NA,NA,NA,NA,NA,NA,NA,NA,NA,NA
RCC4213,A,2020-10-29T00:00:00Z,1899-12-31T17:34:00Z,0.0678078921078921,4,90,76,69,86.108280254777,69.7261146496815,63.9426751592356,57,"NA",1,104.5,545.4545454545454,NA,NA,NA,18,568,"NA",598,0.05016722408026756,568,430,948,1379,1302,NA,NA,NA,NA,NA,NA,NA,NA,NA,NA,NA,NA,NA,NA,NA,NA,NA,NA,NA,NA,NA,NA,NA,NA,NA,NA,NA,NA,NA,NA,NA,NA,NA,NA,NA,NA,NA,NA,NA,NA,NA,NA,NA,NA,NA,NA,NA,NA
RCC4213,A,2020-10-29T00:00:00Z,1899-12-31T17:49:00Z,0.033920889555222385,5,86,71,69,81.5849056603773,66.3962264150943,63.7295597484276,NA,"NA",1,104.5,0,NA,NA,NA,18,556,"NA",565,0.01592920353982301,556,417,937,1361,1273,NA,NA,NA,NA,NA,NA,NA,NA,NA,NA,NA,NA,NA,NA,NA,NA,NA,NA,NA,NA,NA,NA,NA,NA,NA,NA,NA,NA,NA,NA,NA,NA,NA,NA,NA,NA,NA,NA,NA,NA,NA,NA,NA,NA,NA,NA,NA,NA
RCC4213,B,2020-10-30T00:00:00Z,1899-12-31T20:26:00Z,42.99,Cmere,NA,NA,NA,NA,NA,NA,24047,"NA",1,104.5,230114.83253588516,NA,NA,NA,14,1297,"NA",3777,0.6566057717765422,1297,704,792,499,475,MANIP_EFFICACY_FPETIT2020,RCC4213_B_DM,Minidiscus sp.,0.025,0,1,0,1,5.0203,1,0.6761,1,0,1,0,1,0,1,27.0637,1,4.8211,1,1.0603,1,0.4451,1,0,1,0,1,0,1,0,1,0,1,49.3027,1,49.9788,1,0,1,0,1,1.343,1,1.343,1
RCC4213,B,2020-10-30T00:00:00Z,1899-12-31T20:26:00Z,5.1599831412,1,539,556,133,491.592814371257,509.952095808383,127.425149700598,2782,"NA",1,104.5,26622.00956937799,NA,NA,NA,18,1290,"NA",2727,0.5269526952695269,1290,795,1315,1508,1401,NA,NA,NA,NA,NA,NA,NA,NA,NA,NA,NA,NA,NA,NA,NA,NA,NA,NA,NA,NA,NA,NA,NA,NA,NA,NA,NA,NA,NA,NA,NA,NA,NA,NA,NA,NA,NA,NA,NA,NA,NA,NA,NA,NA,NA,NA,NA,NA
RCC4213,B,2020-10-30T00:00:00Z,1899-12-31T20:41:00Z,1.07499648775,2,189,170,85,182.317365269461,161.51497005988,79.317365269461,550,"NA",1,104.5,5263.1578947368425,NA,NA,NA,18,712,"NA",993,0.28298086606243705,712,493,987,1343,1199,MANIP_EFFICACY_FPETIT2020,RCC4213_B_D,Minidiscus sp.,0.99503,0,1,0,1,0.115,1,0.0112,1,0,1,0,1,0,1,0.614,1,0.1147,1,0.0195,1,0,1,0,1,0,1,0,1,0,1,0,1,1.1038,1,1.115,1,0,1,0,1,0.028,1,0.028,1
RCC4213,B,2020-10-30T00:00:00Z,1899-12-31T21:02:00Z,0.42999859509999994,3,142,121,84,136.8,114.8,78.1548387096774,294,"NA",1,104.5,2813.397129186603,NA,NA,NA,18,673,"NA",798,0.15664160401002505,673,495,1010,1395,1257,NA,NA,NA,NA,NA,NA,NA,NA,NA,NA,NA,NA,NA,NA,NA,NA,NA,NA,NA,NA,NA,NA,NA,NA,NA,NA,NA,NA,NA,NA,NA,NA,NA,NA,NA,NA,NA,NA,NA,NA,NA,NA,NA,NA,NA,NA,NA,NA
RCC4213,B,2020-10-30T00:00:00Z,1899-12-31T21:19:00Z,0.21499929754999997,4,185,104,95,158.238095238095,97.0416666666666,90.7261904761904,125,"NA",1,104.5,1196.1722488038279,NA,NA,NA,18,604,"NA",667,0.0944527736131934,604,442,950,1342,1193,NA,NA,NA,NA,NA,NA,NA,NA,NA,NA,NA,NA,NA,NA,NA,NA,NA,NA,NA,NA,NA,NA,NA,NA,NA,NA,NA,NA,NA,NA,NA,NA,NA,NA,NA,NA,NA,NA,NA,NA,NA,NA,NA,NA,NA,NA,NA,NA
RCC4213,B,2020-10-30T00:00:00Z,1899-12-31T21:32:00Z,0.0429569026073926,5,106,72,73,101.065476190476,68.2619047619047,68.2440476190476,70,"NA",1,104.5,334.9282296650718,NA,NA,NA,18,630,"NA",632,0.0031645569620253164,630,465,994,1408,1261,NA,NA,NA,NA,NA,NA,NA,NA,NA,NA,NA,NA,NA,NA,NA,NA,NA,NA,NA,NA,NA,NA,NA,NA,NA,NA,NA,NA,NA,NA,NA,NA,NA,NA,NA,NA,NA,NA,NA,NA,NA,NA,NA,NA,NA,NA,NA,NA
RCC4213,C,2020-11-01T00:00:00Z,1899-12-31T19:44:00Z,47.1,Cmere,NA,NA,NA,NA,NA,NA,28770,"NA",1,104.5,275311.004784689,NA,NA,NA,14,1477,3796,4316,0.6577849860982391,1477,789,871,518,496,MANIP_EFFICACY_FPETIT2020,RCC4213_C_DM,Minidiscus sp.,0.03,0,1,0,1,6.2061,1,0.8696,1,0,1,0,1,0,1,31.9696,1,7.5703,1,1.6439,1,0,1,0,1,0,1,0,1,0,1,0,1,58.9267,1,59.7963,1,0,1,0,1,1.5196,1,1.5196,1
RCC4213,C,2020-11-01T00:00:00Z,1899-12-31T19:44:00Z,5.181636020000001,1,587,605,133,560.881656804733,574.75147928994,125.272189349112,3390,"NA",1,104.5,32440.191387559807,NA,NA,NA,18,1344,2696,2824,0.5240793201133145,1344,826,1348,1516,1401,NA,NA,NA,NA,NA,NA,NA,NA,NA,NA,NA,NA,NA,NA,NA,NA,NA,NA,NA,NA,NA,NA,NA,NA,NA,NA,NA,NA,NA,NA,NA,NA,NA,NA,NA,NA,NA,NA,NA,NA,NA,NA,NA,NA,NA,NA,NA,NA
RCC4213,C,2020-11-01T00:00:00Z,1899-12-31T20:02:00Z,0.9421156400000001,2,177,162,86,169.547619047619,155.130952380952,80.9880952380952,587,"NA",1,104.5,5617.224880382775,NA,NA,NA,18,689,944,980,0.2969387755102041,689,488,990,1355,1220,MANIP_EFFICACY_FPETIT2020,RCC4213_C_D2,Minidiscus sp.,0.99503,0,1,0,1,0.1206,1,0.0138,1,0,1,0,1,0,1,0.6313,1,0.1538,1,0.0237,1,0.0039,1,0,1,0,1,0,1,0,1,0,1,1.1782,1,1.192,1,0,1,0,1,0.0306,1,0.0306,1
RCC4213,C,2020-11-01T00:00:00Z,1899-12-31T20:21:00Z,0.47105782000000007,3,139,114,80,134.209580838323,109.706586826347,76.125748502994,290,"NA",1,104.5,2775.11961722488,NA,NA,NA,18,620,739,750,0.17333333333333334,620,446,956,1339,1260,NA,NA,NA,NA,NA,NA,NA,NA,NA,NA,NA,NA,NA,NA,NA,NA,NA,NA,NA,NA,NA,NA,NA,NA,NA,NA,NA,NA,NA,NA,NA,NA,NA,NA,NA,NA,NA,NA,NA,NA,NA,NA,NA,NA,NA,NA,NA,NA
RCC4213,C,2020-11-01T00:00:00Z,1899-12-31T20:40:00Z,0.23552891000000004,4,118,95,74,114.662068965517,89.0758620689655,68.2551724137931,150,"NA",1,104.5,1435.4066985645932,NA,NA,NA,18,587,654,672,0.12648809523809523,587,427,966,1373,1211,NA,NA,NA,NA,NA,NA,NA,NA,NA,NA,NA,NA,NA,NA,NA,NA,NA,NA,NA,NA,NA,NA,NA,NA,NA,NA,NA,NA,NA,NA,NA,NA,NA,NA,NA,NA,NA,NA,NA,NA,NA,NA,NA,NA,NA,NA,NA,NA
RCC4213,C,2020-11-01T00:00:00Z,1899-12-31T20:58:00Z,0.04705872327672328,5,89,77,70,83.5977653631284,72.5139664804469,65.4413407821229,32,"NA",1,104.5,153.11004784688996,NA,NA,NA,18,569,584,582,0.022336769759450172,569,425,947,1359,1210,NA,NA,NA,NA,NA,NA,NA,NA,NA,NA,NA,NA,NA,NA,NA,NA,NA,NA,NA,NA,NA,NA,NA,NA,NA,NA,NA,NA,NA,NA,NA,NA,NA,NA,NA,NA,NA,NA,NA,NA,NA,NA,NA,NA,NA,NA,NA,NA
RCC76,A,2020-10-29T00:00:00Z,1899-12-31T13:28:00Z,173.66,Cmere,NA,NA,NA,NA,NA,NA,4058,"NA",1,98.66666666666667,41128.37837837838,NA,NA,NA,12,1174,"NA",4301,0.727040223203906,1174,598,668,372,403,MANIP_EFFICACY_FPETIT2020,RCC0076_A_DM,Thalassiosira weissflogii,0.02,0,1,0,1,7.3738,1,1.9741,1,0,1,0,1,0,1,34.975,1,10.3332,1,1.5088,1,0,1,0.0673,1,0,1,0,1,0,1,0,1,107.8937,1,109.8678,1,0,1,0,1,3.1559,1,3.1559,1
RCC76,A,2020-10-29T00:00:00Z,1899-12-31T14:53:00Z,17.366887,0,795,794,173,737.925675675675,723.52027027027,165.425675675675,418,"NA",1,98.66666666666667,4236.486486486486,NA,NA,NA,17,1277,"NA",3642,0.6493684788577705,1277,732,1099,1142,1107,MANIP_EFFICACY_FPETIT2020,RCC0076_A_D0,Thalassiosira weissflogii,0.45503,0,1,0,1,1.6891,1,0.3782,1,0,1,0,1,0,1,7.4864,1,2.1681,1,0.3087,1,0,1,0.0277,1,0,1,0,1,0,1,0,1,22.8424,1,23.2206,1,0.1321,1,0,1,0.6669,1,0.6669,1
RCC76,A,2020-10-29T00:00:00Z,1899-12-31T13:28:00Z,5.2100661,1,318,293,100,277.321212121212,266.315151515151,90.9757575757575,102,"NA",1,98.66666666666667,1033.7837837837837,NA,NA,NA,18,965,"NA",2058,0.5310981535471332,965,613,1148,1451,1264,NA,NA,NA,NA,NA,NA,NA,NA,NA,NA,NA,NA,NA,NA,NA,NA,NA,NA,NA,NA,NA,NA,NA,NA,NA,NA,NA,NA,NA,NA,NA,NA,NA,NA,NA,NA,NA,NA,NA,NA,NA,NA,NA,NA,NA,NA,NA,NA
RCC76,A,2020-10-29T00:00:00Z,1899-12-31T13:46:00Z,0.86834435,2,130,105,74,124.857142857142,98.3831168831168,68.1623376623376,12,"NA",1,98.66666666666667,60.81081081081081,NA,NA,NA,18,648,"NA",810,0.2,648,468,998,1427,1356,MANIP_EFFICACY_FPETIT2020,RCC0076_A_D2,Thalassiosira weissflogii,0.99503,0,1,0,1,0.0688,1,0.0121,1,0,1,0,1,0,1,0.3522,1,0.1028,1,0.0138,1,0,1,0,1,0,1,0,1,0,1,0,1,1.0713,1,1.0834,1,0,1,0,1,0.0302,1,0.0302,1
RCC76,A,2020-10-29T00:00:00Z,1899-12-31T14:01:00Z,0.3466444510978044,3,122,87,79,116.481927710843,81.4578313253012,74.8734939759036,10,"NA",1,98.66666666666667,50.67567567567567,NA,NA,NA,18,579,"NA",659,0.12139605462822459,579,421,948,1368,1261,NA,NA,NA,NA,NA,NA,NA,NA,NA,NA,NA,NA,NA,NA,NA,NA,NA,NA,NA,NA,NA,NA,NA,NA,NA,NA,NA,NA,NA,NA,NA,NA,NA,NA,NA,NA,NA,NA,NA,NA,NA,NA,NA,NA,NA,NA,NA,NA
RCC76,A,2020-10-29T00:00:00Z,1899-12-31T14:34:00Z,0.17349537462537462,4,96,74,76,91.1753246753246,69.2792207792207,69.8376623376623,7,"NA",1,98.66666666666667,35.47297297297297,NA,NA,NA,18,583,"NA",618,0.05663430420711974,583,423,961,1393,1283,NA,NA,NA,NA,NA,NA,NA,NA,NA,NA,NA,NA,NA,NA,NA,NA,NA,NA,NA,NA,NA,NA,NA,NA,NA,NA,NA,NA,NA,NA,NA,NA,NA,NA,NA,NA,NA,NA,NA,NA,NA,NA,NA,NA,NA,NA,NA,NA
RCC76,A,2020-10-29T00:00:00Z,1899-12-31T15:10:00Z,0.08679103948025987,5,109,72,73,102.35625,66.21875,68.1,1,"NA",1,98.66666666666667,3.3783783783783785,NA,NA,NA,18,566,"NA",577,0.019064124783362217,566,418,971,1412,1267,NA,NA,NA,NA,NA,NA,NA,NA,NA,NA,NA,NA,NA,NA,NA,NA,NA,NA,NA,NA,NA,NA,NA,NA,NA,NA,NA,NA,NA,NA,NA,NA,NA,NA,NA,NA,NA,NA,NA,NA,NA,NA,NA,NA,NA,NA,NA,NA
RCC76,B,2020-10-31T00:00:00Z,1899-12-31T13:16:00Z,190.85,Cmere,NA,NA,NA,NA,NA,NA,3769,"NA",1,98.66666666666667,38199.32432432432,NA,NA,NA,12,1308,"NA",4650,0.7187096774193549,1308,673,753,443,475,MANIP_EFFICACY_FPETIT2020,RCC0076_B_DM,Thalassiosira weissflogii,0.01,0,1,0,1,15.5459,1,3.4165,1,0,1,0,1,0,1,75.7255,1,23.8137,1,3.4746,1,0,1,0,1,0,1,0,1,0,1,0,1,232.9485,1,236.3649,1,0,1,0,1,6.7851,1,6.7851,1
RCC76,B,2020-10-31T00:00:00Z,1899-12-31T14:36:00Z,19.085539894999997,0,841,791,189,810.483333333333,763.794444444444,182.733333333333,360,"NA",1,98.66666666666667,3648.6486486486488,NA,NA,NA,17,1302,"NA",3055,0.5738134206219313,1302,746,1082,1093,1049,MANIP_EFFICACY_FPETIT2020,RCC0076_B_D0,Thalassiosira weissflogii,0.5,0,1,0,1,1.6828,1,0.4501,1,0,1,0,1,0,1,7.6761,1,2.2792,1,0.3234,1,0,1,0.0236,1,0,1,0,1,0,1,0,1,23.1862,1,23.6362,1,0.1247,1,0,1,0.6785,1,0.6785,1
RCC76,B,2020-10-31T00:00:00Z,1899-12-31T13:16:00Z,5.7256619685,1,368,310,124,356.371428571428,297.931428571428,120.011428571428,151,"NA",1,98.66666666666667,1530.4054054054052,NA,NA,NA,18,1030,"NA",2193,0.5303237574099408,1030,657,1187,1485,1367,NA,NA,NA,NA,NA,NA,NA,NA,NA,NA,NA,NA,NA,NA,NA,NA,NA,NA,NA,NA,NA,NA,NA,NA,NA,NA,NA,NA,NA,NA,NA,NA,NA,NA,NA,NA,NA,NA,NA,NA,NA,NA,NA,NA,NA,NA,NA,NA
RCC76,B,2020-10-31T00:00:00Z,1899-12-31T13:29:00Z,1.9085539894999999,2,236,169,123,227.511627906976,161.972093023255,117.679069767441,37,"NA",1,98.66666666666667,375,NA,NA,NA,18,753,"NA",1149,0.34464751958224543,753,525,1058,1447,1293,MANIP_EFFICACY_FPETIT2020,RCC0076_B_D2,Thalassiosira weissflogii,0.99503,0,1,0,1,0.1641,1,0.0243,1,0.0171,1,0,1,0,1,0.7676,1,0.2377,1,0.0345,1,0,1,0,1,0,1,0,1,0,1,0,1,2.4064,1,2.4308,1,0,1,0,1,0.0655,1,0.0655,1
RCC76,B,2020-10-31T00:00:00Z,1899-12-31T13:46:00Z,0.38094890009980037,3,121,106,80,114.160714285714,97.8095238095238,74.8869047619047,17,"NA",1,98.66666666666667,172.2972972972973,NA,NA,NA,18,620,"NA",768,0.19270833333333334,620,451,976,1389,1274,NA,NA,NA,NA,NA,NA,NA,NA,NA,NA,NA,NA,NA,NA,NA,NA,NA,NA,NA,NA,NA,NA,NA,NA,NA,NA,NA,NA,NA,NA,NA,NA,NA,NA,NA,NA,NA,NA,NA,NA,NA,NA,NA,NA,NA,NA,NA,NA
RCC76,B,2020-10-31T00:00:00Z,1899-12-31T15:29:00Z,0.09538000947026487,4,165,209,104,159.485029940119,203.91616766467,100.335329341317,3,"NA",1,98.66666666666667,6.081081081081081,NA,NA,NA,18,548,"NA",576,0.04861111111111111,548,408,939,1362,1147,NA,NA,NA,NA,NA,NA,NA,NA,NA,NA,NA,NA,NA,NA,NA,NA,NA,NA,NA,NA,NA,NA,NA,NA,NA,NA,NA,NA,NA,NA,NA,NA,NA,NA,NA,NA,NA,NA,NA,NA,NA,NA,NA,NA,NA,NA,NA,NA
RCC76,B,2020-10-31T00:00:00Z,1899-12-31T14:12:00Z,0.03816344710057988,5,126,89,116,120.304347826086,79.8819875776397,97.2111801242236,1,"NA",1,98.66666666666667,2.0270270270270268,NA,NA,NA,18,629,"NA",654,0.0382262996941896,629,475,1047,1515,1278,NA,NA,NA,NA,NA,NA,NA,NA,NA,NA,NA,NA,NA,NA,NA,NA,NA,NA,NA,NA,NA,NA,NA,NA,NA,NA,NA,NA,NA,NA,NA,NA,NA,NA,NA,NA,NA,NA,NA,NA,NA,NA,NA,NA,NA,NA,NA,NA
RCC76,C,2020-11-02T00:00:00Z,1899-12-31T11:41:00Z,98.62,Cmere,NA,NA,NA,NA,NA,NA,3860,"NA",1,98.66666666666667,39121.62162162162,NA,NA,NA,12,1153,3591,4084,0.7176787463271302,1153,583,644,382,411,MANIP_EFFICACY_FPETIT2020,RCC0076_C_DM,Thalassiosira weissflogii,0.03,0,1,0,1,13.6677,1,3.8843,1,0,1,0,1,0,1,62.7398,1,20.1881,1,3.3157,1,0,1,0.1276,1,0,1,0,1,0,1,0,1,191.6155,1,195.4998,1,1.1769,1,0,1,5.755,1,5.755,1
RCC76,C,2020-11-02T00:00:00Z,1899-12-31T11:41:00Z,19.725775600000002,0,1291,1274,234,1223.90909090909,1209.67878787878,223.430303030303,685,"NA",1,98.66666666666667,6942.5675675675675,NA,NA,NA,16,1421,3978,4217,0.6630305904671567,1421,768,1022,903,874,MANIP_EFFICACY_FPETIT2020,RCC0076_C_D0,Thalassiosira weissflogii,0.23003,0,1,0,1,3.0893,1,0.9001,1,0,1,0,1,0,1,13.5979,1,4.2661,1,0.6919,1,0,1,0.0276,1,0,1,0,1,0,1,0,1,41.2024,1,42.1025,1,0.2353,1,0,1,1.2211,1,1.2211,1
RCC76,C,2020-11-02T00:00:00Z,1899-12-31T13:08:00Z,4.9314439000000005,1,430,411,116,407.364705882352,385.164705882352,110.147058823529,183,"NA",1,98.66666666666667,1854.7297297297296,NA,NA,NA,18,1151,2410,2616,0.5600152905198776,1151,706,1248,1518,1375,NA,NA,NA,NA,NA,NA,NA,NA,NA,NA,NA,NA,NA,NA,NA,NA,NA,NA,NA,NA,NA,NA,NA,NA,NA,NA,NA,NA,NA,NA,NA,NA,NA,NA,NA,NA,NA,NA,NA,NA,NA,NA,NA,NA,NA,NA,NA,NA
RCC76,C,2020-11-02T00:00:00Z,1899-12-31T12:16:00Z,0.98628878,2,160,134,87,152.022988505747,126.53448275862,80.6264367816092,35,"NA",1,98.66666666666667,354.72972972972974,NA,NA,NA,18,682,974,951,0.28286014721345953,682,476,995,1376,1218,MANIP_EFFICACY_FPETIT2020,RCC0076_C_D2,Thalassiosira weissflogii,0.99503,0,1,0,1,0.1317,1,0.046,1,0,1,0,1,0,1,0.6234,1,0.1905,1,0.0292,1,0,1,0,1,0,1,0,1,0,1,0,1,1.8522,1,1.8982,1,0,1,0,1,0.0517,1,0.0517,1
RCC76,C,2020-11-02T00:00:00Z,1899-12-31T12:31:00Z,0.49314439,3,119,101,83,113.554838709677,95.1290322580645,76.1870967741935,19,"NA",1,98.66666666666667,192.56756756756758,NA,NA,NA,18,730,896,883,0.17327293318233294,730,531,1129,1598,1455,NA,NA,NA,NA,NA,NA,NA,NA,NA,NA,NA,NA,NA,NA,NA,NA,NA,NA,NA,NA,NA,NA,NA,NA,NA,NA,NA,NA,NA,NA,NA,NA,NA,NA,NA,NA,NA,NA,NA,NA,NA,NA,NA,NA,NA,NA,NA,NA
RCC76,C,2020-11-02T00:00:00Z,1899-12-31T12:45:00Z,0.09853034765234765,4,106,78,79,100.584905660377,72.5723270440251,70.8238993710691,5,"NA",1,98.66666666666667,16.89189189189189,NA,NA,NA,18,688,721,789,0.12801013941698353,688,509,1110,1592,1355,NA,NA,NA,NA,NA,NA,NA,NA,NA,NA,NA,NA,NA,NA,NA,NA,NA,NA,NA,NA,NA,NA,NA,NA,NA,NA,NA,NA,NA,NA,NA,NA,NA,NA,NA,NA,NA,NA,NA,NA,NA,NA,NA,NA,NA,NA,NA,NA
RCC76,C,2020-11-02T00:00:00Z,1899-12-31T13:03:00Z,0.024651056735816045,5,88,72,68,83.0551181102362,66.7874015748031,61.9212598425196,0,"NA",1,98.66666666666667,0,NA,NA,NA,18,670,801,807,0.1697645600991326,670,477,1048,1477,1335,NA,NA,NA,NA,NA,NA,NA,NA,NA,NA,NA,NA,NA,NA,NA,NA,NA,NA,NA,NA,NA,NA,NA,NA,NA,NA,NA,NA,NA,NA,NA,NA,NA,NA,NA,NA,NA,NA,NA,NA,NA,NA,NA,NA,NA,NA,NA,NA
RCC1717,A,2020-10-29T00:00:00Z,1899-12-31T12:07:00Z,79.49,Cmere,NA,NA,NA,NA,NA,NA,NA,NA,NA,NA,NA,NA,NA,NA,12,1151,"NA",3686,0.6877373846988606,1151,650,685,366,357,MANIP_EFFICACY_FPETIT2020,RCC1717_A_DM,Chaetoceros diadema,0.01,0,1,0,1,13.7365,1,0,1,0,1,26.1565,1,0,1,29.4387,1,3.3703,1,0,1,0.2954,1,0,1,0,1,0,1,0,1,0,1,56.327,1,56.327,1,0,1,0,1,1.8904,1,1.8904,1
RCC1717,A,2020-10-29T00:00:00Z,1899-12-31T12:07:00Z,5.5649958,1,266,275,92,255.862745098039,263.764705882352,87.6601307189542,NA,NA,NA,NA,NA,NA,NA,NA,18,955,"NA",1861,0.48683503492745833,955,635,1150,1449,1340,NA,NA,NA,NA,NA,NA,NA,NA,NA,NA,NA,NA,NA,NA,NA,NA,NA,NA,NA,NA,NA,NA,NA,NA,NA,NA,NA,NA,NA,NA,NA,NA,NA,NA,NA,NA,NA,NA,NA,NA,NA,NA,NA,NA,NA,NA,NA,NA
RCC1717,A,2020-10-29T00:00:00Z,1899-12-31T12:22:00Z,0.7949994000000001,2,150,153,79,140.367469879518,137.012048192771,75.1626506024096,NA,NA,NA,NA,NA,NA,NA,NA,18,688,"NA",976,0.29508196721311475,688,495,1015,1415,1278,MANIP_EFFICACY_FPETIT2020,RCC1717_A_D2,Chaetoceros diadema,0.99503,0,1,0,1,0.1258,1,0,1,0,1,0.2572,1,0,1,0.2504,1,0.0299,1,0,1,0,1,0,1,0,1,0,1,0,1,0,1,0.4948,1,0.4948,1,0,1,0,1,0.0172,1,0.0172,1
RCC1717,A,2020-10-29T00:00:00Z,1899-12-31T12:43:00Z,0.39749970000000007,3,162,107,84,155.497076023391,100.163742690058,77.906432748538,NA,NA,NA,NA,NA,NA,NA,NA,18,616,"NA",762,0.19160104986876642,616,453,970,1390,1270,NA,NA,NA,NA,NA,NA,NA,NA,NA,NA,NA,NA,NA,NA,NA,NA,NA,NA,NA,NA,NA,NA,NA,NA,NA,NA,NA,NA,NA,NA,NA,NA,NA,NA,NA,NA,NA,NA,NA,NA,NA,NA,NA,NA,NA,NA,NA,NA
RCC1717,A,2020-10-29T00:00:00Z,1899-12-31T12:57:00Z,0.0794205194805195,4,110,81,71,104.881656804733,75.0591715976331,66.9112426035502,NA,NA,NA,NA,NA,NA,NA,NA,18,593,"NA",629,0.057233704292527825,593,435,975,1412,1286,NA,NA,NA,NA,NA,NA,NA,NA,NA,NA,NA,NA,NA,NA,NA,NA,NA,NA,NA,NA,NA,NA,NA,NA,NA,NA,NA,NA,NA,NA,NA,NA,NA,NA,NA,NA,NA,NA,NA,NA,NA,NA,NA,NA,NA,NA,NA,NA
RCC1717,A,2020-10-29T00:00:00Z,1899-12-31T11:50:00Z,0.03973010494752624,5,105,139,108,97.2848837209302,107.191860465116,76.8953488372093,NA,NA,NA,NA,NA,NA,NA,NA,18,550,"NA",576,0.04513888888888889,550,410,929,1356,1243,NA,NA,NA,NA,NA,NA,NA,NA,NA,NA,NA,NA,NA,NA,NA,NA,NA,NA,NA,NA,NA,NA,NA,NA,NA,NA,NA,NA,NA,NA,NA,NA,NA,NA,NA,NA,NA,NA,NA,NA,NA,NA,NA,NA,NA,NA,NA,NA
RCC1717,B,2020-10-30T00:00:00Z,1899-12-31T18:45:00Z,73.52,Cmere,NA,NA,NA,NA,NA,NA,NA,NA,NA,NA,NA,NA,NA,NA,12,1123,"NA",3494,0.6785918717801946,1123,632,661,353,347,MANIP_EFFICACY_FPETIT2020,RCC1717_B_DM,Chaetoceros diadema,0.01,0,1,0,1,12.0543,1,12.1346,1,0,1,0,1,0,1,29.0094,1,2.8947,1,0,1,0,1,0,1,0,1,0,1,0,1,0,1,54.6506,1,66.7852,1,0,1,0,1,1.8286,1,1.8286,1
RCC1717,B,2020-10-30T00:00:00Z,1899-12-31T18:45:00Z,5.1467640861,1,504,544,128,469.024096385542,501.355421686747,120.307228915662,NA,NA,NA,NA,NA,NA,NA,NA,18,1328,"NA",3037,0.5627263747118867,1328,838,1346,1517,1412,NA,NA,NA,NA,NA,NA,NA,NA,NA,NA,NA,NA,NA,NA,NA,NA,NA,NA,NA,NA,NA,NA,NA,NA,NA,NA,NA,NA,NA,NA,NA,NA,NA,NA,NA,NA,NA,NA,NA,NA,NA,NA,NA,NA,NA,NA,NA,NA
RCC1717,B,2020-10-30T00:00:00Z,1899-12-31T18:56:00Z,1.4705040245999998,2,189,184,85,177.189024390243,171.195121951219,78.9024390243902,NA,NA,NA,NA,NA,NA,NA,NA,18,737,"NA",1215,0.3934156378600823,737,514,1027,1376,1233,MANIP_EFFICACY_FPETIT2020,RCC1717_B_D,Chaetoceros diadema,0.99503,0,1,0,1,0.2259,1,0.0218,1,0,1,0.5897,1,0,1,0.3304,1,0.0516,1,0,1,0,1,0,1,0,1,0,1,0,1,0,1,0.6205,1,0.6423,1,0,1,0,1,0.0318,1,0.0318,1
RCC1717,B,2020-10-30T00:00:00Z,1899-12-31T19:12:00Z,0.36762600614999996,3,107,101,81,100.766467065868,92.5748502994011,75.3712574850299,NA,NA,NA,NA,NA,NA,NA,NA,18,606,"NA",704,0.13920454545454544,606,440,967,1366,1249,NA,NA,NA,NA,NA,NA,NA,NA,NA,NA,NA,NA,NA,NA,NA,NA,NA,NA,NA,NA,NA,NA,NA,NA,NA,NA,NA,NA,NA,NA,NA,NA,NA,NA,NA,NA,NA,NA,NA,NA,NA,NA,NA,NA,NA,NA,NA,NA
RCC1717,B,2020-10-30T00:00:00Z,1899-12-31T19:28:00Z,0.07345174948051947,4,107,81,72,96.7965116279069,74.6860465116279,67.453488372093,NA,NA,NA,NA,NA,NA,NA,NA,18,606,"NA",619,0.0210016155088853,606,445,951,1351,1218,NA,NA,NA,NA,NA,NA,NA,NA,NA,NA,NA,NA,NA,NA,NA,NA,NA,NA,NA,NA,NA,NA,NA,NA,NA,NA,NA,NA,NA,NA,NA,NA,NA,NA,NA,NA,NA,NA,NA,NA,NA,NA,NA,NA,NA,NA,NA,NA
RCC1717,B,2020-10-30T00:00:00Z,1899-12-31T19:43:00Z,0.03674422850074962,5,88,72,76,82.0440251572327,66.2893081761006,71.2012578616352,NA,NA,NA,NA,NA,NA,NA,NA,18,573,"NA",603,0.04975124378109453,573,423,928,1336,1245,NA,NA,NA,NA,NA,NA,NA,NA,NA,NA,NA,NA,NA,NA,NA,NA,NA,NA,NA,NA,NA,NA,NA,NA,NA,NA,NA,NA,NA,NA,NA,NA,NA,NA,NA,NA,NA,NA,NA,NA,NA,NA,NA,NA,NA,NA,NA,NA
RCC1717,C,2020-11-04T00:00:00Z,1899-12-31T12:43:00Z,40.09,Cmere,NA,NA,NA,NA,NA,NA,NA,NA,NA,NA,NA,NA,NA,NA,12,1184,2907,3597,0.6708368084514873,1184,681,732,387,373,MANIP_EFFICACY_FPETIT2020,RCC1717_C_DM,Chaetoceros diadema,0.03,0,1,0,1,14.3216,1,0,1,0,1,35.1251,1,0,1,20.9013,1,3.0869,1,0,1,0.2382,1,0,1,0,1,0,1,0,1,0,1,46.2171,1,46.2171,1,0,1,0,1,1.6979,1,1.6979,1
RCC1717,C,2020-11-04T00:00:00Z,1899-12-31T12:43:00Z,4.811981274,1,751,850,171,727.730061349693,824.122699386503,165.944785276073,NA,NA,NA,NA,NA,NA,NA,NA,17,1541,2961,4245,0.63698468786808,1541,958,1399,1405,1333,NA,NA,NA,NA,NA,NA,NA,NA,NA,NA,NA,NA,NA,NA,NA,NA,NA,NA,NA,NA,NA,NA,NA,NA,NA,NA,NA,NA,NA,NA,NA,NA,NA,NA,NA,NA,NA,NA,NA,NA,NA,NA,NA,NA,NA,NA,NA,NA
RCC1717,C,2020-11-04T00:00:00Z,1899-12-31T12:55:00Z,0.801996879,2,213,204,95,204.899224806201,194.658914728682,90.147286821705407,NA,NA,NA,NA,NA,NA,NA,NA,17,561,780,934,0.3993576017130621,561,384,761,1009,894,MANIP_EFFICACY_FPETIT2020,RCC1717_C_D2,Chaetoceros diadema,0.99503,0,1,0,1,0.2614,1,0,1,0,1,0.5181,1,0,1,0.4969,1,0.0694,1,0,1,0,1,0,1,0,1,0,1,0,1,0,1,0.9798,1,0.9798,1,0,1,0,1,0.0344,1,0.0344,1
RCC1717,C,2020-11-04T00:00:00Z,1899-12-31T13:08:00Z,0.4009984395,3,171,144,81,162.771084337349,133.771084337349,75.5903614457831,NA,NA,NA,NA,NA,NA,NA,NA,18,681,849,1006,0.3230616302186879,681,485,1017,1419,1314,NA,NA,NA,NA,NA,NA,NA,NA,NA,NA,NA,NA,NA,NA,NA,NA,NA,NA,NA,NA,NA,NA,NA,NA,NA,NA,NA,NA,NA,NA,NA,NA,NA,NA,NA,NA,NA,NA,NA,NA,NA,NA,NA,NA,NA,NA,NA,NA
RCC1717,C,2020-11-04T00:00:00Z,1899-12-31T13:18:00Z,0.08003960868263472,4,110,87,75,103.815286624203,81.8216560509554,71.5477707006369,NA,NA,NA,NA,NA,NA,NA,NA,18,592,637,637,0.0706436420722135,592,438,971,1409,1318,NA,NA,NA,NA,NA,NA,NA,NA,NA,NA,NA,NA,NA,NA,NA,NA,NA,NA,NA,NA,NA,NA,NA,NA,NA,NA,NA,NA,NA,NA,NA,NA,NA,NA,NA,NA,NA,NA,NA,NA,NA,NA,NA,NA,NA,NA,NA,NA
RCC1717,C,2020-11-04T00:00:00Z,1899-12-31T13:33:00Z,0.04005978416583417,5,124,78,76,118.196202531645,73.4050632911392,70.7911392405063,NA,NA,NA,NA,NA,NA,NA,NA,18,582,615,635,0.08346456692913386,582,434,959,1385,1273,NA,NA,NA,NA,NA,NA,NA,NA,NA,NA,NA,NA,NA,NA,NA,NA,NA,NA,NA,NA,NA,NA,NA,NA,NA,NA,NA,NA,NA,NA,NA,NA,NA,NA,NA,NA,NA,NA,NA,NA,NA,NA,NA,NA,NA,NA,NA,NA
