pres,time,temp,conductivity,sbeox0v,fluo_chl,upoly0,upoly1,potemp,sal00,sigma,sbeox_ml,sbeox_mm,flag,second,day_name,month,day,year,fluo_flbb,bb700,cdom,echov1,fluo_440,fluo_470,fluo_532,frame_sync,counter,chl_hi_gain_counts,chl_lo_gain_counts,chl_ltc_counts,chl_raw_counts,beta_700_hi_gain_counts,beta_700_lo_gain_counts,beta_700_ltc_counts,beta_700_raw_counts,chl2_hi_gain_counts,chl2_lo_gain_counts,chl2_ltc_counts,chl2_raw_counts,fdom_hi_gain_counts,fdom_lo_gain_counts,fdom_ltc_counts,fdom_raw_counts,v_main_volts,date
50.45,11H 1M 20.4789999999994S,13.4156,4.496297,2.9334,1.3382,1.5433964,13.396307,13.4083,38.4013,28.9453,4.6671,202.571,0,39680.479,NA,Mar,03,2021,NA,NA,NA,NA,NA,NA,NA,NA,NA,NA,NA,NA,NA,NA,NA,NA,NA,NA,NA,NA,NA,NA,NA,NA,NA,NA,03 Mar 2021
50.225,11H 1M 21.4789999999994S,13.4155,4.496267,2.9335,1.3785,1.5436508,13.399729,13.4083,38.4012,28.9452,4.6654,202.495,0,39681.479,NA,Mar,03,2021,NA,NA,NA,NA,NA,NA,NA,NA,NA,NA,NA,NA,NA,NA,NA,NA,NA,NA,NA,NA,NA,NA,NA,NA,NA,NA,03 Mar 2021
49.941,11H 1M 22.4789999999994S,13.4154,4.496245,2.9332,1.3779,1.5435999,13.399045,13.4082,38.4012,28.9452,4.6654,202.495,0,39682.479,NA,Mar,03,2021,NA,NA,NA,NA,NA,NA,NA,NA,NA,NA,NA,NA,NA,NA,NA,NA,NA,NA,NA,NA,NA,NA,NA,NA,NA,NA,03 Mar 2021
49.928,11H 1M 23.4789999999994S,13.4154,4.496301,2.9334,1.3638,1.5437016,13.400414,13.4082,38.4017,28.9456,4.6664,202.54,0,39683.479,NA,Mar,03,2021,NA,NA,NA,NA,NA,NA,NA,NA,NA,NA,NA,NA,NA,NA,NA,NA,NA,NA,NA,NA,NA,NA,NA,NA,NA,NA,03 Mar 2021
49.999,11H 1M 24.4789999999994S,13.4157,4.496282,2.9336,1.4009,1.543549,13.400414,13.4085,38.4013,28.9453,4.6661,202.524,0,39684.479,NA,Mar,03,2021,NA,NA,NA,NA,NA,NA,NA,NA,NA,NA,NA,NA,NA,NA,NA,NA,NA,NA,NA,NA,NA,NA,NA,NA,NA,NA,03 Mar 2021
50.091,11H 1M 25.4789999999994S,13.4157,4.496271,2.9332,1.3847,1.5437525,13.39836,13.4085,38.4011,28.9452,4.6634,202.408,0,39685.479,NA,Mar,03,2021,NA,NA,NA,NA,NA,NA,NA,NA,NA,NA,NA,NA,NA,NA,NA,NA,NA,NA,NA,NA,NA,NA,NA,NA,NA,NA,03 Mar 2021
50.234,11H 1M 26.4789999999994S,13.4156,4.496311,2.9325,1.4053,1.5438542,13.39836,13.4084,38.4015,28.9454,4.6621,202.353,0,39686.479,NA,Mar,03,2021,NA,NA,NA,NA,NA,NA,NA,NA,NA,NA,NA,NA,NA,NA,NA,NA,NA,NA,NA,NA,NA,NA,NA,NA,NA,NA,03 Mar 2021
50.275,11H 1M 27.4789999999994S,13.4155,4.49633,2.9319,1.4164,1.5440069,13.401783,13.4082,38.4018,28.9457,4.6615,202.326,0,39687.479,NA,Mar,03,2021,NA,NA,NA,NA,NA,NA,NA,NA,NA,NA,NA,NA,NA,NA,NA,NA,NA,NA,NA,NA,NA,NA,NA,NA,NA,NA,03 Mar 2021
50.102,11H 1M 28.4789999999994S,13.4155,4.496292,2.9321,1.3643,1.5437525,13.399729,13.4083,38.4015,28.9454,4.6669,202.561,0,39688.479,NA,Mar,03,2021,NA,NA,NA,NA,NA,NA,NA,NA,NA,NA,NA,NA,NA,NA,NA,NA,NA,NA,NA,NA,NA,NA,NA,NA,NA,NA,03 Mar 2021
49.969,11H 1M 29.4789999999994S,13.4155,4.496232,2.9337,1.3576,1.5442612,13.399729,13.4083,38.401,28.945,4.6703,202.708,0,39689.479,NA,Mar,03,2021,NA,NA,NA,NA,NA,NA,NA,NA,NA,NA,NA,NA,NA,NA,NA,NA,NA,NA,NA,NA,NA,NA,NA,NA,NA,NA,03 Mar 2021
50.032,11H 1M 30.4789999999994S,13.4154,4.496155,2.9343,1.3643,1.5436508,13.397676,13.4082,38.4003,28.9445,4.6678,202.599,0,39690.479,NA,Mar,03,2021,NA,NA,NA,NA,NA,NA,NA,NA,NA,NA,NA,NA,NA,NA,NA,NA,NA,NA,NA,NA,NA,NA,NA,NA,NA,NA,03 Mar 2021
50.164,11H 1M 31.4789999999994S,13.4157,4.496228,2.9339,1.3552,1.5438542,13.399045,13.4085,38.4007,28.9448,4.6664,202.539,0,39691.479,NA,Mar,03,2021,NA,NA,NA,NA,NA,NA,NA,NA,NA,NA,NA,NA,NA,NA,NA,NA,NA,NA,NA,NA,NA,NA,NA,NA,NA,NA,03 Mar 2021
50.117,11H 1M 32.4789999999994S,13.4157,4.496243,2.934,1.3801,1.5437525,13.400414,13.4085,38.4008,28.9449,4.6685,202.629,0,39692.479,NA,Mar,03,2021,NA,NA,NA,NA,NA,NA,NA,NA,NA,NA,NA,NA,NA,NA,NA,NA,NA,NA,NA,NA,NA,NA,NA,NA,NA,NA,03 Mar 2021
50.1,11H 1M 33.4789999999994S,13.4157,4.496241,2.9346,1.4241,1.5434473,13.401098,13.4085,38.4008,28.9449,4.6703,202.709,0,39693.479,NA,Mar,03,2021,NA,NA,NA,NA,NA,NA,NA,NA,NA,NA,NA,NA,NA,NA,NA,NA,NA,NA,NA,NA,NA,NA,NA,NA,NA,NA,03 Mar 2021
50.172,11H 1M 34.4789999999994S,13.4158,4.496266,2.9353,1.3929,1.5434981,13.399045,13.4086,38.4009,28.945,4.6721,202.787,0,39694.479,NA,Mar,03,2021,NA,NA,NA,NA,NA,NA,NA,NA,NA,NA,NA,NA,NA,NA,NA,NA,NA,NA,NA,NA,NA,NA,NA,NA,NA,NA,03 Mar 2021
50.121,11H 1M 35.4789999999994S,13.4158,4.496265,2.936,1.3869,1.5435999,13.399729,13.4086,38.401,28.945,4.6724,202.801,0,39695.479,NA,Mar,03,2021,NA,NA,NA,NA,NA,NA,NA,NA,NA,NA,NA,NA,NA,NA,NA,NA,NA,NA,NA,NA,NA,NA,NA,NA,NA,NA,03 Mar 2021
50.075,11H 1M 36.4789999999994S,13.4157,4.496236,2.9361,1.463,1.5436508,13.401783,13.4085,38.4007,28.9448,4.6726,202.807,0,39696.479,NA,Mar,03,2021,NA,NA,NA,NA,NA,NA,NA,NA,NA,NA,NA,NA,NA,NA,NA,NA,NA,NA,NA,NA,NA,NA,NA,NA,NA,NA,03 Mar 2021
50.109,11H 1M 37.4789999999994S,13.4157,4.496255,2.9368,1.4588,1.5432438,13.399729,13.4085,38.4009,28.945,4.6748,202.903,0,39697.479,NA,Mar,03,2021,NA,NA,NA,NA,NA,NA,NA,NA,NA,NA,NA,NA,NA,NA,NA,NA,NA,NA,NA,NA,NA,NA,NA,NA,NA,NA,03 Mar 2021
50.155,11H 1M 38.4789999999994S,13.4157,4.496264,2.9371,1.3635,1.5436508,13.400414,13.4085,38.401,28.945,4.6729,202.821,0,39698.479,NA,Mar,03,2021,NA,NA,NA,NA,NA,NA,NA,NA,NA,NA,NA,NA,NA,NA,NA,NA,NA,NA,NA,NA,NA,NA,NA,NA,NA,NA,03 Mar 2021
50.14,11H 1M 39.4789999999994S,13.4158,4.496273,2.9364,1.2917,1.5434473,13.401783,13.4086,38.401,28.945,4.6705,202.719,0,39699.479,NA,Mar,03,2021,NA,NA,NA,NA,NA,NA,NA,NA,NA,NA,NA,NA,NA,NA,NA,NA,NA,NA,NA,NA,NA,NA,NA,NA,NA,NA,03 Mar 2021
50.058,11H 1M 40.4789999999994S,13.4157,4.496261,2.936,1.324,1.5436508,13.39836,13.4085,38.401,28.945,4.668,202.61,0,39700.479,NA,Mar,03,2021,NA,NA,NA,NA,NA,NA,NA,NA,NA,NA,NA,NA,NA,NA,NA,NA,NA,NA,NA,NA,NA,NA,NA,NA,NA,NA,03 Mar 2021
50.096,11H 1M 41.4789999999994S,13.4156,4.496331,2.9344,1.353,1.5437016,13.39836,13.4084,38.4018,28.9457,4.6645,202.455,0,39701.479,NA,Mar,03,2021,NA,NA,NA,NA,NA,NA,NA,NA,NA,NA,NA,NA,NA,NA,NA,NA,NA,NA,NA,NA,NA,NA,NA,NA,NA,NA,03 Mar 2021
50.259,11H 1M 42.4789999999994S,13.4157,4.496328,2.934,1.3313,1.5434981,13.400414,13.4084,38.4016,28.9455,4.6673,202.577,0,39702.479,NA,Mar,03,2021,NA,NA,NA,NA,NA,NA,NA,NA,NA,NA,NA,NA,NA,NA,NA,NA,NA,NA,NA,NA,NA,NA,NA,NA,NA,NA,03 Mar 2021
50.191,11H 1M 43.4789999999994S,13.4156,4.496274,2.9342,1.3379,1.5440069,13.399729,13.4084,38.4012,28.9452,4.668,202.61,0,39703.479,NA,Mar,03,2021,NA,NA,NA,NA,NA,NA,NA,NA,NA,NA,NA,NA,NA,NA,NA,NA,NA,NA,NA,NA,NA,NA,NA,NA,NA,NA,03 Mar 2021
50.033,11H 1M 44.4789999999994S,13.4157,4.496307,2.9346,1.4371,1.5438034,13.401098,13.4085,38.4015,28.9454,4.6706,202.721,0,39704.479,NA,Mar,03,2021,NA,NA,NA,NA,NA,NA,NA,NA,NA,NA,NA,NA,NA,NA,NA,NA,NA,NA,NA,NA,NA,NA,NA,NA,NA,NA,03 Mar 2021
50.054,11H 1M 45.4789999999994S,13.4157,4.496294,2.9351,1.5151,1.5439051,13.400414,13.4085,38.4013,28.9453,4.6689,202.646,0,39705.479,NA,Mar,03,2021,NA,NA,NA,NA,NA,NA,NA,NA,NA,NA,NA,NA,NA,NA,NA,NA,NA,NA,NA,NA,NA,NA,NA,NA,NA,NA,03 Mar 2021
50.111,11H 1M 46.4789999999994S,13.4157,4.496305,2.9346,1.4044,1.5440069,13.39836,13.4085,38.4014,28.9453,4.6666,202.549,0,39706.479,NA,Mar,03,2021,NA,NA,NA,NA,NA,NA,NA,NA,NA,NA,NA,NA,NA,NA,NA,NA,NA,NA,NA,NA,NA,NA,NA,NA,NA,NA,03 Mar 2021
50.158,11H 1M 47.4789999999994S,13.4156,4.496277,2.9343,1.5593,1.543956,13.399729,13.4084,38.4012,28.9452,4.6688,202.644,0,39707.479,NA,Mar,03,2021,NA,NA,NA,NA,NA,NA,NA,NA,NA,NA,NA,NA,NA,NA,NA,NA,NA,NA,NA,NA,NA,NA,NA,NA,NA,NA,03 Mar 2021
50.261,11H 1M 48.4789999999994S,13.4158,4.496324,2.935,1.4681,1.544363,13.399729,13.4085,38.4015,28.9454,4.6712,202.747,0,39708.479,NA,Mar,03,2021,NA,NA,NA,NA,NA,NA,NA,NA,NA,NA,NA,NA,NA,NA,NA,NA,NA,NA,NA,NA,NA,NA,NA,NA,NA,NA,03 Mar 2021
50.249,11H 1M 49.4789999999994S,13.4155,4.496251,2.9354,1.3751,1.544363,13.401098,13.4083,38.401,28.9451,4.6702,202.702,0,39709.479,NA,Mar,03,2021,NA,NA,NA,NA,NA,NA,NA,NA,NA,NA,NA,NA,NA,NA,NA,NA,NA,NA,NA,NA,NA,NA,NA,NA,NA,NA,03 Mar 2021
50.089,11H 1M 50.4789999999994S,13.4154,4.496194,2.9353,1.3409,1.5441595,13.399729,13.4082,38.4007,28.9449,4.6694,202.671,0,39710.479,NA,Mar,03,2021,NA,NA,NA,NA,NA,NA,NA,NA,NA,NA,NA,NA,NA,NA,NA,NA,NA,NA,NA,NA,NA,NA,NA,NA,NA,NA,03 Mar 2021
50.05,11H 1M 51.4789999999994S,13.4154,4.496178,2.9352,1.344,1.5442104,13.399729,13.4082,38.4006,28.9447,4.6693,202.665,0,39711.479,NA,Mar,03,2021,NA,NA,NA,NA,NA,NA,NA,NA,NA,NA,NA,NA,NA,NA,NA,NA,NA,NA,NA,NA,NA,NA,NA,NA,NA,NA,03 Mar 2021
50.098,11H 1M 52.4789999999994S,13.4154,4.496249,2.935,1.3896,1.5440069,13.39836,13.4082,38.4012,28.9452,4.669,202.653,0,39712.479,NA,Mar,03,2021,NA,NA,NA,NA,NA,NA,NA,NA,NA,NA,NA,NA,NA,NA,NA,NA,NA,NA,NA,NA,NA,NA,NA,NA,NA,NA,03 Mar 2021
50.122,11H 1M 53.4789999999994S,13.4155,4.496238,2.9354,1.3407,1.5438543,13.400414,13.4083,38.401,28.9451,4.6706,202.723,0,39713.479,NA,Mar,03,2021,NA,NA,NA,NA,NA,NA,NA,NA,NA,NA,NA,NA,NA,NA,NA,NA,NA,NA,NA,NA,NA,NA,NA,NA,NA,NA,03 Mar 2021
50.149,11H 1M 54.4789999999994S,13.4155,4.496226,2.935,1.4134,1.5440069,13.400414,13.4083,38.4009,28.945,4.6696,202.679,0,39714.479,NA,Mar,03,2021,NA,NA,NA,NA,NA,NA,NA,NA,NA,NA,NA,NA,NA,NA,NA,NA,NA,NA,NA,NA,NA,NA,NA,NA,NA,NA,03 Mar 2021
50.182,11H 1M 55.4789999999994S,13.4154,4.496175,2.936,1.5406,1.5441595,13.400414,13.4082,38.4004,28.9446,4.675,202.913,0,39715.479,NA,Mar,03,2021,NA,NA,NA,NA,NA,NA,NA,NA,NA,NA,NA,NA,NA,NA,NA,NA,NA,NA,NA,NA,NA,NA,NA,NA,NA,NA,03 Mar 2021
50.202,11H 1M 56.4789999999994S,13.4154,4.496184,2.9368,1.5029,1.5435999,13.400414,13.4082,38.4005,28.9447,4.6733,202.839,0,39716.479,NA,Mar,03,2021,NA,NA,NA,NA,NA,NA,NA,NA,NA,NA,NA,NA,NA,NA,NA,NA,NA,NA,NA,NA,NA,NA,NA,NA,NA,NA,03 Mar 2021
50.304,11H 1M 57.4789999999994S,13.4154,4.496179,2.9365,1.4205,1.5437016,13.401098,13.4081,38.4004,28.9446,4.671,202.737,0,39717.479,NA,Mar,03,2021,NA,NA,NA,NA,NA,NA,NA,NA,NA,NA,NA,NA,NA,NA,NA,NA,NA,NA,NA,NA,NA,NA,NA,NA,NA,NA,03 Mar 2021
50.177,11H 1M 58.4789999999994S,13.4153,4.496188,2.9358,1.42,1.5434473,13.399729,13.4081,38.4007,28.9449,4.67,202.693,0,39718.479,NA,Mar,03,2021,NA,NA,NA,NA,NA,NA,NA,NA,NA,NA,NA,NA,NA,NA,NA,NA,NA,NA,NA,NA,NA,NA,NA,NA,NA,NA,03 Mar 2021
49.88,11H 1M 59.4789999999994S,13.4153,4.496169,2.9356,1.3988,1.5431929,13.401098,13.4081,38.4006,28.9448,4.6667,202.552,0,39719.479,NA,Mar,03,2021,NA,NA,NA,NA,NA,NA,NA,NA,NA,NA,NA,NA,NA,NA,NA,NA,NA,NA,NA,NA,NA,NA,NA,NA,NA,NA,03 Mar 2021
49.947,11H 2M 0.47899999999936S,13.4154,4.496139,2.9339,1.5249,1.543549,13.399729,13.4082,38.4002,28.9444,4.6647,202.465,0,39720.479,NA,Mar,03,2021,NA,NA,NA,NA,NA,NA,NA,NA,NA,NA,NA,NA,NA,NA,NA,NA,NA,NA,NA,NA,NA,NA,NA,NA,NA,NA,03 Mar 2021
50.249,11H 2M 1.47899999999936S,13.4155,4.496259,2.9344,1.4701,1.5432946,13.399729,13.4082,38.4011,28.9452,4.6715,202.762,0,39721.479,NA,Mar,03,2021,NA,NA,NA,NA,NA,NA,NA,NA,NA,NA,NA,NA,NA,NA,NA,NA,NA,NA,NA,NA,NA,NA,NA,NA,NA,NA,03 Mar 2021
50.286,11H 2M 2.47899999999936S,13.4155,4.496217,2.9358,1.4136,1.5434473,13.399729,13.4082,38.4007,28.9448,4.6742,202.879,0,39722.479,NA,Mar,03,2021,NA,NA,NA,NA,NA,NA,NA,NA,NA,NA,NA,NA,NA,NA,NA,NA,NA,NA,NA,NA,NA,NA,NA,NA,NA,NA,03 Mar 2021
50.272,11H 2M 3.47899999999936S,13.4153,4.496169,2.9367,1.411,1.5433964,13.400414,13.4081,38.4004,28.9447,4.6758,202.948,0,39723.479,NA,Mar,03,2021,NA,NA,NA,NA,NA,NA,NA,NA,NA,NA,NA,NA,NA,NA,NA,NA,NA,NA,NA,NA,NA,NA,NA,NA,NA,NA,03 Mar 2021
50.235,11H 2M 4.47899999999936S,13.4154,4.496186,2.9372,1.4422,1.5435999,13.399729,13.4081,38.4006,28.9448,4.6736,202.853,0,39724.479,NA,Mar,03,2021,NA,NA,NA,NA,NA,NA,NA,NA,NA,NA,NA,NA,NA,NA,NA,NA,NA,NA,NA,NA,NA,NA,NA,NA,NA,NA,03 Mar 2021
50.058,11H 2M 5.47899999999936S,13.4153,4.496195,2.9371,1.468,1.5434473,13.401098,13.4081,38.4008,28.9449,4.674,202.869,0,39725.479,NA,Mar,03,2021,NA,NA,NA,NA,NA,NA,NA,NA,NA,NA,NA,NA,NA,NA,NA,NA,NA,NA,NA,NA,NA,NA,NA,NA,NA,NA,03 Mar 2021
49.928,11H 2M 6.47899999999936S,13.4153,4.496151,2.9371,1.4005,1.5433964,13.402467,13.4081,38.4004,28.9446,4.6717,202.768,0,39726.479,NA,Mar,03,2021,NA,NA,NA,NA,NA,NA,NA,NA,NA,NA,NA,NA,NA,NA,NA,NA,NA,NA,NA,NA,NA,NA,NA,NA,NA,NA,03 Mar 2021
50.011,11H 2M 7.47899999999936S,13.4153,4.496137,2.9362,1.382,1.5432946,13.39836,13.4081,38.4003,28.9445,4.6708,202.73,0,39727.479,NA,Mar,03,2021,NA,NA,NA,NA,NA,NA,NA,NA,NA,NA,NA,NA,NA,NA,NA,NA,NA,NA,NA,NA,NA,NA,NA,NA,NA,NA,03 Mar 2021
50.192,11H 2M 8.47899999999936S,13.4153,4.49616,2.9364,1.3672,1.5434473,13.39836,13.4081,38.4004,28.9446,4.6714,202.755,0,39728.479,NA,Mar,03,2021,NA,NA,NA,NA,NA,NA,NA,NA,NA,NA,NA,NA,NA,NA,NA,NA,NA,NA,NA,NA,NA,NA,NA,NA,NA,NA,03 Mar 2021
50.302,11H 2M 9.47899999999936S,13.4153,4.496161,2.9358,1.3816,1.5434473,13.399045,13.408,38.4004,28.9446,4.6679,202.602,0,39729.479,NA,Mar,03,2021,NA,NA,NA,NA,NA,NA,NA,NA,NA,NA,NA,NA,NA,NA,NA,NA,NA,NA,NA,NA,NA,NA,NA,NA,NA,NA,03 Mar 2021
50.297,11H 2M 10.4789999999994S,13.4153,4.496158,2.9343,1.367,1.543549,13.399045,13.408,38.4004,28.9447,4.6659,202.517,0,39730.479,NA,Mar,03,2021,NA,NA,NA,NA,NA,NA,NA,NA,NA,NA,NA,NA,NA,NA,NA,NA,NA,NA,NA,NA,NA,NA,NA,NA,NA,NA,03 Mar 2021
50.212,11H 2M 11.4789999999994S,13.4152,4.496157,2.9351,1.3862,1.5430911,13.400414,13.408,38.4005,28.9447,4.6728,202.817,0,39731.479,NA,Mar,03,2021,NA,NA,NA,NA,NA,NA,NA,NA,NA,NA,NA,NA,NA,NA,NA,NA,NA,NA,NA,NA,NA,NA,NA,NA,NA,NA,03 Mar 2021
49.997,11H 2M 12.4789999999994S,13.4152,4.496141,2.9359,1.3677,1.5432946,13.401783,13.408,38.4004,28.9447,4.6721,202.786,0,39732.479,NA,Mar,03,2021,NA,NA,NA,NA,NA,NA,NA,NA,NA,NA,NA,NA,NA,NA,NA,NA,NA,NA,NA,NA,NA,NA,NA,NA,NA,NA,03 Mar 2021
49.872,11H 2M 13.4789999999994S,13.4153,4.496155,2.9359,1.3378,1.5432438,13.401783,13.4081,38.4005,28.9447,4.6696,202.68,0,39733.479,NA,Mar,03,2021,NA,NA,NA,NA,NA,NA,NA,NA,NA,NA,NA,NA,NA,NA,NA,NA,NA,NA,NA,NA,NA,NA,NA,NA,NA,NA,03 Mar 2021
50.155,11H 2M 14.4789999999994S,13.4153,4.496118,2.935,1.3324,1.5427859,13.39836,13.4081,38.4,28.9443,4.6667,202.553,0,39734.479,NA,Mar,03,2021,NA,NA,NA,NA,NA,NA,NA,NA,NA,NA,NA,NA,NA,NA,NA,NA,NA,NA,NA,NA,NA,NA,NA,NA,NA,NA,03 Mar 2021
50.396,11H 2M 15.4789999999994S,13.4154,4.496183,2.9345,1.3413,1.5434981,13.401098,13.4081,38.4004,28.9446,4.6686,202.634,0,39735.479,NA,Mar,03,2021,NA,NA,NA,NA,NA,NA,NA,NA,NA,NA,NA,NA,NA,NA,NA,NA,NA,NA,NA,NA,NA,NA,NA,NA,NA,NA,03 Mar 2021
50.135,11H 2M 16.4789999999994S,13.4154,4.496192,2.935,1.4011,1.5431929,13.397676,13.4082,38.4006,28.9448,4.672,202.78,0,39736.479,NA,Mar,03,2021,NA,NA,NA,NA,NA,NA,NA,NA,NA,NA,NA,NA,NA,NA,NA,NA,NA,NA,NA,NA,NA,NA,NA,NA,NA,NA,03 Mar 2021
49.947,11H 2M 17.4789999999994S,13.4153,4.496179,2.9362,1.4019,1.543142,13.400414,13.4081,38.4006,28.9448,4.6737,202.857,0,39737.479,NA,Mar,03,2021,NA,NA,NA,NA,NA,NA,NA,NA,NA,NA,NA,NA,NA,NA,NA,NA,NA,NA,NA,NA,NA,NA,NA,NA,NA,NA,03 Mar 2021
50.215,11H 2M 18.4789999999994S,13.4155,4.496201,2.9359,1.4215,1.5433964,13.399045,13.4082,38.4006,28.9448,4.6678,202.602,0,39738.479,NA,Mar,03,2021,NA,NA,NA,NA,NA,NA,NA,NA,NA,NA,NA,NA,NA,NA,NA,NA,NA,NA,NA,NA,NA,NA,NA,NA,NA,NA,03 Mar 2021
50.288,11H 2M 19.4789999999994S,13.4155,4.496211,2.9347,1.432,1.5429894,13.399729,13.4083,38.4006,28.9448,4.6667,202.552,0,39739.479,NA,Mar,03,2021,NA,NA,NA,NA,NA,NA,NA,NA,NA,NA,NA,NA,NA,NA,NA,NA,NA,NA,NA,NA,NA,NA,NA,NA,NA,NA,03 Mar 2021
50.028,11H 2M 20.4789999999994S,13.4154,4.496193,2.9343,1.451,1.5429385,13.400414,13.4082,38.4007,28.9449,4.6643,202.446,0,39740.479,NA,Mar,03,2021,NA,NA,NA,NA,NA,NA,NA,NA,NA,NA,NA,NA,NA,NA,NA,NA,NA,NA,NA,NA,NA,NA,NA,NA,NA,NA,03 Mar 2021
50.016,11H 2M 21.4789999999994S,13.4155,4.49621,2.9328,1.4067,1.5432946,13.397676,13.4083,38.4008,28.9449,4.662,202.346,0,39741.479,NA,Mar,03,2021,NA,NA,NA,NA,NA,NA,NA,NA,NA,NA,NA,NA,NA,NA,NA,NA,NA,NA,NA,NA,NA,NA,NA,NA,NA,NA,03 Mar 2021
50.153,11H 2M 22.4789999999994S,13.4155,4.496209,2.9325,1.4532,1.5430403,13.399729,13.4083,38.4007,28.9449,4.6654,202.495,0,39742.479,NA,Mar,03,2021,NA,NA,NA,NA,NA,NA,NA,NA,NA,NA,NA,NA,NA,NA,NA,NA,NA,NA,NA,NA,NA,NA,NA,NA,NA,NA,03 Mar 2021
50.143,11H 2M 23.4789999999994S,13.4154,4.496186,2.9337,1.4676,1.5431929,13.399729,13.4082,38.4006,28.9448,4.6712,202.748,0,39743.479,NA,Mar,03,2021,NA,NA,NA,NA,NA,NA,NA,NA,NA,NA,NA,NA,NA,NA,NA,NA,NA,NA,NA,NA,NA,NA,NA,NA,NA,NA,03 Mar 2021
50.02,11H 2M 24.4789999999994S,13.4153,4.496156,2.9352,1.435,1.543142,13.401098,13.4081,38.4004,28.9447,4.6727,202.814,0,39744.479,NA,Mar,03,2021,NA,NA,NA,NA,NA,NA,NA,NA,NA,NA,NA,NA,NA,NA,NA,NA,NA,NA,NA,NA,NA,NA,NA,NA,NA,NA,03 Mar 2021
49.811,11H 2M 25.4789999999994S,13.4152,4.496137,2.9358,1.3787,1.5432946,13.397676,13.408,38.4005,28.9447,4.6711,202.745,0,39745.479,NA,Mar,03,2021,NA,NA,NA,NA,NA,NA,NA,NA,NA,NA,NA,NA,NA,NA,NA,NA,NA,NA,NA,NA,NA,NA,NA,NA,NA,NA,03 Mar 2021
49.493,11H 2M 26.4789999999994S,13.4153,4.49615,2.9354,1.4271,1.5433455,13.400414,13.4081,38.4007,28.9448,4.6667,202.55,0,39746.479,NA,Mar,03,2021,NA,NA,NA,NA,NA,NA,NA,NA,NA,NA,NA,NA,NA,NA,NA,NA,NA,NA,NA,NA,NA,NA,NA,NA,NA,NA,03 Mar 2021
49.233,11H 2M 27.4789999999994S,13.4154,4.496155,2.9343,1.4345,1.5432946,13.401783,13.4083,38.4007,28.9449,4.6671,202.569,0,39747.479,NA,Mar,03,2021,NA,NA,NA,NA,NA,NA,NA,NA,NA,NA,NA,NA,NA,NA,NA,NA,NA,NA,NA,NA,NA,NA,NA,NA,NA,NA,03 Mar 2021
49.084,11H 2M 28.4789999999994S,13.4152,4.496119,2.9353,1.4806,1.5432438,13.400414,13.4081,38.4006,28.9448,4.674,202.867,0,39748.479,NA,Mar,03,2021,NA,NA,NA,NA,NA,NA,NA,NA,NA,NA,NA,NA,NA,NA,NA,NA,NA,NA,NA,NA,NA,NA,NA,NA,NA,NA,03 Mar 2021
48.783,11H 2M 29.4789999999994S,13.4148,4.496032,2.9368,1.4471,1.5430911,13.400414,13.4078,38.4004,28.9447,4.6753,202.925,0,39749.479,NA,Mar,03,2021,NA,NA,NA,NA,NA,NA,NA,NA,NA,NA,NA,NA,NA,NA,NA,NA,NA,NA,NA,NA,NA,NA,NA,NA,NA,NA,03 Mar 2021
48.358,11H 2M 30.4789999999994S,13.4148,4.496029,2.937,1.4037,1.543142,13.401098,13.4078,38.4005,28.9447,4.6716,202.765,0,39750.479,NA,Mar,03,2021,NA,NA,NA,NA,NA,NA,NA,NA,NA,NA,NA,NA,NA,NA,NA,NA,NA,NA,NA,NA,NA,NA,NA,NA,NA,NA,03 Mar 2021
47.955,11H 2M 31.4789999999994S,13.4149,4.496015,2.9367,1.4208,1.5433455,13.401783,13.408,38.4005,28.9447,4.6691,202.656,0,39751.479,NA,Mar,03,2021,NA,NA,NA,NA,NA,NA,NA,NA,NA,NA,NA,NA,NA,NA,NA,NA,NA,NA,NA,NA,NA,NA,NA,NA,NA,NA,03 Mar 2021
47.734,11H 2M 32.4789999999994S,13.4148,4.49598,2.9354,1.3871,1.5433455,13.401783,13.4079,38.4004,28.9446,4.6662,202.529,0,39752.479,NA,Mar,03,2021,NA,NA,NA,NA,NA,NA,NA,NA,NA,NA,NA,NA,NA,NA,NA,NA,NA,NA,NA,NA,NA,NA,NA,NA,NA,NA,03 Mar 2021
47.581,11H 2M 33.4789999999994S,13.4147,4.495971,2.9351,1.4086,1.543142,13.39836,13.4078,38.4004,28.9447,4.6672,202.575,0,39753.479,NA,Mar,03,2021,NA,NA,NA,NA,NA,NA,NA,NA,NA,NA,NA,NA,NA,NA,NA,NA,NA,NA,NA,NA,NA,NA,NA,NA,NA,NA,03 Mar 2021
47.099,11H 2M 34.4789999999994S,13.4148,4.495962,2.9349,1.4583,1.5432946,13.400414,13.408,38.4005,28.9447,4.6651,202.482,0,39754.479,NA,Mar,03,2021,NA,NA,NA,NA,NA,NA,NA,NA,NA,NA,NA,NA,NA,NA,NA,NA,NA,NA,NA,NA,NA,NA,NA,NA,NA,NA,03 Mar 2021
46.533,11H 2M 35.4789999999994S,13.4148,4.495922,2.9336,1.4473,1.5430403,13.401783,13.4081,38.4003,28.9446,4.6626,202.373,0,39755.479,NA,Mar,03,2021,NA,NA,NA,NA,NA,NA,NA,NA,NA,NA,NA,NA,NA,NA,NA,NA,NA,NA,NA,NA,NA,NA,NA,NA,NA,NA,03 Mar 2021
46.154,11H 2M 36.4789999999994S,13.4148,4.495914,2.9343,1.4452,1.5430911,13.401783,13.4081,38.4004,28.9447,4.6704,202.711,0,39756.479,NA,Mar,03,2021,NA,NA,NA,NA,NA,NA,NA,NA,NA,NA,NA,NA,NA,NA,NA,NA,NA,NA,NA,NA,NA,NA,NA,NA,NA,NA,03 Mar 2021
45.876,11H 2M 37.4789999999994S,13.4148,4.495895,2.9359,1.4941,1.5431929,13.400414,13.4081,38.4004,28.9446,4.6721,202.787,0,39757.479,NA,Mar,03,2021,NA,NA,NA,NA,NA,NA,NA,NA,NA,NA,NA,NA,NA,NA,NA,NA,NA,NA,NA,NA,NA,NA,NA,NA,NA,NA,03 Mar 2021
45.554,11H 2M 38.4789999999994S,13.4144,4.495828,2.9365,1.5066,1.5428876,13.400414,13.4078,38.4002,28.9446,4.6694,202.669,0,39758.479,NA,Mar,03,2021,NA,NA,NA,NA,NA,NA,NA,NA,NA,NA,NA,NA,NA,NA,NA,NA,NA,NA,NA,NA,NA,NA,NA,NA,NA,NA,03 Mar 2021
45.139,11H 2M 39.4789999999994S,13.4143,4.495785,2.9359,1.444,1.5429385,13.400414,13.4078,38.4001,28.9445,4.6671,202.571,0,39759.479,NA,Mar,03,2021,NA,NA,NA,NA,NA,NA,NA,NA,NA,NA,NA,NA,NA,NA,NA,NA,NA,NA,NA,NA,NA,NA,NA,NA,NA,NA,03 Mar 2021
44.663,11H 2M 40.4789999999994S,13.4138,4.495658,2.9356,1.432,1.5427859,13.401783,13.4074,38.3996,28.9442,4.6684,202.627,0,39760.479,NA,Mar,03,2021,NA,NA,NA,NA,NA,NA,NA,NA,NA,NA,NA,NA,NA,NA,NA,NA,NA,NA,NA,NA,NA,NA,NA,NA,NA,NA,03 Mar 2021
44.118,11H 2M 41.4789999999994S,13.413,4.495457,2.9366,1.4158,1.5428876,13.401783,13.4066,38.3988,28.9437,4.6711,202.743,0,39761.479,NA,Mar,03,2021,NA,NA,NA,NA,NA,NA,NA,NA,NA,NA,NA,NA,NA,NA,NA,NA,NA,NA,NA,NA,NA,NA,NA,NA,NA,NA,03 Mar 2021
43.786,11H 2M 42.4789999999994S,13.4123,4.495303,2.9368,1.384,1.5426841,13.400414,13.406,38.3982,28.9434,4.6714,202.757,0,39762.479,NA,Mar,03,2021,NA,NA,NA,NA,NA,NA,NA,NA,NA,NA,NA,NA,NA,NA,NA,NA,NA,NA,NA,NA,NA,NA,NA,NA,NA,NA,03 Mar 2021
43.46,11H 2M 43.4789999999994S,13.4117,4.495149,2.9372,1.3551,1.5429385,13.399729,13.4055,38.3974,28.9429,4.67,202.696,0,39763.479,NA,Mar,03,2021,NA,NA,NA,NA,NA,NA,NA,NA,NA,NA,NA,NA,NA,NA,NA,NA,NA,NA,NA,NA,NA,NA,NA,NA,NA,NA,03 Mar 2021
42.836,11H 2M 44.4789999999994S,13.4114,4.495062,2.9372,1.3918,1.5430403,13.400414,13.4052,38.3972,28.9427,4.6741,202.874,0,39764.479,NA,Mar,03,2021,NA,NA,NA,NA,NA,NA,NA,NA,NA,NA,NA,NA,NA,NA,NA,NA,NA,NA,NA,NA,NA,NA,NA,NA,NA,NA,03 Mar 2021
42.416,11H 2M 45.4789999999994S,13.4109,4.494954,2.9395,1.4357,1.5423789,13.400414,13.4048,38.3968,28.9426,4.6785,203.066,0,39765.479,NA,Mar,03,2021,NA,NA,NA,NA,NA,NA,NA,NA,NA,NA,NA,NA,NA,NA,NA,NA,NA,NA,NA,NA,NA,NA,NA,NA,NA,NA,03 Mar 2021
42.224,11H 2M 46.4789999999994S,13.4108,4.494946,2.9393,1.4264,1.5427859,13.394938,13.4047,38.3969,28.9427,4.6733,202.837,0,39766.479,NA,Mar,03,2021,NA,NA,NA,NA,NA,NA,NA,NA,NA,NA,NA,NA,NA,NA,NA,NA,NA,NA,NA,NA,NA,NA,NA,NA,NA,NA,03 Mar 2021
41.741,11H 2M 47.4789999999994S,13.4099,4.494688,2.9396,1.4609,1.5425315,13.394938,13.4039,38.3956,28.9418,4.6796,203.111,0,39767.479,NA,Mar,03,2021,NA,NA,NA,NA,NA,NA,NA,NA,NA,NA,NA,NA,NA,NA,NA,NA,NA,NA,NA,NA,NA,NA,NA,NA,NA,NA,03 Mar 2021
41.122,11H 2M 48.4789999999994S,13.4079,4.494298,2.9422,1.491,1.5420227,13.39836,13.402,38.3942,28.9411,4.6875,203.457,0,39768.479,NA,Mar,03,2021,NA,NA,NA,NA,NA,NA,NA,NA,NA,NA,NA,NA,NA,NA,NA,NA,NA,NA,NA,NA,NA,NA,NA,NA,NA,NA,03 Mar 2021
40.699,11H 2M 49.4789999999994S,13.4077,4.494242,2.9445,1.4335,1.5434981,13.396991,13.4018,38.3941,28.9411,4.6907,203.593,0,39769.479,NA,Mar,03,2021,NA,NA,NA,NA,NA,NA,NA,NA,NA,NA,NA,NA,NA,NA,NA,NA,NA,NA,NA,NA,NA,NA,NA,NA,NA,NA,03 Mar 2021
40.296,11H 2M 50.4789999999994S,13.4076,4.494212,2.946,1.4631,1.5413614,13.395622,13.4018,38.394,28.941,4.6898,203.557,0,39770.479,NA,Mar,03,2021,NA,NA,NA,NA,NA,NA,NA,NA,NA,NA,NA,NA,NA,NA,NA,NA,NA,NA,NA,NA,NA,NA,NA,NA,NA,NA,03 Mar 2021
39.894,11H 2M 51.4789999999994S,13.4073,4.49411,2.9463,1.4867,1.5417175,13.397676,13.4015,38.3936,28.9408,4.6885,203.5,0,39771.479,NA,Mar,03,2021,NA,NA,NA,NA,NA,NA,NA,NA,NA,NA,NA,NA,NA,NA,NA,NA,NA,NA,NA,NA,NA,NA,NA,NA,NA,NA,03 Mar 2021
39.52,11H 2M 52.4789999999994S,13.407,4.494074,2.9468,1.5059,1.5416666,13.393569,13.4013,38.3937,28.9409,4.6919,203.646,0,39772.479,NA,Mar,03,2021,NA,NA,NA,NA,NA,NA,NA,NA,NA,NA,NA,NA,NA,NA,NA,NA,NA,NA,NA,NA,NA,NA,NA,NA,NA,NA,03 Mar 2021
38.98,11H 2M 53.4789999999994S,13.4072,4.494067,2.9487,1.5258,1.5413105,13.394938,13.4016,38.3937,28.9408,4.7004,204.013,0,39773.479,NA,Mar,03,2021,NA,NA,NA,NA,NA,NA,NA,NA,NA,NA,NA,NA,NA,NA,NA,NA,NA,NA,NA,NA,NA,NA,NA,NA,NA,NA,03 Mar 2021
38.398,11H 2M 54.4789999999994S,13.4068,4.494002,2.9517,1.505,1.5410561,13.39836,13.4013,38.3937,28.9409,4.7037,204.158,0,39774.479,NA,Mar,03,2021,NA,NA,NA,NA,NA,NA,NA,NA,NA,NA,NA,NA,NA,NA,NA,NA,NA,NA,NA,NA,NA,NA,NA,NA,NA,NA,03 Mar 2021
38.006,11H 2M 55.4789999999994S,13.4066,4.493953,2.9523,1.5205,1.5410052,13.393569,13.4011,38.3936,28.9409,4.6978,203.903,0,39775.479,NA,Mar,03,2021,NA,NA,NA,NA,NA,NA,NA,NA,NA,NA,NA,NA,NA,NA,NA,NA,NA,NA,NA,NA,NA,NA,NA,NA,NA,NA,03 Mar 2021
37.552,11H 2M 56.4789999999994S,13.4063,4.493856,2.9513,1.6483,1.5405983,13.39083,13.4009,38.3932,28.9406,4.6965,203.846,0,39776.479,NA,Mar,03,2021,NA,NA,NA,NA,NA,NA,NA,NA,NA,NA,NA,NA,NA,NA,NA,NA,NA,NA,NA,NA,NA,NA,NA,NA,NA,NA,03 Mar 2021
36.936,11H 2M 57.4789999999994S,13.4062,4.493825,2.9524,1.598,1.5403439,13.392884,13.4009,38.3933,28.9406,4.6997,203.987,0,39777.479,NA,Mar,03,2021,NA,NA,NA,NA,NA,NA,NA,NA,NA,NA,NA,NA,NA,NA,NA,NA,NA,NA,NA,NA,NA,NA,NA,NA,NA,NA,03 Mar 2021
36.564,11H 2M 58.4789999999994S,13.4062,4.493805,2.9515,1.54,1.5399369,13.394253,13.4009,38.3932,28.9406,4.6924,203.669,0,39778.479,NA,Mar,03,2021,NA,NA,NA,NA,NA,NA,NA,NA,NA,NA,NA,NA,NA,NA,NA,NA,NA,NA,NA,NA,NA,NA,NA,NA,NA,NA,03 Mar 2021
36.327,11H 2M 59.4789999999994S,13.4059,4.493741,2.9503,1.5228,1.5395807,13.389461,13.4007,38.393,28.9405,4.6918,203.644,0,39779.479,NA,Mar,03,2021,NA,NA,NA,NA,NA,NA,NA,NA,NA,NA,NA,NA,NA,NA,NA,NA,NA,NA,NA,NA,NA,NA,NA,NA,NA,NA,03 Mar 2021
35.738,11H 3M 0.47899999999936S,13.4058,4.493683,2.9507,1.5535,1.5482295,13.396307,13.4006,38.3929,28.9404,4.6991,203.96,0,39780.479,NA,Mar,03,2021,NA,NA,NA,NA,NA,NA,NA,NA,NA,NA,NA,NA,NA,NA,NA,NA,NA,NA,NA,NA,NA,NA,NA,NA,NA,NA,03 Mar 2021
35.097,11H 3M 1.47899999999936S,13.4053,4.49357,2.9528,1.6442,1.5394281,13.394938,13.4002,38.3926,28.9402,4.7037,204.159,0,39781.479,NA,Mar,03,2021,NA,NA,NA,NA,NA,NA,NA,NA,NA,NA,NA,NA,NA,NA,NA,NA,NA,NA,NA,NA,NA,NA,NA,NA,NA,NA,03 Mar 2021
34.54,11H 3M 2.47899999999936S,13.4048,4.493458,2.9533,1.6244,1.5389194,13.388777,13.3998,38.3923,28.9401,4.6961,203.827,0,39782.479,NA,Mar,03,2021,NA,NA,NA,NA,NA,NA,NA,NA,NA,NA,NA,NA,NA,NA,NA,NA,NA,NA,NA,NA,NA,NA,NA,NA,NA,NA,03 Mar 2021
34.149,11H 3M 3.47899999999936S,13.4042,4.493347,2.9517,1.6415,1.5389194,13.394253,13.3993,38.392,28.94,4.6963,203.838,0,39783.479,NA,Mar,03,2021,NA,NA,NA,NA,NA,NA,NA,NA,NA,NA,NA,NA,NA,NA,NA,NA,NA,NA,NA,NA,NA,NA,NA,NA,NA,NA,03 Mar 2021
33.94,11H 3M 4.47899999999936S,13.4038,4.493276,2.9539,1.7039,1.538665,13.386723,13.3989,38.3918,28.9399,4.7088,204.381,0,39784.479,NA,Mar,03,2021,NA,NA,NA,NA,NA,NA,NA,NA,NA,NA,NA,NA,NA,NA,NA,NA,NA,NA,NA,NA,NA,NA,NA,NA,NA,NA,03 Mar 2021
33.386,11H 3M 5.47899999999936S,13.4036,4.493222,2.9564,1.7026,1.5382071,13.386039,13.3988,38.3918,28.9399,4.7097,204.421,0,39785.479,NA,Mar,03,2021,NA,NA,NA,NA,NA,NA,NA,NA,NA,NA,NA,NA,NA,NA,NA,NA,NA,NA,NA,NA,NA,NA,NA,NA,NA,NA,03 Mar 2021
32.379,11H 3M 6.47899999999936S,13.4033,4.49313,2.9573,1.6348,1.5379528,13.387408,13.3987,38.3916,28.9398,4.7084,204.362,0,39786.479,NA,Mar,03,2021,NA,NA,NA,NA,NA,NA,NA,NA,NA,NA,NA,NA,NA,NA,NA,NA,NA,NA,NA,NA,NA,NA,NA,NA,NA,NA,03 Mar 2021
31.704,11H 3M 7.47899999999936S,13.4025,4.492953,2.9577,1.6682,1.5374949,13.387408,13.3979,38.391,28.9395,4.7089,204.383,0,39787.479,NA,Mar,03,2021,NA,NA,NA,NA,NA,NA,NA,NA,NA,NA,NA,NA,NA,NA,NA,NA,NA,NA,NA,NA,NA,NA,NA,NA,NA,NA,03 Mar 2021
31.494,11H 3M 8.47899999999936S,13.4037,4.493166,2.9588,1.6989,1.5375966,13.385354,13.3992,38.392,28.94,4.7138,204.595,0,39788.479,NA,Mar,03,2021,NA,NA,NA,NA,NA,NA,NA,NA,NA,NA,NA,NA,NA,NA,NA,NA,NA,NA,NA,NA,NA,NA,NA,NA,NA,NA,03 Mar 2021
31.031,11H 3M 9.47899999999936S,13.4025,4.492826,2.9606,1.6679,1.5374949,13.386039,13.398,38.3902,28.9389,4.7178,204.773,0,39789.479,NA,Mar,03,2021,NA,NA,NA,NA,NA,NA,NA,NA,NA,NA,NA,NA,NA,NA,NA,NA,NA,NA,NA,NA,NA,NA,NA,NA,NA,NA,03 Mar 2021
30.261,11H 3M 10.4789999999994S,13.3999,4.492227,2.9621,1.7021,1.5372914,13.386039,13.3956,38.3874,28.9372,4.7204,204.884,0,39790.479,NA,Mar,03,2021,NA,NA,NA,NA,NA,NA,NA,NA,NA,NA,NA,NA,NA,NA,NA,NA,NA,NA,NA,NA,NA,NA,NA,NA,NA,NA,03 Mar 2021
29.664,11H 3M 11.4789999999994S,13.3992,4.492036,2.964,1.8998,1.5373423,13.386723,13.3949,38.3865,28.9366,4.7249,205.079,0,39791.479,NA,Mar,03,2021,NA,NA,NA,NA,NA,NA,NA,NA,NA,NA,NA,NA,NA,NA,NA,NA,NA,NA,NA,NA,NA,NA,NA,NA,NA,NA,03 Mar 2021
29.148,11H 3M 12.4789999999994S,13.3987,4.491871,2.9652,1.8473,1.5365791,13.384669,13.3945,38.3857,28.9361,4.721,204.911,0,39792.479,NA,Mar,03,2021,NA,NA,NA,NA,NA,NA,NA,NA,NA,NA,NA,NA,NA,NA,NA,NA,NA,NA,NA,NA,NA,NA,NA,NA,NA,NA,03 Mar 2021
28.63,11H 3M 13.4789999999994S,13.3985,4.491828,2.9643,1.7929,1.53663,13.387408,13.3944,38.3857,28.9361,4.7202,204.875,0,39793.479,NA,Mar,03,2021,NA,NA,NA,NA,NA,NA,NA,NA,NA,NA,NA,NA,NA,NA,NA,NA,NA,NA,NA,NA,NA,NA,NA,NA,NA,NA,03 Mar 2021
28.149,11H 3M 14.4789999999994S,13.3983,4.491741,2.9658,1.8716,1.5367318,13.386039,13.3942,38.3853,28.9359,4.7279,205.209,0,39794.479,NA,Mar,03,2021,NA,NA,NA,NA,NA,NA,NA,NA,NA,NA,NA,NA,NA,NA,NA,NA,NA,NA,NA,NA,NA,NA,NA,NA,NA,NA,03 Mar 2021
27.537,11H 3M 15.4789999999994S,13.3982,4.49168,2.968,1.9809,1.5362739,13.385354,13.3942,38.3851,28.9357,4.7322,205.398,0,39795.479,NA,Mar,03,2021,NA,NA,NA,NA,NA,NA,NA,NA,NA,NA,NA,NA,NA,NA,NA,NA,NA,NA,NA,NA,NA,NA,NA,NA,NA,NA,03 Mar 2021
26.948,11H 3M 16.4789999999994S,13.3975,4.491463,2.9694,2.0165,1.5363756,13.39083,13.3936,38.384,28.935,4.7325,205.41,0,39796.479,NA,Mar,03,2021,NA,NA,NA,NA,NA,NA,NA,NA,NA,NA,NA,NA,NA,NA,NA,NA,NA,NA,NA,NA,NA,NA,NA,NA,NA,NA,03 Mar 2021
26.37,11H 3M 17.4789999999994S,13.3973,4.491243,2.9705,1.89,1.5358669,13.388092,13.3935,38.3823,28.9337,4.7347,205.507,0,39797.479,NA,Mar,03,2021,NA,NA,NA,NA,NA,NA,NA,NA,NA,NA,NA,NA,NA,NA,NA,NA,NA,NA,NA,NA,NA,NA,NA,NA,NA,NA,03 Mar 2021
25.736,11H 3M 18.4789999999994S,13.3974,4.490994,2.9715,1.8786,1.5356125,13.387408,13.3937,38.3801,28.932,4.7334,205.452,0,39798.479,NA,Mar,03,2021,NA,NA,NA,NA,NA,NA,NA,NA,NA,NA,NA,NA,NA,NA,NA,NA,NA,NA,NA,NA,NA,NA,NA,NA,NA,NA,03 Mar 2021
25.199,11H 3M 19.4789999999994S,13.3975,4.490906,2.9713,1.8318,1.5358669,13.386039,13.3938,38.3795,28.9315,4.7332,205.439,0,39799.479,NA,Mar,03,2021,NA,NA,NA,NA,NA,NA,NA,NA,NA,NA,NA,NA,NA,NA,NA,NA,NA,NA,NA,NA,NA,NA,NA,NA,NA,NA,03 Mar 2021
24.746,11H 3M 20.4789999999994S,13.3975,4.490823,2.9722,1.8904,1.5356125,13.386039,13.3939,38.3789,28.9309,4.7354,205.536,0,39800.479,NA,Mar,03,2021,NA,NA,NA,NA,NA,NA,NA,NA,NA,NA,NA,NA,NA,NA,NA,NA,NA,NA,NA,NA,NA,NA,NA,NA,NA,NA,03 Mar 2021
24.305,11H 3M 21.4789999999994S,13.3973,4.490643,2.9721,2.0053,1.5353073,13.385354,13.3938,38.3776,28.93,4.7322,205.396,0,39801.479,NA,Mar,03,2021,NA,NA,NA,NA,NA,NA,NA,NA,NA,NA,NA,NA,NA,NA,NA,NA,NA,NA,NA,NA,NA,NA,NA,NA,NA,NA,03 Mar 2021
23.663,11H 3M 22.4789999999994S,13.3968,4.490464,2.9718,2.0269,1.5351546,13.384669,13.3934,38.3766,28.9293,4.7312,205.357,0,39802.479,NA,Mar,03,2021,NA,NA,NA,NA,NA,NA,NA,NA,NA,NA,NA,NA,NA,NA,NA,NA,NA,NA,NA,NA,NA,NA,NA,NA,NA,NA,03 Mar 2021
22.787,11H 3M 23.4789999999994S,13.3967,4.490299,2.9716,1.9667,1.5346459,13.385354,13.3934,38.3755,28.9285,4.7308,205.337,0,39803.479,NA,Mar,03,2021,NA,NA,NA,NA,NA,NA,NA,NA,NA,NA,NA,NA,NA,NA,NA,NA,NA,NA,NA,NA,NA,NA,NA,NA,NA,NA,03 Mar 2021
22.263,11H 3M 24.4789999999994S,13.3968,4.490298,2.9714,1.9148,1.5342389,13.383985,13.3936,38.3757,28.9285,4.7306,205.33,0,39804.479,NA,Mar,03,2021,NA,NA,NA,NA,NA,NA,NA,NA,NA,NA,NA,NA,NA,NA,NA,NA,NA,NA,NA,NA,NA,NA,NA,NA,NA,NA,03 Mar 2021
22.055,11H 3M 25.4789999999994S,13.3969,4.490426,2.9715,1.9197,1.5340354,13.377824,13.3938,38.3769,28.9294,4.7312,205.356,0,39805.479,NA,Mar,03,2021,NA,NA,NA,NA,NA,NA,NA,NA,NA,NA,NA,NA,NA,NA,NA,NA,NA,NA,NA,NA,NA,NA,NA,NA,NA,NA,03 Mar 2021
21.445,11H 3M 26.4789999999994S,13.3974,4.490211,2.9717,2.0318,1.534188,13.381931,13.3944,38.3746,28.9275,4.7286,205.244,0,39806.479,NA,Mar,03,2021,NA,NA,NA,NA,NA,NA,NA,NA,NA,NA,NA,NA,NA,NA,NA,NA,NA,NA,NA,NA,NA,NA,NA,NA,NA,NA,03 Mar 2021
20.64,11H 3M 27.4789999999994S,13.3981,4.490096,2.9702,2.0157,1.5334757,13.381931,13.3952,38.3731,28.9263,4.7246,205.069,0,39807.479,NA,Mar,03,2021,NA,NA,NA,NA,NA,NA,NA,NA,NA,NA,NA,NA,NA,NA,NA,NA,NA,NA,NA,NA,NA,NA,NA,NA,NA,NA,03 Mar 2021
20.13,11H 3M 28.4789999999994S,13.3982,4.490083,2.9702,2.0373,1.5336284,13.382616,13.3953,38.3732,28.9263,4.7264,205.145,0,39808.479,NA,Mar,03,2021,NA,NA,NA,NA,NA,NA,NA,NA,NA,NA,NA,NA,NA,NA,NA,NA,NA,NA,NA,NA,NA,NA,NA,NA,NA,NA,03 Mar 2021
19.653,11H 3M 29.4789999999994S,13.3985,4.490058,2.97,1.989,1.5336792,13.381931,13.3956,38.3729,28.9259,4.7273,205.185,0,39809.479,NA,Mar,03,2021,NA,NA,NA,NA,NA,NA,NA,NA,NA,NA,NA,NA,NA,NA,NA,NA,NA,NA,NA,NA,NA,NA,NA,NA,NA,NA,03 Mar 2021
19.077,11H 3M 30.4789999999994S,13.3989,4.490029,2.9709,1.9005,1.533374,13.3833,13.3962,38.3724,28.9255,4.7308,205.339,0,39810.479,NA,Mar,03,2021,NA,NA,NA,NA,NA,NA,NA,NA,NA,NA,NA,NA,NA,NA,NA,NA,NA,NA,NA,NA,NA,NA,NA,NA,NA,NA,03 Mar 2021
18.626,11H 3M 31.4789999999994S,13.3993,4.489977,2.9719,1.8868,1.5332214,13.3833,13.3966,38.3718,28.9249,4.732,205.392,0,39811.479,NA,Mar,03,2021,NA,NA,NA,NA,NA,NA,NA,NA,NA,NA,NA,NA,NA,NA,NA,NA,NA,NA,NA,NA,NA,NA,NA,NA,NA,NA,03 Mar 2021
18.046,11H 3M 32.4789999999994S,13.3994,4.489958,2.9726,1.8961,1.5334249,13.379878,13.3968,38.3717,28.9248,4.7325,205.41,0,39812.479,NA,Mar,03,2021,NA,NA,NA,NA,NA,NA,NA,NA,NA,NA,NA,NA,NA,NA,NA,NA,NA,NA,NA,NA,NA,NA,NA,NA,NA,NA,03 Mar 2021
17.306,11H 3M 33.4789999999994S,13.4002,4.489967,2.9732,1.9175,1.5332722,13.383985,13.3977,38.3714,28.9243,4.7312,205.355,0,39813.479,NA,Mar,03,2021,NA,NA,NA,NA,NA,NA,NA,NA,NA,NA,NA,NA,NA,NA,NA,NA,NA,NA,NA,NA,NA,NA,NA,NA,NA,NA,03 Mar 2021
16.693,11H 3M 34.4789999999994S,13.4012,4.490001,2.9728,1.9765,1.533374,13.381931,13.3988,38.371,28.9238,4.7296,205.289,0,39814.479,NA,Mar,03,2021,NA,NA,NA,NA,NA,NA,NA,NA,NA,NA,NA,NA,NA,NA,NA,NA,NA,NA,NA,NA,NA,NA,NA,NA,NA,NA,03 Mar 2021
16.286,11H 3M 35.4789999999994S,13.4016,4.490022,2.9734,1.9851,1.5333231,13.384669,13.3992,38.371,28.9237,4.7355,205.543,0,39815.479,NA,Mar,03,2021,NA,NA,NA,NA,NA,NA,NA,NA,NA,NA,NA,NA,NA,NA,NA,NA,NA,NA,NA,NA,NA,NA,NA,NA,NA,NA,03 Mar 2021
15.866,11H 3M 36.4789999999994S,13.4023,4.490047,2.9754,1.9666,1.5328144,13.379878,13.4,38.3707,28.9233,4.7407,205.767,0,39816.479,NA,Mar,03,2021,NA,NA,NA,NA,NA,NA,NA,NA,NA,NA,NA,NA,NA,NA,NA,NA,NA,NA,NA,NA,NA,NA,NA,NA,NA,NA,03 Mar 2021
15.203,11H 3M 37.4789999999994S,13.4034,4.490109,2.9777,1.9465,1.5331705,13.382616,13.4012,38.3704,28.9229,4.7477,206.072,0,39817.479,NA,Mar,03,2021,NA,NA,NA,NA,NA,NA,NA,NA,NA,NA,NA,NA,NA,NA,NA,NA,NA,NA,NA,NA,NA,NA,NA,NA,NA,NA,03 Mar 2021
14.419,11H 3M 38.4789999999994S,13.4044,4.490159,2.9805,1.9428,1.532967,13.384669,13.4023,38.3702,28.9225,4.7497,206.161,0,39818.479,NA,Mar,03,2021,NA,NA,NA,NA,NA,NA,NA,NA,NA,NA,NA,NA,NA,NA,NA,NA,NA,NA,NA,NA,NA,NA,NA,NA,NA,NA,03 Mar 2021
13.941,11H 3M 39.4789999999994S,13.4047,4.49018,2.9817,1.9449,1.5330687,13.383985,13.4027,38.3704,28.9225,4.7513,206.228,0,39819.479,NA,Mar,03,2021,NA,NA,NA,NA,NA,NA,NA,NA,NA,NA,NA,NA,NA,NA,NA,NA,NA,NA,NA,NA,NA,NA,NA,NA,NA,NA,03 Mar 2021
13.707,11H 3M 40.4789999999994S,13.405,4.490194,2.9835,1.9106,1.5327635,13.3833,13.403,38.3703,28.9224,4.7505,206.193,0,39820.479,NA,Mar,03,2021,NA,NA,NA,NA,NA,NA,NA,NA,NA,NA,NA,NA,NA,NA,NA,NA,NA,NA,NA,NA,NA,NA,NA,NA,NA,NA,03 Mar 2021
13.063,11H 3M 41.4789999999994S,13.4062,4.490296,2.9821,1.9296,1.5324074,13.383985,13.4044,38.3704,28.9221,4.741,205.779,0,39821.479,NA,Mar,03,2021,NA,NA,NA,NA,NA,NA,NA,NA,NA,NA,NA,NA,NA,NA,NA,NA,NA,NA,NA,NA,NA,NA,NA,NA,NA,NA,03 Mar 2021
12.143,11H 3M 42.4789999999994S,13.4088,4.49048,2.9804,1.9908,1.5322548,13.383985,13.407,38.37,28.9213,4.7423,205.84,0,39822.479,NA,Mar,03,2021,NA,NA,NA,NA,NA,NA,NA,NA,NA,NA,NA,NA,NA,NA,NA,NA,NA,NA,NA,NA,NA,NA,NA,NA,NA,NA,03 Mar 2021
11.602,11H 3M 43.4789999999994S,13.4098,4.490546,2.9823,2.0457,1.5322039,13.385354,13.4081,38.3698,28.9209,4.7522,206.266,0,39823.479,NA,Mar,03,2021,NA,NA,NA,NA,NA,NA,NA,NA,NA,NA,NA,NA,NA,NA,NA,NA,NA,NA,NA,NA,NA,NA,NA,NA,NA,NA,03 Mar 2021
11.308,11H 3M 44.4789999999994S,13.4088,4.490417,2.9843,2.1162,1.5319495,13.385354,13.4072,38.3698,28.9211,4.7571,206.481,0,39824.479,NA,Mar,03,2021,NA,NA,NA,NA,NA,NA,NA,NA,NA,NA,NA,NA,NA,NA,NA,NA,NA,NA,NA,NA,NA,NA,NA,NA,NA,NA,03 Mar 2021
10.804,11H 3M 45.4789999999994S,13.4092,4.490444,2.9872,2.0655,1.5315425,13.386039,13.4076,38.3698,28.921,4.7619,206.691,0,39825.479,NA,Mar,03,2021,NA,NA,NA,NA,NA,NA,NA,NA,NA,NA,NA,NA,NA,NA,NA,NA,NA,NA,NA,NA,NA,NA,NA,NA,NA,NA,03 Mar 2021
10.197,11H 3M 46.4789999999994S,13.411,4.490508,2.9882,1.9906,1.5312373,13.386039,13.4095,38.3689,28.92,4.7583,206.532,0,39826.479,NA,Mar,03,2021,NA,NA,NA,NA,NA,NA,NA,NA,NA,NA,NA,NA,NA,NA,NA,NA,NA,NA,NA,NA,NA,NA,NA,NA,NA,NA,03 Mar 2021
9.931,11H 3M 47.4789999999994S,13.4107,4.490473,2.9883,1.9246,1.5306267,13.386723,13.4093,38.369,28.92,4.7538,206.336,0,39827.479,NA,Mar,03,2021,NA,NA,NA,NA,NA,NA,NA,NA,NA,NA,NA,NA,NA,NA,NA,NA,NA,NA,NA,NA,NA,NA,NA,NA,NA,NA,03 Mar 2021
9.765,11H 3M 48.4789999999994S,13.4103,4.490421,2.986,1.9489,1.5309829,13.387408,13.4089,38.3689,28.9201,4.7477,206.071,0,39828.479,NA,Mar,03,2021,NA,NA,NA,NA,NA,NA,NA,NA,NA,NA,NA,NA,NA,NA,NA,NA,NA,NA,NA,NA,NA,NA,NA,NA,NA,NA,03 Mar 2021
9.407,11H 3M 49.4789999999994S,13.4111,4.490436,2.9865,1.9015,1.5302706,13.388092,13.4098,38.3684,28.9195,4.7568,206.466,0,39829.479,NA,Mar,03,2021,NA,NA,NA,NA,NA,NA,NA,NA,NA,NA,NA,NA,NA,NA,NA,NA,NA,NA,NA,NA,NA,NA,NA,NA,NA,NA,03 Mar 2021
9.185,11H 3M 50.4789999999994S,13.4118,4.490469,2.9879,1.8398,1.5300671,13.388777,13.4105,38.3682,28.9192,4.7609,206.646,0,39830.479,NA,Mar,03,2021,NA,NA,NA,NA,NA,NA,NA,NA,NA,NA,NA,NA,NA,NA,NA,NA,NA,NA,NA,NA,NA,NA,NA,NA,NA,NA,03 Mar 2021
9.098,11H 3M 51.4789999999994S,13.4124,4.490509,2.9898,1.8406,1.5299145,13.392884,13.4111,38.368,28.9188,4.765,206.823,0,39831.479,NA,Mar,03,2021,NA,NA,NA,NA,NA,NA,NA,NA,NA,NA,NA,NA,NA,NA,NA,NA,NA,NA,NA,NA,NA,NA,NA,NA,NA,NA,03 Mar 2021
8.867,11H 3M 52.4789999999994S,13.4125,4.490518,2.9916,1.8765,1.5295584,13.394938,13.4113,38.3681,28.9189,4.7648,206.816,0,39832.479,NA,Mar,03,2021,NA,NA,NA,NA,NA,NA,NA,NA,NA,NA,NA,NA,NA,NA,NA,NA,NA,NA,NA,NA,NA,NA,NA,NA,NA,NA,03 Mar 2021
8.486,11H 3M 53.4789999999994S,13.4136,4.490585,2.9907,1.8228,1.529304,13.392199,13.4124,38.3678,28.9185,4.7572,206.485,0,39833.479,NA,Mar,03,2021,NA,NA,NA,NA,NA,NA,NA,NA,NA,NA,NA,NA,NA,NA,NA,NA,NA,NA,NA,NA,NA,NA,NA,NA,NA,NA,03 Mar 2021
8.337,11H 3M 54.4789999999994S,13.4141,4.490604,2.9901,1.6972,1.5288461,13.393569,13.413,38.3675,28.9181,4.7599,206.6,0,39834.479,NA,Mar,03,2021,NA,NA,NA,NA,NA,NA,NA,NA,NA,NA,NA,NA,NA,NA,NA,NA,NA,NA,NA,NA,NA,NA,NA,NA,NA,NA,03 Mar 2021
8.424,11H 3M 55.4789999999994S,13.4135,4.490569,2.9902,1.736,1.5290496,13.392199,13.4123,38.3678,28.9185,4.7579,206.517,0,39835.479,NA,Mar,03,2021,NA,NA,NA,NA,NA,NA,NA,NA,NA,NA,NA,NA,NA,NA,NA,NA,NA,NA,NA,NA,NA,NA,NA,NA,NA,NA,03 Mar 2021
8.142,11H 3M 56.4789999999994S,13.4137,4.490553,2.9895,1.6793,1.5285409,13.392199,13.4125,38.3676,28.9182,4.7581,206.524,0,39836.479,NA,Mar,03,2021,NA,NA,NA,NA,NA,NA,NA,NA,NA,NA,NA,NA,NA,NA,NA,NA,NA,NA,NA,NA,NA,NA,NA,NA,NA,NA,03 Mar 2021
7.57,11H 3M 57.4789999999994S,13.4143,4.490574,2.9901,1.6421,1.5286426,13.392884,13.4132,38.3674,28.918,4.7609,206.646,0,39837.479,NA,Mar,03,2021,NA,NA,NA,NA,NA,NA,NA,NA,NA,NA,NA,NA,NA,NA,NA,NA,NA,NA,NA,NA,NA,NA,NA,NA,NA,NA,03 Mar 2021
7.421,11H 3M 58.4789999999994S,13.4144,4.490564,2.9909,1.5979,1.5287444,13.395622,13.4133,38.3673,28.9179,4.7612,206.66,0,39838.479,NA,Mar,03,2021,NA,NA,NA,NA,NA,NA,NA,NA,NA,NA,NA,NA,NA,NA,NA,NA,NA,NA,NA,NA,NA,NA,NA,NA,NA,NA,03 Mar 2021
7.604,11H 3M 59.4789999999994S,13.4128,4.490468,2.9903,1.6622,1.52849,13.39083,13.4117,38.3679,28.9187,4.7565,206.455,0,39839.479,NA,Mar,03,2021,NA,NA,NA,NA,NA,NA,NA,NA,NA,NA,NA,NA,NA,NA,NA,NA,NA,NA,NA,NA,NA,NA,NA,NA,NA,NA,03 Mar 2021
7.395,11H 4M 0.47899999999936S,13.4139,4.490524,2.9899,1.6053,1.5286426,13.392884,13.4129,38.3674,28.918,4.7598,206.598,0,39840.479,NA,Mar,03,2021,NA,NA,NA,NA,NA,NA,NA,NA,NA,NA,NA,NA,NA,NA,NA,NA,NA,NA,NA,NA,NA,NA,NA,NA,NA,NA,03 Mar 2021
6.952,11H 4M 1.47899999999936S,13.415,4.49061,2.99,1.6582,1.5285918,13.396307,13.414,38.3673,28.9177,4.7554,206.407,0,39841.479,NA,Mar,03,2021,NA,NA,NA,NA,NA,NA,NA,NA,NA,NA,NA,NA,NA,NA,NA,NA,NA,NA,NA,NA,NA,NA,NA,NA,NA,NA,03 Mar 2021
6.801,11H 4M 2.47899999999936S,13.4161,4.490683,2.9892,1.6273,1.5284391,13.393569,13.4151,38.367,28.9172,4.7546,206.373,0,39842.479,NA,Mar,03,2021,NA,NA,NA,NA,NA,NA,NA,NA,NA,NA,NA,NA,NA,NA,NA,NA,NA,NA,NA,NA,NA,NA,NA,NA,NA,NA,03 Mar 2021
6.672,11H 4M 3.47899999999936S,13.4197,4.491081,2.988,1.5984,1.5285917,13.395622,13.4188,38.3672,28.9166,4.7504,206.19,0,39843.479,NA,Mar,03,2021,NA,NA,NA,NA,NA,NA,NA,NA,NA,NA,NA,NA,NA,NA,NA,NA,NA,NA,NA,NA,NA,NA,NA,NA,NA,NA,03 Mar 2021
6.281,11H 4M 4.47899999999936S,13.4223,4.491301,2.9881,1.5618,1.5282865,13.397676,13.4214,38.3669,28.9159,4.7569,206.474,0,39844.479,NA,Mar,03,2021,NA,NA,NA,NA,NA,NA,NA,NA,NA,NA,NA,NA,NA,NA,NA,NA,NA,NA,NA,NA,NA,NA,NA,NA,NA,NA,03 Mar 2021
6.025,11H 4M 5.47899999999936S,13.4216,4.491214,2.9899,1.553,1.5285409,13.397676,13.4207,38.3669,28.916,4.761,206.652,0,39845.479,NA,Mar,03,2021,NA,NA,NA,NA,NA,NA,NA,NA,NA,NA,NA,NA,NA,NA,NA,NA,NA,NA,NA,NA,NA,NA,NA,NA,NA,NA,03 Mar 2021
5.931,11H 4M 6.47899999999936S,13.4245,4.491521,2.9907,1.5781,1.5286426,13.394253,13.4237,38.3669,28.9154,4.7604,206.626,0,39846.479,NA,Mar,03,2021,NA,NA,NA,NA,NA,NA,NA,NA,NA,NA,NA,NA,NA,NA,NA,NA,NA,NA,NA,NA,NA,NA,NA,NA,NA,NA,03 Mar 2021
5.662,11H 4M 7.47899999999936S,13.4284,4.491924,2.9917,1.5335,1.5287444,13.395622,13.4276,38.367,28.9146,4.7643,206.796,0,39847.479,NA,Mar,03,2021,NA,NA,NA,NA,NA,NA,NA,NA,NA,NA,NA,NA,NA,NA,NA,NA,NA,NA,NA,NA,NA,NA,NA,NA,NA,NA,03 Mar 2021
5.274,11H 4M 8.47899999999936S,13.4305,4.492163,2.9938,1.4975,1.5288461,13.399045,13.4298,38.3673,28.9144,4.7694,207.017,0,39848.479,NA,Mar,03,2021,NA,NA,NA,NA,NA,NA,NA,NA,NA,NA,NA,NA,NA,NA,NA,NA,NA,NA,NA,NA,NA,NA,NA,NA,NA,NA,03 Mar 2021
4.935,11H 4M 9.47899999999936S,13.4342,4.492531,2.9952,1.4621,1.5286935,13.400414,13.4335,38.3673,28.9136,4.7697,207.028,0,39849.479,NA,Mar,03,2021,NA,NA,NA,NA,NA,NA,NA,NA,NA,NA,NA,NA,NA,NA,NA,NA,NA,NA,NA,NA,NA,NA,NA,NA,NA,NA,03 Mar 2021
4.594,11H 4M 10.4789999999994S,13.4398,4.493109,2.9964,1.602,1.5282865,13.399729,13.4391,38.3674,28.9125,4.7695,207.019,0,39850.479,NA,Mar,03,2021,NA,NA,NA,NA,NA,NA,NA,NA,NA,NA,NA,NA,NA,NA,NA,NA,NA,NA,NA,NA,NA,NA,NA,NA,NA,NA,03 Mar 2021
4.2,11H 4M 11.4789999999994S,13.4506,4.494277,2.9965,1.8842,1.5286935,13.402467,13.45,38.3678,28.9105,4.7665,206.893,0,39851.479,NA,Mar,03,2021,NA,NA,NA,NA,NA,NA,NA,NA,NA,NA,NA,NA,NA,NA,NA,NA,NA,NA,NA,NA,NA,NA,NA,NA,NA,NA,03 Mar 2021
3.946,11H 4M 12.4789999999994S,13.4567,4.494804,2.9969,1.7096,1.5280321,13.401783,13.4561,38.3668,28.9084,4.7691,207.002,0,39852.479,NA,Mar,03,2021,NA,NA,NA,NA,NA,NA,NA,NA,NA,NA,NA,NA,NA,NA,NA,NA,NA,NA,NA,NA,NA,NA,NA,NA,NA,NA,03 Mar 2021
3.862,11H 4M 13.4789999999994S,13.461,4.495396,2.9981,1.5715,1.5282356,13.400414,13.4604,38.3682,28.9086,4.7728,207.166,0,39853.479,NA,Mar,03,2021,NA,NA,NA,NA,NA,NA,NA,NA,NA,NA,NA,NA,NA,NA,NA,NA,NA,NA,NA,NA,NA,NA,NA,NA,NA,NA,03 Mar 2021
3.584,11H 4M 14.4789999999994S,13.4781,4.497073,3,1.5359,1.5282865,13.401783,13.4776,38.3672,28.9042,4.7719,207.127,0,39854.479,NA,Mar,03,2021,NA,NA,NA,NA,NA,NA,NA,NA,NA,NA,NA,NA,NA,NA,NA,NA,NA,NA,NA,NA,NA,NA,NA,NA,NA,NA,03 Mar 2021
3.037,11H 4M 15.4789999999994S,13.5227,4.5025,2.9983,1.5455,1.5282865,13.403836,13.5223,38.3743,28.9002,4.7503,206.189,0,39855.479,NA,Mar,03,2021,NA,NA,NA,NA,NA,NA,NA,NA,NA,NA,NA,NA,NA,NA,NA,NA,NA,NA,NA,NA,NA,NA,NA,NA,NA,NA,03 Mar 2021
2.512,11H 4M 16.4789999999994S,13.6044,4.510629,2.9931,1.5019,1.5279813,13.402467,13.604,38.37,28.8794,4.7322,205.41,0,39856.479,NA,Mar,03,2021,NA,NA,NA,NA,NA,NA,NA,NA,NA,NA,NA,NA,NA,NA,NA,NA,NA,NA,NA,NA,NA,NA,NA,NA,NA,NA,03 Mar 2021
2.332,11H 4M 17.4789999999994S,13.5965,4.50935,2.9921,1.4577,1.5281848,13.403152,13.5962,38.3658,28.8779,4.7429,205.872,0,39857.479,NA,Mar,03,2021,NA,NA,NA,NA,NA,NA,NA,NA,NA,NA,NA,NA,NA,NA,NA,NA,NA,NA,NA,NA,NA,NA,NA,NA,NA,NA,03 Mar 2021
2.166,11H 4M 18.4789999999994S,13.5773,4.507195,2.9932,1.4357,1.5273199,13.422317,13.577,38.3646,28.881,4.7481,206.099,0,39858.479,NA,Mar,03,2021,NA,NA,NA,NA,NA,NA,NA,NA,NA,NA,NA,NA,NA,NA,NA,NA,NA,NA,NA,NA,NA,NA,NA,NA,NA,NA,03 Mar 2021
1.74,11H 4M 19.4789999999994S,13.5598,4.505981,-9.99e-29,1.4064,1.5276251,13.428477000000001,13.5596,38.3708,28.8896,-9.99e-29,-9.99e-29,0,39859.479,NA,Mar,03,2021,NA,NA,NA,NA,NA,NA,NA,NA,NA,NA,NA,NA,NA,NA,NA,NA,NA,NA,NA,NA,NA,NA,NA,NA,NA,NA,03 Mar 2021
1.258,11H 4M 20.4789999999994S,13.5736,4.507034,-9.99e-29,1.3633,1.5277778,13.426423,13.5734,38.3672,28.8838,-9.99e-29,-9.99e-29,0,39860.479,NA,Mar,03,2021,NA,NA,NA,NA,NA,NA,NA,NA,NA,NA,NA,NA,NA,NA,NA,NA,NA,NA,NA,NA,NA,NA,NA,NA,NA,NA,03 Mar 2021
0.875,11H 4M 21.4380000000019S,13.5476,4.504388,-9.99e-29,1.4349,1.5269175,13.436877,13.5475,38.3684,28.8903,-9.99e-29,-9.99e-29,0,39861.438,NA,Mar,03,2021,NA,NA,NA,NA,NA,NA,NA,NA,NA,NA,NA,NA,NA,NA,NA,NA,NA,NA,NA,NA,NA,NA,NA,NA,NA,NA,03 Mar 2021
50.332774999999856,11H 1M 21S,NA,NA,NA,NA,NA,NA,NA,NA,NA,NA,NA,NA,39681,Wed,Mar,03,2021,307,243,56,534,232,285,71,ECOV2-B00206,1297,507,92,29302,507,257,66,29342,257,532,94,28583,532,319,68,29441,319,13.83,03 Mar 2021
50.07703599999982,11H 1M 22S,NA,NA,NA,NA,NA,NA,NA,NA,NA,NA,NA,NA,39682,Wed,Mar,03,2021,341,211,57,534,250,299,70,ECOV2-B00206,1298,579,98,29296,579,325,73,29329,325,525,94,28563,525,322,70,29434,322,13.84,03 Mar 2021
49.93422699999999,11H 1M 23S,NA,NA,NA,NA,NA,NA,NA,NA,NA,NA,NA,NA,39683,Wed,Mar,03,2021,283,205,57,534,221,308,70,ECOV2-B00206,1299,462,86,29296,462,278,69,29343,278,490,90,28584,490,322,70,29438,322,13.82,03 Mar 2021
49.96499100000005,11H 1M 24S,NA,NA,NA,NA,NA,NA,NA,NA,NA,NA,NA,NA,39684,Wed,Mar,03,2021,300,221,56,534,215,274,69,ECOV2-B00206,1300,484,90,29294,484,262,68,29329,262,513,92,28576,513,318,69,29444,318,13.83,03 Mar 2021
50.04693200000006,11H 1M 25S,NA,NA,NA,NA,NA,NA,NA,NA,NA,NA,NA,NA,39685,Wed,Mar,03,2021,303,NA,NA,NA,222,293,72,ECOV2-B00206,1301,547,95,29295,547,267,67,29343,267,482,90,28572,482,319,70,29448,319,13.82,03 Mar 2021
50.16550300000009,11H 1M 26S,NA,NA,NA,NA,NA,NA,NA,NA,NA,NA,NA,NA,39686,Wed,Mar,03,2021,313,204,56,534,217,293,73,ECOV2-B00206,1302,512,91,29306,512,267,68,29346,267,497,91,28578,497,320,69,29447,320,13.83,03 Mar 2021
50.25536100000003,11H 1M 27S,NA,NA,NA,NA,NA,NA,NA,NA,NA,NA,NA,NA,39687,Wed,Mar,03,2021,303,211,56,534,NA,NA,NA,ECOV2-B00206,1303,551,96,29294,551,268,67,29337,268,515,93,28580,515,317,69,29434,317,13.83,03 Mar 2021
50.03270699999992,11H 1M 29S,NA,NA,NA,NA,NA,NA,NA,NA,NA,NA,NA,NA,39689,Wed,Mar,03,2021,296,209,57,534,223,263,71,ECOV2-B00206,1305,480,89,29287,480,268,67,29328,268,495,91,28570,495,318,69,29435,318,13.84,03 Mar 2021
50.00182300000004,11H 1M 30S,NA,NA,NA,NA,NA,NA,NA,NA,NA,NA,NA,NA,39690,Wed,Mar,03,2021,306,206,56,534,229,296,73,ECOV2-B00206,1306,467,87,29291,467,252,66,29325,252,498,91,28572,NA,NA,NA,NA,NA,NA,03 Mar 2021
50.100772000000084,11H 1M 31S,NA,NA,NA,NA,NA,NA,NA,NA,NA,NA,NA,NA,39691,Wed,Mar,03,2021,293,206,57,534,237,286,68,ECOV2-B00206,1307,451,86,29296,451,262,67,29325,262,513,93,28573,513,318,69,29439,318,13.84,03 Mar 2021
50.13951299999997,11H 1M 32S,NA,NA,NA,NA,NA,NA,NA,NA,NA,NA,NA,NA,39692,Wed,Mar,03,2021,322,225,57,534,223,269,68,ECOV2-B00206,1308,458,86,29289,458,282,68,29339,282,489,88,28568,489,321,69,29439,321,13.83,03 Mar 2021
50.10814299999999,11H 1M 33S,NA,NA,NA,NA,NA,NA,NA,NA,NA,NA,NA,NA,39693,Wed,Mar,03,2021,299,207,56,534,226,283,70,ECOV2-B00206,1309,522,93,29295,522,270,68,29339,270,545,95,28575,545,319,68,29437,319,13.83,03 Mar 2021
50.137512000000044,11H 1M 34S,NA,NA,NA,NA,NA,NA,NA,NA,NA,NA,NA,NA,39694,Wed,Mar,03,2021,275,208,56,534,229,278,70,ECOV2-B00206,1310,446,85,29295,446,260,67,29334,260,455,87,28571,455,320,70,29435,320,13.82,03 Mar 2021
50.145428999999965,11H 1M 35S,NA,NA,NA,NA,NA,NA,NA,NA,NA,NA,NA,NA,39695,Wed,Mar,03,2021,223,279,70,541,223,279,70,ECOV2-B00206,1311,475,88,29290,475,261,67,29336,2,NA,NA,NA,NA,NA,NA,NA,NA,NA,03 Mar 2021
50.145428999999965,11H 1M 35S,NA,NA,NA,NA,NA,NA,NA,NA,NA,NA,NA,NA,39695,Wed,Mar,03,2021,223,279,70,541,28557,320,29440,ECOV2-B00206,1311,475,88,29290,475,261,67,29336,2,NA,NA,NA,NA,NA,NA,NA,NA,NA,03 Mar 2021
50.145428999999965,11H 1M 35S,NA,NA,NA,NA,NA,NA,NA,NA,NA,NA,NA,NA,39695,Wed,Mar,03,2021,88,475,67,29336,223,279,70,ECOV2-B00206,1311,475,88,29290,475,261,67,29336,2,NA,NA,NA,NA,NA,NA,NA,NA,NA,03 Mar 2021
50.145428999999965,11H 1M 35S,NA,NA,NA,NA,NA,NA,NA,NA,NA,NA,NA,NA,39695,Wed,Mar,03,2021,88,475,67,29336,28557,320,29440,ECOV2-B00206,1311,475,88,29290,475,261,67,29336,2,NA,NA,NA,NA,NA,NA,NA,NA,NA,03 Mar 2021
50.145428999999965,11H 1M 35S,NA,NA,NA,NA,NA,NA,NA,NA,NA,NA,NA,NA,39695,Wed,Mar,03,2021,28557,320,29440,320,223,279,70,ECOV2-B00206,1311,475,88,29290,475,261,67,29336,2,NA,NA,NA,NA,NA,NA,NA,NA,NA,03 Mar 2021
50.145428999999965,11H 1M 35S,NA,NA,NA,NA,NA,NA,NA,NA,NA,NA,NA,NA,39695,Wed,Mar,03,2021,28557,320,29440,320,28557,320,29440,ECOV2-B00206,1311,475,88,29290,475,261,67,29336,2,NA,NA,NA,NA,NA,NA,NA,NA,NA,03 Mar 2021
50.145428999999965,11H 1M 35S,NA,NA,NA,NA,NA,NA,NA,NA,NA,NA,NA,NA,39695,Wed,Mar,03,2021,296,207,56,534,223,279,70,ECOV2-B00206,1311,475,88,29290,475,261,67,29336,2,NA,NA,NA,NA,NA,NA,NA,NA,NA,03 Mar 2021
50.145428999999965,11H 1M 35S,NA,NA,NA,NA,NA,NA,NA,NA,NA,NA,NA,NA,39695,Wed,Mar,03,2021,296,207,56,534,28557,320,29440,ECOV2-B00206,1311,475,88,29290,475,261,67,29336,2,NA,NA,NA,NA,NA,NA,NA,NA,NA,03 Mar 2021
50.09703399999997,11H 1M 36S,NA,NA,NA,NA,NA,NA,NA,NA,NA,NA,NA,NA,39696,Wed,Mar,03,2021,282,209,56,534,229,276,74,ECOV2-B00206,1312,440,85,29290,440,267,68,29340,267,452,86,28570,452,319,69,29434,319,13.82,03 Mar 2021
50.09703399999997,11H 1M 36S,NA,NA,NA,NA,NA,NA,NA,NA,NA,NA,NA,NA,39696,Wed,Mar,03,2021,282,209,56,534,85,440,68,ECOV2-B00206,1312,440,85,29290,440,267,68,29340,267,452,86,28570,452,319,69,29434,319,13.82,03 Mar 2021
50.13296600000003,11H 1M 38S,NA,NA,NA,NA,NA,NA,NA,NA,NA,NA,NA,NA,39698,Wed,Mar,03,2021,318,214,57,534,234,286,69,ECOV2-B00206,1314,554,96,29282,554,256,67,29327,256,531,94,28555,531,319,69,29426,319,13.83,03 Mar 2021
50.14718499999999,11H 1M 39S,NA,NA,NA,NA,NA,NA,NA,NA,NA,NA,NA,NA,39699,Wed,Mar,03,2021,308,249,57,534,228,282,70,ECOV2-B00206,1315,550,95,29290,550,266,67,29314,266,513,92,28557,513,317,69,29422,317,13.83,03 Mar 2021
50.097277999999946,11H 1M 40S,NA,NA,NA,NA,NA,NA,NA,NA,NA,NA,NA,NA,39700,Wed,Mar,03,2021,293,208,56,534,230,285,68,ECOV2-B00206,1316,520,93,29286,520,NA,NA,NA,NA,NA,NA,NA,NA,NA,NA,NA,NA,NA,03 Mar 2021
50.07779800000002,11H 1M 41S,NA,NA,NA,NA,NA,NA,NA,NA,NA,NA,NA,NA,39701,Wed,Mar,03,2021,324,206,57,534,222,284,73,ECOV2-B00206,1317,500,89,29278,500,251,66,29332,251,492,89,28552,492,318,69,29423,318,13.82,03 Mar 2021
50.1809230000001,11H 1M 42S,NA,NA,NA,NA,NA,NA,NA,NA,NA,NA,NA,NA,39702,Wed,Mar,03,2021,282,222,56,534,227,286,70,ECOV2-B00206,1318,515,92,29281,515,302,71,29332,302,532,95,28560,532,321,70,29420,321,13.84,03 Mar 2021
50.223571999999955,11H 1M 43S,NA,NA,NA,NA,NA,NA,NA,NA,NA,NA,NA,NA,39703,Wed,Mar,03,2021,285,204,56,534,222,278,66,ECOV2-B00206,1319,473,89,29290,473,273,68,29336,273,542,95,28560,542,320,70,29425,320,13.83,03 Mar 2021
50.1086819999999,11H 1M 44S,NA,NA,NA,NA,NA,NA,NA,NA,NA,NA,NA,NA,39704,Wed,Mar,03,2021,296,212,57,534,NA,NA,NA,ECOV2-B00206,1320,464,86,29276,464,484,89,29323,484,967,137,28561,967,322,70,29428,322,13.83,03 Mar 2021
50.04394100000002,11H 1M 45S,NA,NA,NA,NA,NA,NA,NA,NA,NA,NA,NA,NA,39705,Wed,Mar,03,2021,298,211,57,534,230,282,71,ECOV2-B00206,1321,499,NA,NA,NA,NA,NA,NA,NA,NA,NA,NA,NA,NA,NA,NA,NA,NA,03 Mar 2021
50.083697000000036,11H 1M 46S,NA,NA,NA,NA,NA,NA,NA,NA,NA,NA,NA,NA,39706,Wed,Mar,03,2021,320,201,57,534,224,277,73,ECOV2-B00206,1322,467,86,29280,467,270,67,29319,270,497,91,28550,497,319,70,29428,319,13.83,03 Mar 2021
50.211663000000065,11H 1M 48S,NA,NA,NA,NA,NA,NA,NA,NA,NA,NA,NA,NA,39708,Wed,Mar,03,2021,306,210,56,534,250,316,74,ECOV2-B00206,1324,461,88,29281,461,272,68,29318,272,547,97,28545,547,319,70,29430,319,13.83,03 Mar 2021
50.25474799999999,11H 1M 49S,NA,NA,NA,NA,NA,NA,NA,NA,NA,NA,NA,NA,39709,Wed,Mar,03,2021,335,233,57,534,250,302,69,ECOV2-B00206,1325,529,93,29278,529,286,69,29328,286,524,94,28555,524,322,70,29433,322,13.84,03 Mar 2021
50.1656399999999,11H 1M 50S,NA,NA,NA,NA,NA,NA,NA,NA,NA,NA,NA,NA,39710,Wed,Mar,03,2021,353,204,57,534,232,278,66,ECOV2-,NA,NA,NA,NA,NA,NA,NA,NA,NA,NA,NA,NA,NA,NA,NA,NA,NA,NA,03 Mar 2021
50.06868099999997,11H 1M 51S,NA,NA,NA,NA,NA,NA,NA,NA,NA,NA,NA,NA,39711,Wed,Mar,03,2021,307,208,57,534,233,286,68,ECOV2-B00206,1327,504,92,29272,504,258,67,29321,258,582,100,28561,582,319,69,29432,319,13.83,03 Mar 2021
50.07500800000003,11H 1M 52S,NA,NA,NA,NA,NA,NA,NA,NA,NA,NA,NA,NA,39712,Wed,Mar,03,2021,338,209,57,534,259,332,79,ECOV2-B00206,1328,552,97,29285,552,280,69,29329,280,538,95,28552,538,321,69,29424,321,13.82,03 Mar 2021
50.11050400000001,11H 1M 53S,NA,NA,NA,NA,NA,NA,NA,NA,NA,NA,NA,NA,39713,Wed,Mar,03,2021,317,207,57,534,267,320,74,ECOV2-B00206,1329,467,87,29282,467,248,66,29325,248,549,95,28555,549,320,70,29418,320,13.84,03 Mar 2021
50.13606700000002,11H 1M 54S,NA,NA,NA,NA,NA,NA,NA,NA,NA,NA,NA,NA,39714,Wed,Mar,03,2021,320,20,NA,NA,237,314,70,ECOV2-B00206,1330,511,93,29273,511,260,66,29318,260,522,92,28545,522,319,69,29421,319,13.83,03 Mar 2021
50.16619300000002,11H 1M 55S,NA,NA,NA,NA,NA,NA,NA,NA,NA,NA,NA,NA,39715,Wed,Mar,03,2021,367,233,57,534,222,271,69,ECOV2-B00206,1331,549,96,29275,549,329,73,29320,329,564,97,28548,564,319,70,29427,319,13.83,03 Mar 2021
50.25514200000006,11H 1M 57S,NA,NA,NA,NA,NA,NA,NA,NA,NA,NA,NA,NA,39717,Wed,Mar,03,2021,292,211,57,534,217,270,72,ECOV2-B00206,1333,461,88,29270,461,250,66,29315,250,521,94,28544,521,319,69,29416,319,13.83,03 Mar 2021
50.23783299999992,11H 1M 58S,NA,NA,NA,NA,NA,NA,NA,NA,NA,NA,NA,NA,39718,Wed,Mar,03,2021,289,218,57,534,218,273,72,ECOV2-B00206,1334,465,86,29277,465,259,67,29330,259,521,95,28534,521,319,69,29419,319,13.84,03 Mar 2021
50.02226299999981,11H 1M 59S,NA,NA,NA,NA,NA,NA,NA,NA,NA,NA,NA,NA,39719,Wed,Mar,03,2021,278,204,56,534,NA,NA,NA,ECOV2-B00206,1335,482,88,29275,482,379,78,29330,379,575,99,28547,575,316,69,29421,316,13.84,03 Mar 2021
49.91490700000004,11H 2M 0S,NA,NA,NA,NA,NA,NA,NA,NA,NA,NA,NA,NA,39720,Wed,Mar,03,2021,306,201,56,534,470,532,541,ECOV2-B00206,1336,646,104,29266,646,271,68,29315,271,515,92,28543,515,319,70,29415,319,13.83,03 Mar 2021
50.104342000000194,11H 2M 1S,NA,NA,NA,NA,NA,NA,NA,NA,NA,NA,NA,NA,39721,Wed,Mar,03,2021,316,240,56,534,221,289,71,ECOV2-B00206,1337,534,93,29273,534,254,67,29324,254,548,95,28542,548,320,70,29421,320,13.83,03 Mar 2021
50.268277000000026,11H 2M 2S,NA,NA,NA,NA,NA,NA,NA,NA,NA,NA,NA,NA,39722,Wed,Mar,03,2021,313,210,56,534,235,290,73,ECOV2-B00206,1338,507,92,29276,507,272,69,29329,272,515,92,28552,515,319,69,29419,319,13.84,03 Mar 2021
50.27870599999999,11H 2M 3S,NA,NA,NA,NA,NA,NA,NA,NA,NA,NA,NA,NA,39723,Wed,Mar,03,2021,318,210,56,534,226,282,72,ECOV2-B00206,1339,688,110,29273,688,265,67,29314,265,570,98,28546,570,319,68,29424,319,13.82,03 Mar 2021
50.252722999999975,11H 2M 4S,NA,NA,NA,NA,NA,NA,NA,NA,NA,NA,NA,NA,39724,Wed,Mar,03,2021,297,207,57,534,237,297,71,ECOV2-B00206,1340,476,88,29265,476,263,67,29327,263,693,110,28547,693,320,68,29410,320,NA,03 Mar 2021
49.99026999999992,11H 2M 6S,NA,NA,NA,NA,NA,NA,NA,NA,NA,NA,NA,NA,39726,Wed,Mar,03,2021,298,203,56,534,224,295,72,ECOV2-B00206,1342,476,89,29263,476,269,68,29314,269,533,95,28536,533,320,70,29417,320,13.83,03 Mar 2021
49.97124300000005,11H 2M 7S,NA,NA,NA,NA,NA,NA,NA,NA,NA,NA,NA,NA,39727,Wed,Mar,03,2021,283,205,56,534,241,298,75,ECOV2-B00206,1343,467,86,29272,467,256,66,29312,256,562,99,28537,562,318,69,29418,318,13.84,03 Mar 2021
50.10530100000012,11H 2M 8S,NA,NA,NA,NA,NA,NA,NA,NA,NA,NA,NA,NA,39728,Wed,Mar,03,2021,343,235,56,534,286,379,74,ECOV2-B00206,1344,516,93,29271,516,260,67,29314,260,493,91,28539,493,320,70,29409,320,13.84,03 Mar 2021
50.24931000000007,11H 2M 9S,NA,NA,NA,NA,NA,NA,NA,NA,NA,NA,NA,NA,39729,Wed,Mar,03,2021,201,57,NA,NA,247,308,71,ECOV2-B00206,1345,507,92,29269,507,251,65,29315,251,529,95,28542,529,319,71,29415,319,13.83,03 Mar 2021
50.299395,11H 2M 10S,NA,NA,NA,NA,NA,NA,NA,NA,NA,NA,NA,NA,39730,Wed,Mar,03,2021,327,450,56,534,238,303,70,ECOV2-B00206,1346,504,91,29266,504,269,67,29318,269,510,91,28535,510,319,70,29422,319,13.83,03 Mar 2021
50.252714999999945,11H 2M 11S,NA,NA,NA,NA,NA,NA,NA,NA,NA,NA,NA,NA,39731,Wed,Mar,03,2021,314,213,57,534,243,332,72,ECOV2-B00206,1347,482,88,29256,482,278,68,29316,278,535,95,28529,535,320,71,29411,320,13.84,03 Mar 2021
50.09998499999986,11H 2M 12S,NA,NA,NA,NA,NA,NA,NA,NA,NA,NA,NA,NA,39732,Wed,Mar,03,2021,291,206,57,534,217,279,71,ECOV2-B00206,1348,480,89,29260,480,260,66,29299,260,572,98,28539,572,320,70,29419,320,13.82,03 Mar 2021
50.01944300000018,11H 2M 14S,NA,NA,NA,NA,NA,NA,NA,NA,NA,NA,NA,NA,39734,Wed,Mar,03,2021,293,209,57,534,214,270,74,ECOV2-B00206,1350,494,90,29266,494,273,68,29314,273,492,NA,NA,NA,NA,NA,NA,NA,NA,03 Mar 2021
50.280561000000155,11H 2M 15S,NA,NA,NA,NA,NA,NA,NA,NA,NA,NA,NA,NA,39735,Wed,Mar,03,2021,303,198,56,534,NA,NA,NA,ECOV2-B00206,1351,437,85,29268,437,260,67,29313,260,480,89,28534,480,323,70,29411,323,13.83,03 Mar 2021
50.26001899999983,11H 2M 16S,NA,NA,NA,NA,NA,NA,NA,NA,NA,NA,NA,NA,39736,Wed,Mar,03,2021,286,202,56,534,206,276,74,ECOV2-B00206,1352,490,89,29262,490,269,67,29322,269,461,86,28531,461,319,69,29405,319,13.83,03 Mar 2021
50.03705199999988,11H 2M 17S,NA,NA,NA,NA,NA,NA,NA,NA,NA,NA,NA,NA,39737,Wed,Mar,03,2021,297,203,56,534,214,274,69,ECOV2-B00206,1353,463,87,29265,463,269,68,29319,269,507,93,28534,507,319,69,29412,319,13.83,03 Mar 2021
50.086628000000175,11H 2M 18S,NA,NA,NA,NA,NA,NA,NA,NA,NA,NA,NA,NA,39738,Wed,Mar,03,2021,313,233,56,534,211,274,65,ECOV2-B00206,1354,510,91,29260,510,265,67,29319,265,509,92,28525,509,318,69,29409,318,13.83,03 Mar 2021
50.253033000000045,11H 2M 19S,NA,NA,NA,NA,NA,NA,NA,NA,NA,NA,NA,NA,39739,Wed,Mar,03,2021,300,211,56,534,237,315,71,ECOV2-B00206,1355,505,91,29262,505,254,66,29,NA,NA,NA,NA,NA,NA,NA,NA,NA,NA,03 Mar 2021
50.15253999999983,11H 2M 20S,NA,NA,NA,NA,NA,NA,NA,NA,NA,NA,NA,NA,39740,Wed,Mar,03,2021,282,209,57,534,207,275,71,ECOV2-B00206,1356,525,93,29254,525,274,68,29303,274,562,97,28526,562,320,70,29410,320,13.84,03 Mar 2021
50.02174799999999,11H 2M 21S,NA,NA,NA,NA,NA,NA,NA,NA,NA,NA,NA,NA,39741,Wed,Mar,03,2021,317,209,57,534,217,300,75,ECOV2-B00206,1357,450,86,29259,450,310,72,29309,310,529,94,28521,529,320,70,29406,320,13.82,03 Mar 2021
50.08737700000009,11H 2M 22S,NA,NA,NA,NA,NA,NA,NA,NA,NA,NA,NA,NA,39742,Wed,Mar,03,2021,301,211,56,534,221,284,74,ECOV2-B00206,1358,457,88,29251,457,270,68,29310,270,543,96,28536,543,321,70,29414,321,13.84,03 Mar 2021
50.078916999999926,11H 2M 24S,NA,NA,NA,NA,NA,NA,NA,NA,NA,NA,NA,NA,39744,Wed,Mar,03,2021,303,210,57,534,238,318,75,ECOV2-B00206,1360,498,90,29257,NA,NA,NA,NA,NA,NA,NA,NA,NA,NA,NA,NA,NA,NA,03 Mar 2021
49.91111099999987,11H 2M 25S,NA,NA,NA,NA,NA,NA,NA,NA,NA,NA,NA,NA,39745,Wed,Mar,03,2021,315,214,56,534,224,278,69,ECOV2-B00206,1361,511,90,29252,511,283,70,29309,283,508,91,28528,508,321,70,29390,321,13.83,03 Mar 2021
49.645321999999794,11H 2M 26S,NA,NA,NA,NA,NA,NA,NA,NA,NA,NA,NA,NA,39746,Wed,Mar,03,2021,312,229,56,534,221,280,68,ECOV2-B00206,1362,520,92,29251,520,308,70,29301,308,533,94,28526,533,320,69,29417,320,13.83,03 Mar 2021
49.35753999999983,11H 2M 27S,NA,NA,NA,NA,NA,NA,NA,NA,NA,NA,NA,NA,39747,Wed,Mar,03,2021,287,212,56,534,214,263,70,ECOV2-B00206,1363,466,88,29259,466,264,66,29308,264,507,91,28531,507,321,70,29403,321,13.84,03 Mar 2021
49.1553709999999,11H 2M 28S,NA,NA,NA,NA,NA,NA,NA,NA,NA,NA,NA,NA,39748,Wed,Mar,03,2021,322,210,56,534,229,287,71,ECOV2-B00206,1364,678,110,29249,678,258,66,29318,258,621,103,28516,621,320,69,29400,320,13.84,03 Mar 2021
48.92717899999981,11H 2M 29S,NA,NA,NA,NA,NA,NA,NA,NA,NA,NA,NA,NA,39749,Wed,Mar,03,2021,283,234,57,534,221,278,77,ECOV2-B00206,1365,NA,NA,NA,NA,NA,NA,NA,NA,NA,NA,NA,NA,NA,NA,NA,NA,NA,03 Mar 2021
48.56157499999973,11H 2M 30S,NA,NA,NA,NA,NA,NA,NA,NA,NA,NA,NA,NA,39750,Wed,Mar,03,2021,341,221,57,534,223,282,76,ECOV2-B00206,1366,439,83,29250,439,258,68,29309,258,478,89,28531,478,320,70,29401,320,13.82,03 Mar 2021
48.14803699999974,11H 2M 31S,NA,NA,NA,NA,NA,NA,NA,NA,NA,NA,NA,NA,39751,Wed,Mar,03,2021,297,243,56,534,NA,NA,NA,ECOV2-B00206,1367,469,87,29264,469,268,67,29297,268,487,88,28516,487,318,69,29400,318,13.83,03 Mar 2021
47.654286999999904,11H 2M 33S,NA,NA,NA,NA,NA,NA,NA,NA,NA,NA,NA,NA,39753,Wed,Mar,03,2021,309,220,57,534,214,303,69,ECOV2-B00206,1369,437,84,29267,437,265,66,29317,265,521,92,28542,521,329,71,29421,329,13.83,03 Mar 2021
47.32987799999969,11H 2M 34S,NA,NA,NA,NA,NA,NA,NA,NA,NA,NA,NA,NA,39754,Wed,Mar,03,2021,302,217,56,534,218,275,66,ECOV2-B00206,1370,446,85,29276,446,NA,NA,NA,NA,NA,NA,NA,NA,NA,NA,NA,NA,NA,03 Mar 2021
46.804113999999636,11H 2M 35S,NA,NA,NA,NA,NA,NA,NA,NA,NA,NA,NA,NA,39755,Wed,Mar,03,2021,369,225,56,534,214,267,71,ECOV2-B00206,1371,494,92,29274,494,282,69,29320,282,494,92,28536,494,319,70,29415,319,13.83,03 Mar 2021
46.33554099999976,11H 2M 36S,NA,NA,NA,NA,NA,NA,NA,NA,NA,NA,NA,NA,39756,Wed,Mar,03,2021,331,240,57,534,222,283,73,ECOV2-B00206,1372,476,89,29268,476,261,67,29323,261,480,90,28534,480,321,69,29418,321,13.84,03 Mar 2021
46.009161999999826,11H 2M 37S,NA,NA,NA,NA,NA,NA,NA,NA,NA,NA,NA,NA,39757,Wed,Mar,03,2021,305,221,56,534,232,283,72,ECOV2-B00206,1373,532,94,29270,532,264,67,29328,264,556,97,28532,556,319,70,29421,319,13.84,03 Mar 2021
45.708237999999795,11H 2M 38S,NA,NA,NA,NA,NA,NA,NA,NA,NA,NA,NA,NA,39758,Wed,Mar,03,2021,33,NA,NA,NA,283,344,76,ECOV2-B00206,1374,556,97,29269,556,281,68,29322,281,551,96,28540,551,318,69,29431,318,13.84,03 Mar 2021
45.337784999999734,11H 2M 39S,NA,NA,NA,NA,NA,NA,NA,NA,NA,NA,NA,NA,39759,Wed,Mar,03,2021,308,224,57,534,231,360,72,ECOV2-B00206,1375,478,89,29275,478,253,66,29336,253,530,94,28539,530,321,70,29431,321,13.82,03 Mar 2021
44.8910039999997,11H 2M 40S,NA,NA,NA,NA,NA,NA,NA,NA,NA,NA,NA,NA,39760,Wed,Mar,03,2021,301,217,57,534,214,268,71,ECOV2-B00206,1376,621,102,29271,621,325,73,29325,325,491,90,28532,491,320,69,29424,320,13.83,03 Mar 2021
43.94502799999979,11H 2M 42S,NA,NA,NA,NA,NA,NA,NA,NA,NA,NA,NA,NA,39762,Wed,Mar,03,2021,311,204,56,534,249,317,74,ECOV2-B00206,1378,530,93,29273,530,258,67,29320,258,477,89,28524,477,325,71,29416,325,13.83,03 Mar 2021
43.616153999999796,11H 2M 43S,NA,NA,NA,NA,NA,NA,NA,NA,NA,NA,NA,NA,39763,Wed,Mar,03,2021,365,214,56,534,256,325,73,ECOV2-B00206,1379,510,92,29266,510,277,69,29321,277,558,98,28531,558,318,69,29413,318,13.82,03 Mar 2021
43.1348959999996,11H 2M 44S,NA,NA,NA,NA,NA,NA,NA,NA,NA,NA,NA,NA,39764,Wed,Mar,03,2021,287,206,57,534,212,269,70,ECOV2-B00206,1380,516,92,29276,516,253,66,29320,253,498,91,28537,498,322,70,29416,322,13.84,03 Mar 2021
42.61717999999973,11H 2M 45S,NA,NA,NA,NA,NA,NA,NA,NA,NA,NA,NA,NA,39765,Wed,Mar,03,2021,346,210,57,534,220,268,71,ECOV2-B00206,1381,535,95,29259,535,271,67,29317,271,551,96,28535,551,321,70,29412,321,13.83,03 Mar 2021
42.31596799999988,11H 2M 46S,NA,NA,NA,NA,NA,NA,NA,NA,NA,NA,NA,NA,39766,Wed,Mar,03,2021,332,243,57,534,NA,NA,NA,ECOV2-B00206,1382,496,92,29257,496,257,66,29319,257,531,93,28528,531,320,69,29409,320,13.82,03 Mar 2021
41.97235699999969,11H 2M 47S,NA,NA,NA,NA,NA,NA,NA,NA,NA,NA,NA,NA,39767,Wed,Mar,03,2021,302,219,57,534,227,289,75,ECOV2-B00206,1383,575,98,29262,575,271,68,29319,271,497,91,28527,497,319,69,29404,319,13.83,03 Mar 2021
41.4185009999996,11H 2M 48S,NA,NA,NA,NA,NA,NA,NA,NA,NA,NA,NA,NA,39768,Wed,Mar,03,2021,304,208,56,534,240,314,76,ECOV2-B00206,1384,472,88,29255,472,252,66,29317,252,511,91,28531,511,321,70,2941,NA,NA,03 Mar 2021
40.90161699999973,11H 2M 49S,NA,NA,NA,NA,NA,NA,NA,NA,NA,NA,NA,NA,39769,Wed,Mar,03,2021,309,209,56,534,219,287,71,ECOV2-B00206,1385,467,89,29263,467,266,67,29314,266,524,92,28530,524,320,70,29408,320,13.84,03 Mar 2021
40.08655799999974,11H 2M 51S,NA,NA,NA,NA,NA,NA,NA,NA,NA,NA,NA,NA,39771,Wed,Mar,03,2021,317,210,57,534,218,275,67,ECOV2-B00206,1387,495,90,29269,495,254,65,29316,254,501,92,28539,501,318,70,29407,318,13.84,03 Mar 2021
39.699145999999764,11H 2M 52S,NA,NA,NA,NA,NA,NA,NA,NA,NA,NA,NA,NA,39772,Wed,Mar,03,2021,322,213,57,534,231,291,70,ECOV2-B00206,1388,622,103,29275,622,404,81,29317,404,481,88,28526,481,320,69,29420,320,13.83,03 Mar 2021
39.238659999999655,11H 2M 53S,NA,NA,NA,NA,NA,NA,NA,NA,NA,NA,NA,NA,39773,Wed,Mar,03,2021,700,460,534,NA,221,284,73,ECOV2-B00206,1389,479,88,29259,479,278,68,29323,278,547,95,28519,547,321,70,29413,321,13.84,03 Mar 2021
38.67677799999963,11H 2M 54S,NA,NA,NA,NA,NA,NA,NA,NA,NA,NA,NA,NA,39774,Wed,Mar,03,2021,324,221,56,534,223,286,75,ECOV2-B00206,1390,490,90,29264,490,264,67,29318,264,502,92,28507,502,319,69,29408,319,13.83,03 Mar 2021
38.19376799999975,11H 2M 55S,NA,NA,NA,NA,NA,NA,NA,NA,NA,NA,NA,NA,39775,Wed,Mar,03,2021,315,217,56,534,222,290,71,ECOV2-B00206,1391,485,90,29254,485,259,67,29321,259,541,94,28519,541,320,70,29406,320,13.83,03 Mar 2021
37.76946599999971,11H 2M 56S,NA,NA,NA,NA,NA,NA,NA,NA,NA,NA,NA,NA,39776,Wed,Mar,03,2021,307,209,56,534,230,300,72,ECOV2-B00206,1392,471,89,29259,471,305,73,29317,305,532,94,28516,532,319,69,29415,319,13.84,03 Mar 2021
37.231063999999606,11H 2M 57S,NA,NA,NA,NA,NA,NA,NA,NA,NA,NA,NA,NA,39777,Wed,Mar,03,2021,316,213,57,534,237,300,69,ECOV2-B00206,1393,494,91,29260,494,261,66,29312,261,545,96,28527,545,320,68,29411,320,13.84,03 Mar 2021
36.44052299999985,11H 2M 59S,NA,NA,NA,NA,NA,NA,NA,NA,NA,NA,NA,NA,39779,Wed,Mar,03,2021,314,214,56,534,314,214,56,ECOV2-B00206,1395,576,97,29253,576,273,68,29309,273,517,91,28520,517,318,70,29395,318,13.83,03 Mar 2021
36.44052299999985,11H 2M 59S,NA,NA,NA,NA,NA,NA,NA,NA,NA,NA,NA,NA,39779,Wed,Mar,03,2021,314,214,56,534,97,576,68,ECOV2-B00206,1395,576,97,29253,576,273,68,29309,273,517,91,28520,517,318,70,29395,318,13.83,03 Mar 2021
36.44052299999985,11H 2M 59S,NA,NA,NA,NA,NA,NA,NA,NA,NA,NA,NA,NA,39779,Wed,Mar,03,2021,314,214,56,534,223,281,75,ECOV2-B00206,1395,576,97,29253,576,273,68,29309,273,517,91,28520,517,318,70,29395,318,13.83,03 Mar 2021
36.02013099999962,11H 3M 0S,NA,NA,NA,NA,NA,NA,NA,NA,NA,NA,NA,NA,39780,Wed,Mar,03,2021,294,219,57,534,234,294,74,ECOV2-B00206,1396,592,101,29251,592,292,70,29307,292,690,108,28502,690,319,69,29398,319,13.83,03 Mar 2021
35.40403899999959,11H 3M 1S,NA,NA,NA,NA,NA,NA,NA,NA,NA,NA,NA,NA,39781,Wed,Mar,03,2021,328,226,57,534,234,311,73,ECOV2-B00206,1397,629,104,29253,629,268,67,29314,268,579,98,28508,579,321,69,29408,321,13.83,03 Mar 2021
34.80680299999965,11H 3M 2S,NA,NA,NA,NA,NA,NA,NA,NA,NA,NA,NA,NA,39782,Wed,Mar,03,2021,307,226,56,534,NA,NA,NA,ECOV2-B00206,1398,511,91,29240,511,266,67,29297,266,560,97,28495,560,320,71,29399,320,13.83,03 Mar 2021
34.80680299999965,11H 3M 2S,NA,NA,NA,NA,NA,NA,NA,NA,NA,NA,NA,NA,39782,Wed,Mar,03,2021,307,226,56,534,NA,NA,NA,ECOV2-B00206,1399,482,90,29254,482,273,68,29309,273,514,92,28512,514,NA,NA,NA,NA,NA,03 Mar 2021
34.33628899999975,11H 3M 3S,NA,NA,NA,NA,NA,NA,NA,NA,NA,NA,NA,NA,39783,Wed,Mar,03,2021,323,227,57,534,227,276,70,ECOV2-B00206,1400,553,97,29260,553,272,67,29310,272,544,96,28518,544,320,69,29408,320,13.84,03 Mar 2021
34.04011099999987,11H 3M 4S,NA,NA,NA,NA,NA,NA,NA,NA,NA,NA,NA,NA,39784,Wed,Mar,03,2021,322,216,57,534,240,308,71,NA,NA,NA,NA,NA,NA,NA,NA,NA,NA,NA,NA,NA,NA,NA,NA,NA,NA,NA,03 Mar 2021
33.65136599999965,11H 3M 5S,NA,NA,NA,NA,NA,NA,NA,NA,NA,NA,NA,NA,39785,Wed,Mar,03,2021,324,225,56,534,258,320,75,ECOV2-B00206,1401,513,93,29257,513,304,71,29311,304,572,98,28505,572,320,70,29404,320,13.84,03 Mar 2021
32.861352999999355,11H 3M 6S,NA,NA,NA,NA,NA,NA,NA,NA,NA,NA,NA,NA,39786,Wed,Mar,03,2021,334,210,57,534,263,309,77,ECOV2-B00206,1402,555,96,29262,555,282,68,29313,282,726,113,28516,726,321,71,29409,321,13.83,03 Mar 2021
31.594589999999865,11H 3M 8S,NA,NA,NA,NA,NA,NA,NA,NA,NA,NA,NA,NA,39788,Wed,Mar,03,2021,346,212,57,534,245,303,73,ECOV2-B00206,1404,658,104,29254,658,327,73,29319,327,577,NA,NA,NA,NA,NA,NA,NA,NA,03 Mar 2021
31.252776999999703,11H 3M 9S,NA,NA,NA,NA,NA,NA,NA,NA,NA,NA,NA,NA,39789,Wed,Mar,03,2021,361,223,57,534,243,300,74,ECOV2-B00206,1405,643,105,29263,643,269,67,29315,269,533,94,28514,533,318,69,29404,318,13.84,03 Mar 2021
31.252776999999703,11H 3M 9S,NA,NA,NA,NA,NA,NA,NA,NA,NA,NA,NA,NA,39789,Wed,Mar,03,2021,361,223,57,534,243,300,74,ECOV2-B00206,1406,536,94,29255,536,280,68,29313,280,586,98,28504,586,322,70,29399,322,13.83,03 Mar 2021
30.629829999999505,11H 3M 10S,NA,NA,NA,NA,NA,NA,NA,NA,NA,NA,NA,NA,39790,Wed,Mar,03,2021,350,214,56,534,251,309,75,ECOV2-B00206,1407,586,100,29247,586,291,70,29312,291,599,101,28514,599,320,71,29394,320,13.83,03 Mar 2021
29.949962999999617,11H 3M 11S,NA,NA,NA,NA,NA,NA,NA,NA,NA,NA,NA,NA,39791,Wed,Mar,03,2021,389,222,56,534,246,314,73,ECOV2-B00206,1408,564,97,29250,564,298,71,29315,298,608,101,28504,608,321,69,29404,321,13.83,03 Mar 2021
29.39516399999967,11H 3M 12S,NA,NA,NA,NA,NA,NA,NA,NA,NA,NA,NA,NA,39792,Wed,Mar,03,2021,338,248,56,534,258,316,75,ECOV2-B002,NA,NA,NA,NA,NA,NA,NA,NA,NA,NA,NA,NA,NA,NA,NA,NA,NA,NA,03 Mar 2021
28.878121999999667,11H 3M 13S,NA,NA,NA,NA,NA,NA,NA,NA,NA,NA,NA,NA,39793,Wed,Mar,03,2021,345,255,57,534,256,328,74,ECOV2-B00206,1410,750,115,29237,750,304,70,29305,304,584,100,28496,584,320,70,29389,320,13.83,03 Mar 2021
28.37939899999969,11H 3M 14S,NA,NA,NA,NA,NA,NA,NA,NA,NA,NA,NA,NA,39794,Wed,Mar,03,2021,343,220,56,534,258,331,74,NA,NA,NA,NA,NA,NA,NA,NA,NA,NA,NA,NA,NA,NA,NA,NA,NA,NA,NA,03 Mar 2021
27.230130999999623,11H 3M 16S,NA,NA,NA,NA,NA,NA,NA,NA,NA,NA,NA,NA,39796,Wed,Mar,03,2021,355,308,56,534,NA,NA,NA,ECOV2-B00206,1412,541,95,29235,541,291,69,29293,291,581,99,28492,581,320,71,29380,320,13.84,03 Mar 2021
27.230130999999623,11H 3M 16S,NA,NA,NA,NA,NA,NA,NA,NA,NA,NA,NA,NA,39796,Wed,Mar,03,2021,355,308,56,534,NA,NA,NA,ECOV2-B00206,1413,595,101,29232,595,289,70,29297,289,619,102,28495,619,320,69,29392,320,13.83,03 Mar 2021
26.64686199999963,11H 3M 17S,NA,NA,NA,NA,NA,NA,NA,NA,NA,NA,NA,NA,39797,Wed,Mar,03,2021,395,240,56,534,249,322,73,ECOV2-B00206,1414,541,94,29228,NA,NA,NA,NA,NA,NA,NA,NA,NA,NA,NA,NA,NA,NA,03 Mar 2021
26.039685999999595,11H 3M 18S,NA,NA,NA,NA,NA,NA,NA,NA,NA,NA,NA,NA,39798,Wed,Mar,03,2021,335,224,57,534,255,332,72,ECOV2-B00206,1415,581,97,29229,581,291,69,29292,291,652,106,28487,652,321,70,29369,321,13.82,03 Mar 2021
25.456222999999657,11H 3M 19S,NA,NA,NA,NA,NA,NA,NA,NA,NA,NA,NA,NA,39799,Wed,Mar,03,2021,347,221,57,534,257,336,74,ECOV2-B00206,1416,544,96,29237,544,286,69,29292,286,618,100,28485,618,322,70,29376,322,13.83,03 Mar 2021
24.96298699999971,11H 3M 20S,NA,NA,NA,NA,NA,NA,NA,NA,NA,NA,NA,NA,39800,Wed,Mar,03,2021,361,232,57,534,264,332,77,ECOV2-B00206,1417,554,97,29220,554,300,69,29284,300,535,95,28481,535,319,70,29375,319,13.83,03 Mar 2021
24.516238999999718,11H 3M 21S,NA,NA,NA,NA,NA,NA,NA,NA,NA,NA,NA,NA,39801,Wed,Mar,03,2021,356,228,56,534,262,323,76,ECOV2-B00206,1418,532,94,29228,532,286,70,29285,286,550,97,28484,550,323,70,29375,323,13.83,03 Mar 2021
23.97051799999959,11H 3M 22S,NA,NA,NA,NA,NA,NA,NA,NA,NA,NA,NA,NA,39802,Wed,Mar,03,2021,700,460,534,NA,268,338,73,ECOV2-B00206,1419,651,106,29237,651,289,69,29290,289,649,104,28485,649,321,69,29382,321,13.83,03 Mar 2021
23.206603999999437,11H 3M 23S,NA,NA,NA,NA,NA,NA,NA,NA,NA,NA,NA,NA,39803,Wed,Mar,03,2021,352,226,57,534,292,340,76,ECOV2-B00206,1420,632,104,29233,632,286,68,29295,286,636,104,28490,636,320,70,29377,320,13.84,03 Mar 2021
22.154631999999868,11H 3M 25S,NA,NA,NA,NA,NA,NA,NA,NA,NA,NA,NA,NA,39805,Wed,Mar,03,2021,362,224,56,534,269,325,73,ECOV2-B00206,1422,599,100,29225,599,294,69,29296,294,571,98,28473,571,321,70,29376,321,13.83,03 Mar 2021
21.73718999999961,11H 3M 26S,NA,NA,NA,NA,NA,NA,NA,NA,NA,NA,NA,NA,39806,Wed,Mar,03,2021,388,223,57,534,287,367,78,ECOV2-B00206,1423,602,102,29224,602,284,68,29287,284,655,105,28481,655,323,70,29373,323,13.84,03 Mar 2021
21.025594999999484,11H 3M 27S,NA,NA,NA,NA,NA,NA,NA,NA,NA,NA,NA,NA,39807,Wed,Mar,03,2021,394,245,57,5,278,356,76,ECOV2-B00206,1424,630,103,29224,630,306,71,29290,306,649,104,28477,649,322,70,29367,322,13.82,03 Mar 2021
20.37428999999967,11H 3M 28S,NA,NA,NA,NA,NA,NA,NA,NA,NA,NA,NA,NA,39808,Wed,Mar,03,2021,397,239,57,534,278,373,77,ECOV2-B00206,1425,639,105,29229,639,369,78,29284,369,813,121,28484,813,321,70,29375,321,13.83,03 Mar 2021
19.881482999999694,11H 3M 29S,NA,NA,NA,NA,NA,NA,NA,NA,NA,NA,NA,NA,39809,Wed,Mar,03,2021,414,242,56,534,308,361,76,ECOV2-B00206,1426,659,106,29227,659,284,69,29280,284,678,107,28465,678,322,70,29369,322,13.83,03 Mar 2021
19.352903999999633,11H 3M 30S,NA,NA,NA,NA,NA,NA,NA,NA,NA,NA,NA,NA,39810,Wed,Mar,03,2021,380,229,56,534,309,362,78,ECOV2-B00206,1427,632,104,29232,632,303,70,29292,303,676,106,28480,676,323,71,29376,323,13.83,03 Mar 2021
18.842028999999712,11H 3M 31S,NA,NA,NA,NA,NA,NA,NA,NA,NA,NA,NA,NA,39811,Wed,Mar,03,2021,376,223,57,534,NA,NA,NA,ECOV2-B00206,1428,614,102,29222,614,277,68,29281,277,650,105,28479,650,323,69,29372,323,13.83,03 Mar 2021
18.32381999999963,11H 3M 32S,NA,NA,NA,NA,NA,NA,NA,NA,NA,NA,NA,NA,39812,Wed,Mar,03,2021,371,225,57,534,NA,NA,NA,ECOV2-B00206,1429,643,105,29225,643,290,69,29283,290,670,107,28486,670,320,69,29372,320,13.83,03 Mar 2021
16.986626999999608,11H 3M 34S,NA,NA,NA,NA,NA,NA,NA,NA,NA,NA,NA,NA,39814,Wed,Mar,03,2021,381,266,57,534,285,361,78,ECOV2-B00206,1431,591,100,29224,591,284,69,29292,284,651,105,28473,651,322,70,29359,322,13.83,03 Mar 2021
16.48095299999974,11H 3M 35S,NA,NA,NA,NA,NA,NA,NA,NA,NA,NA,NA,NA,39815,Wed,Mar,03,2021,394,228,57,534,292,378,80,ECOV2-B00206,1432,654,106,29214,654,297,70,29289,297,669,106,28478,669,321,70,29369,321,13.84,03 Mar 2021
16.06717999999973,11H 3M 36S,NA,NA,NA,NA,NA,NA,NA,NA,NA,NA,NA,NA,39816,Wed,Mar,03,2021,401,228,56,534,283,355,73,ECOV2-B00206,1433,673,107,29217,673,320,73,29275,320,670,107,28476,670,324,70,29364,324,13.82,03 Mar 2021
15.520576999999575,11H 3M 37S,NA,NA,NA,NA,NA,NA,NA,NA,NA,NA,NA,NA,39817,Wed,Mar,03,2021,371,218,57,534,281,363,78,ECOV2-B00206,1434,584,99,29223,584,278,68,29278,278,583,98,28474,583,323,69,29368,323,13.83,03 Mar 2021
14.794535999999498,11H 3M 38S,NA,NA,NA,NA,NA,NA,NA,NA,NA,NA,NA,NA,39818,Wed,Mar,03,2021,373,226,56,534,295,356,77,ECOV2-B00206,1435,560,97,29213,560,293,70,29282,293,633,104,28477,633,322,70,29365,322,13.83,03 Mar 2021
14.169961999999694,11H 3M 39S,NA,NA,NA,NA,NA,NA,NA,NA,NA,NA,NA,NA,39819,Wed,Mar,03,2021,418,219,57,534,301,388,80,ECOV2-B00206,1436,854,127,29218,854,296,69,29284,296,631,104,28469,631,322,68,29364,322,13.83,03 Mar 2021
13.819085999999851,11H 3M 40S,NA,NA,NA,NA,NA,NA,NA,NA,NA,NA,NA,NA,39820,Wed,Mar,03,2021,456,236,56,534,309,402,82,ECOV2-B00206,1437,626,103,29222,626,312,72,29282,312,792,119,28468,792,324,70,29368,324,13.82,03 Mar 2021
13.37147599999959,11H 3M 41S,NA,NA,NA,NA,NA,NA,NA,NA,NA,NA,NA,NA,39821,Wed,Mar,03,2021,364,216,56,534,314,377,75,ECOV2-B00206,1438,569,97,29222,569,276,68,29282,276,622,101,28467,622,324,71,29,NA,NA,03 Mar 2021
12.583679999999411,11H 3M 42S,NA,NA,NA,NA,NA,NA,NA,NA,NA,NA,NA,NA,39822,Wed,Mar,03,2021,415,229,57,534,280,350,78,ECOV2-B00206,1439,559,97,29213,559,275,67,29284,275,605,101,28472,605,321,69,29363,321,13.84,03 Mar 2021
11.448825999999812,11H 3M 44S,NA,NA,NA,NA,NA,NA,NA,NA,NA,NA,NA,NA,39824,Wed,Mar,03,2021,537,241,56,534,295,357,80,ECOV2-B00206,1441,641,104,29217,641,276,67,29276,276,608,99,28477,608,322,70,29361,322,13.84,03 Mar 2021
11.045415999999678,11H 3M 45S,NA,NA,NA,NA,NA,NA,NA,NA,NA,NA,NA,NA,39825,Wed,Mar,03,2021,374,218,56,534,287,358,81,ECOV2-B00206,1442,578,97,29215,578,285,69,29266,285,798,119,28468,798,320,69,29368,320,13.83,03 Mar 2021
10.48775299999961,11H 3M 46S,NA,NA,NA,NA,NA,NA,NA,NA,NA,NA,NA,NA,39826,Wed,Mar,03,2021,362,217,57,534,312,367,83,ECOV2-B00206,1443,614,101,29213,614,324,73,29267,324,675,107,28459,NA,NA,NA,NA,NA,NA,03 Mar 2021
10.058413999999829,11H 3M 47S,NA,NA,NA,NA,NA,NA,NA,NA,NA,NA,NA,NA,39827,Wed,Mar,03,2021,414,245,55,534,293,364,78,ECOV2-B00206,1444,702,109,29206,702,272,67,29279,272,631,104,28469,631,322,70,29365,322,13.83,03 Mar 2021
9.844513999999894,11H 3M 48S,NA,NA,NA,NA,NA,NA,NA,NA,NA,NA,NA,NA,39828,Wed,Mar,03,2021,365,225,56,534,307,377,86,ECOV2-B00206,1445,588,100,29213,588,295,69,29279,295,642,103,28468,642,320,71,29362,320,13.83,03 Mar 2021
9.578481999999772,11H 3M 49S,NA,NA,NA,NA,NA,NA,NA,NA,NA,NA,NA,NA,39829,Wed,Mar,03,2021,386,238,58,534,NA,NA,NA,ECOV2-B00206,1446,622,103,29209,622,280,68,29284,280,589,98,28462,589,320,69,29363,320,13.82,03 Mar 2021
9.291337999999858,11H 3M 50S,NA,NA,NA,NA,NA,NA,NA,NA,NA,NA,NA,NA,39830,Wed,Mar,03,2021,380,219,56,534,302,373,83,ECOV2-B00206,1447,778,118,29212,778,301,71,29269,301,775,116,28461,775,328,71,29368,328,13.83,03 Mar 2021
9.139672999999945,11H 3M 51S,NA,NA,NA,NA,NA,NA,NA,NA,NA,NA,NA,NA,39831,Wed,Mar,03,2021,377,217,57,534,314,391,80,ECOV2-B00206,1448,572,98,29209,572,277,67,29292,277,NA,NA,NA,NA,NA,NA,NA,NA,NA,03 Mar 2021
8.668498999999757,11H 3M 53S,NA,NA,NA,NA,NA,NA,NA,NA,NA,NA,NA,NA,39833,Wed,Mar,03,2021,378,212,56,534,317,379,84,ECOV2-B00206,1450,614,102,29213,614,287,69,29279,287,613,101,28477,613,326,70,29370,326,13.84,03 Mar 2021
8.408370999999905,11H 3M 54S,NA,NA,NA,NA,NA,NA,NA,NA,NA,NA,NA,NA,39834,Wed,Mar,03,2021,379,222,56,534,320,390,81,ECOV2-B00206,1451,586,100,29210,586,487,90,29267,487,689,109,28470,689,323,69,29358,323,13.83,03 Mar 2021
8.382327000000055,11H 3M 55S,NA,NA,NA,NA,NA,NA,NA,NA,NA,NA,NA,NA,39835,Wed,Mar,03,2021,387,206,56,534,350,419,89,ECOV2-B00206,1452,590,100,29216,590,279,68,29280,279,700,110,28466,700,323,71,29364,323,13.84,03 Mar 2021
8.277077999999818,11H 3M 56S,NA,NA,NA,NA,NA,NA,NA,NA,NA,NA,NA,NA,39836,Wed,Mar,03,2021,373,225,57,534,323,394,80,NA,NA,NA,NA,NA,NA,NA,NA,NA,NA,NA,NA,NA,NA,NA,NA,NA,NA,NA,03 Mar 2021
7.843987999999634,11H 3M 57S,NA,NA,NA,NA,NA,NA,NA,NA,NA,NA,NA,NA,39837,Wed,Mar,03,2021,340,232,57,534,305,374,82,ECOV2-B00206,1454,539,94,29219,539,275,68,29284,275,546,95,28466,546,321,70,29360,321,13.83,03 Mar 2021
7.492370999999905,11H 3M 58S,NA,NA,NA,NA,NA,NA,NA,NA,NA,NA,NA,NA,39838,Wed,Mar,03,2021,352,215,56,534,341,381,85,ECOV2-B00206,1455,481,88,29212,481,278,67,29273,278,521,92,28464,521,328,71,29359,328,13.82,03 Mar 2021
7.516343000000117,11H 3M 59S,NA,NA,NA,NA,NA,NA,NA,NA,NA,NA,NA,NA,39839,Wed,Mar,03,2021,365,224,57,534,306,374,79,ECOV2-B00206,1456,535,93,29215,535,266,68,29270,266,541,95,28462,541,320,69,29367,320,13.83,03 Mar 2021
7.495110999999866,11H 4M 0S,NA,NA,NA,NA,NA,NA,NA,NA,NA,NA,NA,NA,39840,Wed,Mar,03,2021,361,256,57,534,328,391,81,ECOV2-B00206,1457,455,85,29211,455,265,68,29279,265,505,89,28468,505,319,69,29362,319,13.83,03 Mar 2021
6.873328999999903,11H 4M 2S,NA,NA,NA,NA,NA,NA,NA,NA,NA,NA,NA,NA,39842,Wed,Mar,03,2021,311,211,57,534,327,387,85,ECOV2-B00206,1459,439,84,29221,439,325,73,29287,325,477,88,28467,477,320,70,29362,320,13.83,03 Mar 2021
6.7337909999999175,11H 4M 3S,NA,NA,NA,NA,NA,NA,NA,NA,NA,NA,NA,NA,39843,Wed,Mar,03,2021,389,218,56,534,320,395,83,ECOV2-B00206,1460,437,84,29209,437,270,67,29280,270,632,104,28454,632,322,70,29351,322,13.83,03 Mar 2021
6.468288999999749,11H 4M 4S,NA,NA,NA,NA,NA,NA,NA,NA,NA,NA,NA,NA,39844,Wed,Mar,03,2021,419,219,56,534,NA,NA,NA,ECOV2-B00206,1461,468,88,29209,468,300,71,29274,300,536,95,28462,536,320,70,29360,320,13.83,03 Mar 2021
6.147623999999836,11H 4M 5S,NA,NA,NA,NA,NA,NA,NA,NA,NA,NA,NA,NA,39845,Wed,Mar,03,2021,402,234,57,534,307,376,86,ECOV2-B00206,1462,497,91,29215,497,266,66,29288,266,482,88,28477,482,323,71,29358,323,13.82,03 Mar 2021
5.97602599999994,11H 4M 6S,NA,NA,NA,NA,NA,NA,NA,NA,NA,NA,NA,NA,39846,Wed,Mar,03,2021,700,460,534,NA,360,426,87,ECOV2-B00206,1463,423,83,29209,423,294,69,29288,294,451,85,28477,451,319,70,29369,319,13.83,03 Mar 2021
5.790850999999828,11H 4M 7S,NA,NA,NA,NA,NA,NA,NA,NA,NA,NA,NA,NA,39847,Wed,Mar,03,2021,405,221,56,534,370,433,92,ECOV2-B00206,1464,370,76,29203,370,337,75,29272,337,391,78,28460,391,319,69,29360,319,13.82,03 Mar 2021
5.459851999999752,11H 4M 8S,NA,NA,NA,NA,NA,NA,NA,NA,NA,NA,NA,NA,39848,Wed,Mar,03,2021,397,215,57,534,353,441,89,ECOV2-B00206,1465,334,74,29205,334,274,69,29280,274,384,77,28460,384,317,70,29361,317,13.83,03 Mar 2021
5.097380999999783,11H 4M 9S,NA,NA,NA,NA,NA,NA,NA,NA,NA,NA,NA,NA,39849,Wed,Mar,03,2021,413,225,58,534,352,431,88,ECOV2-B00206,1466,333,73,29208,333,260,67,29273,260,359,75,28456,359,317,70,29352,317,13.83,03 Mar 2021
4.388725999999748,11H 4M 11S,NA,NA,NA,NA,NA,NA,NA,NA,NA,NA,NA,NA,39851,Wed,Mar,03,2021,392,226,NA,NA,347,419,86,ECOV2-B00206,1468,374,77,29206,374,265,67,29273,265,405,80,28457,405,322,70,29357,322,13.83,03 Mar 2021
4.0676659999998375,11H 4M 12S,NA,NA,NA,NA,NA,NA,NA,NA,NA,NA,NA,NA,39852,Wed,Mar,03,2021,344,235,56,534,312,391,86,ECOV2-B00206,1469,330,73,29206,330,270,69,29254,270,380,78,28453,380,320,70,29357,320,13.83,03 Mar 2021
3.9022359999999465,11H 4M 13S,NA,NA,NA,NA,NA,NA,NA,NA,NA,NA,NA,NA,39853,Wed,Mar,03,2021,359,335,56,534,325,405,86,ECOV2-B00206,1470,337,75,29201,337,283,68,29271,283,367,76,28451,367,319,70,29354,319,13.83,03 Mar 2021
3.717161999999822,11H 4M 14S,NA,NA,NA,NA,NA,NA,NA,NA,NA,NA,NA,NA,39854,Wed,Mar,03,2021,340,224,57,534,333,408,85,ECOV2-B00206,1471,433,84,29207,433,260,67,29274,260,516,91,28438,516,338,72,29352,338,13.84,03 Mar 2021
3.2990129999996496,11H 4M 15S,NA,NA,NA,NA,NA,NA,NA,NA,NA,NA,NA,NA,39855,Wed,Mar,03,2021,342,220,57,534,470,532,541,ECOV2-B00206,1472,350,75,29202,350,269,68,29276,269,378,77,28456,378,324,70,29358,324,13.84,03 Mar 2021
2.763474999999664,11H 4M 16S,NA,NA,NA,NA,NA,NA,NA,NA,NA,NA,NA,NA,39856,Wed,Mar,03,2021,306,221,56,534,282,348,81,ECOV2-B00206,1473,380,78,29203,380,256,67,29272,256,378,78,28460,378,321,70,29348,321,13.83,03 Mar 2021
2.418219999999885,11H 4M 17S,NA,NA,NA,NA,NA,NA,NA,NA,NA,NA,NA,NA,39857,Wed,Mar,03,2021,312,217,57,534,300,370,82,ECOV2-B00206,1474,363,76,29203,363,267,67,29275,267,368,77,28457,368,319,70,29357,319,13.83,03 Mar 2021
1.9440539999997273,11H 4M 19S,NA,NA,NA,NA,NA,NA,NA,NA,NA,NA,NA,NA,39859,Wed,Mar,03,2021,340,268,56,534,340,268,56,ECOV2-B00206,1476,342,75,29200,342,266,68,29263,266,316,71,28450,316,315,69,29347,315,13.84,03 Mar 2021
1.9440539999997273,11H 4M 19S,NA,NA,NA,NA,NA,NA,NA,NA,NA,NA,NA,NA,39859,Wed,Mar,03,2021,340,268,56,534,75,342,68,ECOV2-B00206,1476,342,75,29200,342,266,68,29263,266,316,71,28450,316,315,69,29347,315,13.84,03 Mar 2021
1.9440539999997273,11H 4M 19S,NA,NA,NA,NA,NA,NA,NA,NA,NA,NA,NA,NA,39859,Wed,Mar,03,2021,340,268,56,534,241,287,78,ECOV2-B00206,1476,342,75,29200,342,266,68,29263,266,316,71,28450,316,315,69,29347,315,13.84,03 Mar 2021
1.4888779999996915,11H 4M 20S,NA,NA,NA,NA,NA,NA,NA,NA,NA,NA,NA,NA,39860,Wed,Mar,03,2021,298,208,56,534,NA,NA,NA,ECOV2-B00206,1477,249,65,29196,249,245,66,29263,245,255,66,28452,255,320,69,29347,320,1,03 Mar 2021
50.18486699999988,11H 1M 28S,NA,NA,NA,NA,NA,NA,NA,NA,NA,NA,NA,NA,39688,Wed,Mar,03,2021,NA,NA,NA,NA,235,311,72,ECOV2-B00206,1304,508,90,29292,508,265,66,29325,265,513,92,28570,513,321,71,29434,321,13.83,03 Mar 2021
50.09271400000002,11H 1M 37S,NA,NA,NA,NA,NA,NA,NA,NA,NA,NA,NA,NA,39697,Wed,Mar,03,2021,NA,NA,NA,NA,240,294,74,ECOV2-B00206,1313,914,130,29287,914,288,70,29328,288,483,89,28564,483,321,69,29421,321,13.83,03 Mar 2021
50.135487000000026,11H 1M 47S,NA,NA,NA,NA,NA,NA,NA,NA,NA,NA,NA,NA,39707,Wed,Mar,03,2021,NA,NA,NA,NA,243,297,75,ECOV2-B00206,1323,482,89,29277,482,271,68,29329,271,531,94,28550,531,321,69,29418,321,13.83,03 Mar 2021
50.19242000000001,11H 1M 56S,NA,NA,NA,NA,NA,NA,NA,NA,NA,NA,NA,NA,39716,Wed,Mar,03,2021,NA,NA,NA,NA,249,306,74,ECOV2-B00206,1332,497,91,29272,497,308,71,29315,308,539,95,28539,539,321,70,29426,321,13.83,03 Mar 2021
50.14278299999989,11H 2M 5S,NA,NA,NA,NA,NA,NA,NA,NA,NA,NA,NA,NA,39725,Wed,Mar,03,2021,NA,NA,NA,NA,212,268,69,ECOV2-B00206,1341,557,97,29270,557,310,72,29319,310,562,97,28535,562,325,70,29413,325,13.83,03 Mar 2021
49.93187499999992,11H 2M 13S,NA,NA,NA,NA,NA,NA,NA,NA,NA,NA,NA,NA,39733,Wed,Mar,03,2021,NA,NA,NA,NA,214,290,73,ECOV2-B00206,1349,492,90,29261,492,271,68,29315,271,476,87,28529,476,325,70,29411,325,13.83,03 Mar 2021
50.14778999999999,11H 2M 23S,NA,NA,NA,NA,NA,NA,NA,NA,NA,NA,NA,NA,39743,Wed,Mar,03,2021,NA,NA,NA,NA,215,276,74,ECOV2-B00206,1359,466,87,29264,466,304,70,29314,304,555,97,28520,555,319,71,29407,319,13.82,03 Mar 2021
47.83985899999986,11H 2M 32S,NA,NA,NA,NA,NA,NA,NA,NA,NA,NA,NA,NA,39752,Wed,Mar,03,2021,NA,NA,NA,NA,224,278,69,ECOV2-B00206,1368,481,89,29269,481,277,68,29334,277,484,90,28524,484,318,69,29418,318,13.83,03 Mar 2021
44.37905499999965,11H 2M 41S,NA,NA,NA,NA,NA,NA,NA,NA,NA,NA,NA,NA,39761,Wed,Mar,03,2021,NA,NA,NA,NA,232,278,74,ECOV2-B00206,1377,685,109,29271,685,269,67,29325,269,541,94,28536,541,319,70,29419,319,13.83,03 Mar 2021
40.48903699999974,11H 2M 50S,NA,NA,NA,NA,NA,NA,NA,NA,NA,NA,NA,NA,39770,Wed,Mar,03,2021,NA,NA,NA,NA,218,272,67,ECOV2-B00206,1386,455,86,29266,455,262,67,29313,262,480,88,28523,480,320,68,29411,320,13.83,03 Mar 2021
36.742187999999764,11H 2M 58S,NA,NA,NA,NA,NA,NA,NA,NA,NA,NA,NA,NA,39778,Wed,Mar,03,2021,NA,NA,NA,NA,226,281,72,ECOV2-B00206,1394,569,98,29254,569,283,68,29318,283,NA,NA,NA,NA,NA,NA,NA,NA,NA,03 Mar 2021
32.027324999999564,11H 3M 7S,NA,NA,NA,NA,NA,NA,NA,NA,NA,NA,NA,NA,39787,Wed,Mar,03,2021,NA,NA,NA,NA,246,315,72,ECOV2-B00206,1403,528,94,29264,528,275,67,29320,275,577,99,28520,577,320,71,29400,320,13.83,03 Mar 2021
27.830147999999607,11H 3M 15S,NA,NA,NA,NA,NA,NA,NA,NA,NA,NA,NA,NA,39795,Wed,Mar,03,2021,NA,NA,NA,NA,243,317,74,ECOV2-B00206,1411,656,104,29234,656,279,69,29290,279,635,103,28493,635,318,70,29376,318,13.83,03 Mar 2021
22.513995999999665,11H 3M 24S,NA,NA,NA,NA,NA,NA,NA,NA,NA,NA,NA,NA,39804,Wed,Mar,03,2021,NA,NA,NA,NA,267,330,73,ECOV2-B00206,1421,584,99,29225,584,286,69,29298,286,609,101,28497,609,321,70,29373,321,13.84,03 Mar 2021
17.660459999999528,11H 3M 33S,NA,NA,NA,NA,NA,NA,NA,NA,NA,NA,NA,NA,39813,Wed,Mar,03,2021,NA,NA,NA,NA,302,356,74,ECOV2-B00206,1430,689,108,29222,689,283,68,29288,283,652,105,28482,652,318,69,29367,318,13.84,03 Mar 2021
11.861138999999653,11H 3M 43S,NA,NA,NA,NA,NA,NA,NA,NA,NA,NA,NA,NA,39823,Wed,Mar,03,2021,NA,NA,NA,NA,293,368,82,ECOV2-B00206,1440,568,97,29213,568,283,68,29273,283,635,102,28472,635,318,70,29364,318,13.83,03 Mar 2021
11.861138999999653,11H 3M 43S,NA,NA,NA,NA,NA,NA,NA,NA,NA,NA,NA,NA,39823,Wed,Mar,03,2021,NA,NA,NA,NA,97,568,68,ECOV2-B00206,1440,568,97,29213,568,283,68,29273,283,635,102,28472,635,318,70,29364,318,13.83,03 Mar 2021
8.977648999999852,11H 3M 52S,NA,NA,NA,NA,NA,NA,NA,NA,NA,NA,NA,NA,39832,Wed,Mar,03,2021,NA,NA,NA,NA,323,397,86,ECOV2-B00206,1449,697,109,29214,697,290,70,29279,290,630,105,28469,630,326,71,29362,326,13.83,03 Mar 2021
7.164196999999716,11H 4M 1S,NA,NA,NA,NA,NA,NA,NA,NA,NA,NA,NA,NA,39841,Wed,Mar,03,2021,NA,NA,NA,NA,285,334,82,ECOV2-B00206,1458,403,NA,NA,NA,NA,NA,NA,NA,NA,NA,NA,NA,NA,NA,NA,NA,NA,03 Mar 2021
4.7573389999997815,11H 4M 10S,NA,NA,NA,NA,NA,NA,NA,NA,NA,NA,NA,NA,39850,Wed,Mar,03,2021,NA,NA,NA,NA,353,435,88,ECOV2-B00206,1467,378,77,29208,378,306,72,29269,306,372,77,28457,372,314,69,29347,314,13.83,03 Mar 2021
2.2455139999998934,11H 4M 18S,NA,NA,NA,NA,NA,NA,NA,NA,NA,NA,NA,NA,39858,Wed,Mar,03,2021,NA,NA,NA,NA,268,318,79,ECOV2-B00206,1475,386,78,29194,386,263,67,29271,263,357,76,28445,357,319,69,29363,319,13.82,03 Mar 2021
